Transacao_ID,Conta_Origem_ID,Conta_Destino_ID,Tipo_Transacao_ID,Valor,Data_Hora
1,220,288,1,3046.93,2025-05-17T00:11:00
2,140,159,3,1758.36,2025-04-03T04:36:00
3,206,36,2,3706.14,2025-01-16T02:47:00
4,272,111,4,2102.06,2025-06-24T05:23:00
5,160,167,1,4417.29,2025-03-21T05:48:00
6,26,42,3,2218.35,2025-08-06T15:38:00
7,227,213,3,1081.77,2025-09-20T03:22:00
8,221,57,3,3392.7,2025-09-07T16:42:00
9,158,24,2,1979.34,2025-01-29T00:13:00
10,155,109,2,3821.98,2025-05-29T10:07:00
11,4,255,4,882.6,2025-07-14T17:45:00
12,118,257,3,365.02,2025-01-22T13:01:00
13,236,40,3,2880.92,2025-10-21T12:45:00
14,214,149,1,2028.14,2025-06-16T05:51:00
15,236,186,1,2186.38,2025-02-24T07:27:00
16,206,269,1,1981.85,2025-06-08T23:21:00
17,114,171,2,386.51,2025-02-28T16:32:00
18,100,179,3,3638.26,2025-03-17T07:06:00
19,75,132,2,871.63,2025-03-20T20:04:00
20,91,253,4,3773.46,2025-10-24T14:43:00
21,290,166,3,759.03,2025-02-04T15:28:00
22,156,141,1,1762.95,2025-02-07T09:29:00
23,232,20,1,1846.84,2025-05-27T02:41:00
24,47,260,4,2316.24,2025-10-11T23:57:00
25,22,231,2,1611.03,2025-09-01T16:09:00
26,32,231,1,4055.78,2025-06-25T22:05:00
27,259,89,1,1242.48,2025-08-13T14:33:00
28,268,82,3,1867.4,2025-05-25T12:26:00
29,174,27,3,334.23,2025-02-18T17:43:00
30,198,146,3,3620.05,2025-03-18T10:05:00
31,299,73,3,1554.61,2025-07-20T04:38:00
32,44,159,4,3219.25,2025-06-18T04:42:00
33,270,48,4,2544.9,2025-01-10T11:19:00
34,93,110,3,4738.6,2025-09-06T06:14:00
35,71,80,1,1482.48,2025-02-21T16:49:00
36,277,270,1,3311.34,2025-03-09T19:24:00
37,79,84,2,4157.57,2025-03-26T23:28:00
38,23,211,3,3383.43,2025-05-02T14:39:00
39,146,230,2,2672.39,2025-06-08T15:57:00
40,100,189,4,2311.09,2025-05-25T12:32:00
41,271,215,2,4085.37,2025-03-12T08:03:00
42,247,191,1,3558.45,2025-09-22T03:18:00
43,43,83,3,2249.35,2025-09-20T04:53:00
44,224,47,2,4084.43,2025-06-28T00:26:00
45,28,203,3,1182.71,2025-02-11T11:14:00
46,15,164,1,4196.69,2025-06-21T04:08:00
47,20,147,4,3481.88,2025-03-13T22:30:00
48,230,3,1,99.92,2025-04-21T04:35:00
49,271,217,1,3881.98,2025-05-02T09:07:00
50,25,123,4,3196.56,2025-08-23T02:07:00
51,256,275,1,3161.61,2025-10-22T07:45:00
52,74,150,4,12.81,2025-06-30T07:36:00
53,214,96,1,2619.81,2025-07-04T02:33:00
54,279,260,1,1955.32,2025-08-29T01:40:00
55,199,192,3,3737.85,2025-07-02T02:22:00
56,124,54,3,671.38,2025-06-30T17:21:00
57,90,238,4,3160.52,2025-03-11T02:45:00
58,235,19,3,1011.95,2025-04-13T01:20:00
59,159,264,4,4945.67,2025-10-06T15:16:00
60,19,98,3,1788.09,2025-01-25T20:21:00
61,140,64,3,2187.57,2025-07-24T23:28:00
62,198,174,2,2483.54,2025-09-12T11:59:00
63,266,137,1,3636.77,2025-02-10T13:38:00
64,93,280,3,1609.45,2025-02-10T10:42:00
65,152,157,4,3015.1,2025-08-07T05:44:00
66,228,180,4,216.56,2025-06-30T19:27:00
67,141,30,1,3357.56,2025-07-27T11:32:00
68,82,16,2,4244.1,2025-08-13T01:08:00
69,35,121,3,1813.94,2025-10-18T01:38:00
70,79,231,3,1863.21,2025-02-09T18:08:00
71,272,188,4,1575.36,2025-05-23T07:07:00
72,14,96,4,2591.14,2025-10-15T03:16:00
73,134,229,2,4981.84,2025-05-27T22:58:00
74,252,103,1,682.96,2025-02-07T14:11:00
75,228,45,3,3340.86,2025-02-03T17:34:00
76,149,154,2,3560.49,2025-03-31T11:32:00
77,115,63,2,3961.37,2025-05-02T15:01:00
78,185,284,3,2339.69,2025-10-10T04:39:00
79,45,34,3,1993.81,2025-09-03T16:26:00
80,210,295,1,631.01,2025-06-12T20:04:00
81,231,239,3,646.03,2025-10-10T20:37:00
82,94,67,4,2516.8,2025-01-29T03:33:00
83,79,156,2,814.02,2025-04-26T11:33:00
84,146,41,3,985.53,2025-10-10T08:08:00
85,156,274,1,2515.35,2025-03-28T18:37:00
86,79,88,3,4213.44,2025-10-16T01:52:00
87,15,42,1,4742.99,2025-10-23T08:41:00
88,108,293,4,3092.45,2025-01-16T15:56:00
89,280,149,3,2417.31,2025-07-27T09:29:00
90,38,31,2,2200.83,2025-09-05T14:13:00
91,175,74,3,4308.12,2025-06-13T23:55:00
92,177,205,2,3804.52,2025-09-21T17:06:00
93,164,124,4,617.0,2025-08-19T07:09:00
94,50,26,3,4727.2,2025-08-03T07:55:00
95,82,168,3,953.22,2025-03-23T15:32:00
96,240,256,3,2489.36,2025-02-16T12:32:00
97,235,124,2,2918.8,2025-01-25T01:18:00
98,254,241,3,2685.77,2025-02-25T13:08:00
99,136,188,4,1832.86,2025-07-25T01:36:00
100,288,100,3,2768.35,2025-02-07T12:32:00
101,231,282,3,4127.43,2025-03-02T04:06:00
102,202,192,3,2791.37,2025-07-07T04:12:00
103,261,206,1,231.29,2025-03-12T22:21:00
104,243,266,4,748.96,2025-09-21T04:20:00
105,164,84,4,4953.13,2025-06-03T18:21:00
106,260,261,4,3545.16,2025-06-03T15:52:00
107,9,189,3,3370.66,2025-08-02T18:19:00
108,14,243,3,4835.52,2025-10-24T18:14:00
109,27,299,4,856.71,2025-07-14T04:52:00
110,125,17,1,957.97,2025-08-14T10:26:00
111,78,212,2,2054.84,2025-08-30T23:46:00
112,32,71,2,2806.63,2025-09-02T16:24:00
113,161,89,4,4561.06,2025-06-25T17:22:00
114,136,248,2,4786.9,2025-05-23T17:19:00
115,116,153,3,3525.98,2025-09-08T10:30:00
116,179,287,3,1442.51,2025-10-21T21:34:00
117,195,203,3,4773.27,2025-03-16T09:02:00
118,148,41,3,4620.43,2025-05-12T23:30:00
119,110,104,3,4665.45,2025-05-20T04:06:00
120,123,125,1,3350.82,2025-09-29T07:40:00
121,120,27,1,2069.44,2025-08-30T03:43:00
122,71,3,2,2037.5,2025-09-01T15:41:00
123,103,148,3,1430.65,2025-01-31T02:41:00
124,294,119,1,4566.58,2025-03-31T13:56:00
125,91,19,4,3940.86,2025-04-06T23:55:00
126,149,20,1,1495.47,2025-02-24T10:18:00
127,233,279,4,4446.85,2025-03-10T16:29:00
128,140,99,1,1656.77,2025-08-23T20:16:00
129,96,8,3,3954.88,2025-10-18T21:48:00
130,99,90,4,4135.81,2025-09-21T10:05:00
131,206,49,2,4908.52,2025-09-02T10:59:00
132,128,4,3,1920.95,2025-08-17T08:21:00
133,155,299,1,1311.46,2025-07-04T22:15:00
134,32,61,4,1537.5,2025-07-27T21:32:00
135,160,61,3,1840.88,2025-04-24T07:08:00
136,245,79,4,3739.94,2025-07-11T13:44:00
137,282,242,2,3810.49,2025-02-11T16:28:00
138,271,186,1,4586.64,2025-02-27T01:53:00
139,281,259,2,2865.64,2025-03-18T05:20:00
140,267,227,1,3403.07,2025-10-26T15:05:00
141,262,229,1,2269.89,2025-09-20T13:29:00
142,289,30,4,3365.47,2025-06-07T23:01:00
143,203,131,1,3730.29,2025-10-24T02:02:00
144,217,177,1,2708.11,2025-01-31T02:59:00
145,242,17,3,2047.29,2025-03-11T20:46:00
146,216,192,4,2245.44,2025-07-13T12:05:00
147,277,69,3,597.57,2025-10-03T12:33:00
148,66,115,1,3782.12,2025-06-02T14:43:00
149,279,218,4,4117.69,2025-05-07T14:22:00
150,80,142,2,4687.36,2025-02-27T01:51:00
151,215,9,2,1034.38,2025-02-21T19:02:00
152,229,25,2,3704.0,2025-07-25T14:14:00
153,277,112,1,704.98,2025-05-29T07:52:00
154,295,164,3,1188.34,2025-03-15T21:33:00
155,114,212,3,1379.39,2025-10-13T18:56:00
156,90,219,4,239.19,2025-06-26T20:42:00
157,196,269,3,3483.06,2025-07-29T04:19:00
158,193,95,4,1208.64,2025-04-26T09:54:00
159,74,238,1,2814.12,2025-08-02T17:33:00
160,69,199,2,1278.7,2025-06-19T20:05:00
161,231,190,1,2680.5,2025-04-08T01:17:00
162,194,21,1,944.88,2025-10-28T23:42:00
163,287,112,4,1048.4,2025-06-20T09:58:00
164,8,109,2,4810.58,2025-03-02T23:48:00
165,246,125,2,1986.18,2025-05-03T17:20:00
166,145,195,4,2670.58,2025-07-03T09:16:00
167,185,263,4,2332.69,2025-08-29T10:58:00
168,105,190,3,2072.58,2025-10-16T07:47:00
169,75,9,3,2768.79,2025-10-27T18:46:00
170,214,152,2,984.98,2025-04-28T12:36:00
171,126,256,3,1290.35,2025-09-08T23:41:00
172,252,236,2,3665.2,2025-06-30T05:08:00
173,280,251,2,4584.91,2025-10-05T20:03:00
174,269,18,1,4726.21,2025-01-25T00:26:00
175,71,119,1,3537.31,2025-01-05T06:32:00
176,234,192,1,3091.09,2025-09-05T21:31:00
177,9,4,4,64.2,2025-09-29T23:17:00
178,275,147,1,2513.57,2025-08-09T05:06:00
179,50,269,2,1208.64,2025-09-27T08:52:00
180,182,137,4,399.7,2025-07-27T14:36:00
181,125,116,3,3421.79,2025-02-11T20:54:00
182,17,48,4,1899.42,2025-10-10T15:03:00
183,5,88,1,2501.79,2025-08-11T20:50:00
184,170,290,1,4474.48,2025-01-22T07:13:00
185,291,244,3,237.58,2025-02-08T21:59:00
186,144,279,1,900.88,2025-06-11T00:13:00
187,74,204,1,1499.89,2025-10-16T07:36:00
188,200,277,3,1922.31,2025-03-13T22:46:00
189,41,257,3,273.21,2025-08-12T07:53:00
190,39,175,4,4844.76,2025-06-17T00:40:00
191,140,231,4,1144.55,2025-10-11T12:27:00
192,96,300,4,433.04,2025-06-01T07:45:00
193,38,43,3,775.33,2025-03-20T23:24:00
194,163,185,1,462.14,2025-06-07T14:23:00
195,139,53,2,441.05,2025-08-09T14:35:00
196,285,263,4,520.95,2025-02-15T11:35:00
197,48,167,4,66.64,2025-07-31T12:49:00
198,44,287,2,2861.94,2025-03-28T21:24:00
199,87,72,3,1509.15,2025-09-10T04:04:00
200,86,223,3,2108.41,2025-09-05T02:23:00
201,129,127,4,2971.06,2025-04-11T14:06:00
202,70,156,1,4744.37,2025-06-20T19:24:00
203,169,226,3,2155.93,2025-03-11T09:20:00
204,103,246,3,892.3,2025-07-23T10:18:00
205,252,295,2,1632.8,2025-05-24T12:23:00
206,59,289,2,2963.17,2025-10-07T05:43:00
207,282,14,4,4715.16,2025-04-18T14:51:00
208,150,36,4,3366.52,2025-03-13T20:19:00
209,124,130,2,3577.61,2025-07-13T02:28:00
210,246,299,4,2674.17,2025-08-03T17:02:00
211,185,275,1,551.3,2025-05-08T21:42:00
212,182,86,1,2818.29,2025-07-24T10:50:00
213,221,55,1,497.54,2025-04-24T16:47:00
214,266,286,2,2231.66,2025-07-20T14:49:00
215,257,78,3,4988.53,2025-09-05T03:18:00
216,213,44,1,4157.43,2025-03-14T11:19:00
217,176,234,2,2607.97,2025-06-28T15:06:00
218,225,232,3,340.54,2025-01-23T22:07:00
219,12,176,1,3387.31,2025-03-26T23:15:00
220,265,90,2,1658.29,2025-08-07T14:14:00
221,208,95,2,3204.19,2025-08-10T12:01:00
222,102,231,4,1947.23,2025-04-20T06:17:00
223,33,296,1,3998.51,2025-10-02T05:23:00
224,167,101,4,574.21,2025-09-08T16:40:00
225,161,199,4,2937.09,2025-06-28T11:54:00
226,235,89,3,4593.82,2025-02-13T21:08:00
227,161,61,2,1530.37,2025-04-04T11:44:00
228,73,262,4,2094.1,2025-03-12T18:24:00
229,217,96,4,3179.33,2025-03-30T17:10:00
230,251,148,2,939.56,2025-08-19T19:03:00
231,184,5,4,686.99,2025-07-16T17:32:00
232,254,210,4,2081.07,2025-08-16T15:10:00
233,43,290,1,3980.43,2025-04-23T09:02:00
234,141,116,3,845.2,2025-08-23T18:47:00
235,254,282,1,2865.71,2025-05-18T17:52:00
236,188,278,1,3801.22,2025-08-14T17:13:00
237,218,53,2,1492.06,2025-01-17T14:16:00
238,179,45,4,4327.13,2025-03-02T07:13:00
239,180,220,2,3082.68,2025-04-16T06:51:00
240,31,292,3,2663.74,2025-10-03T05:20:00
241,150,149,3,4762.22,2025-09-21T21:52:00
242,49,70,4,4594.25,2025-05-22T20:08:00
243,68,128,2,3558.42,2025-05-07T21:25:00
244,251,73,3,3140.93,2025-07-12T14:04:00
245,48,207,3,3475.04,2025-07-08T14:31:00
246,168,298,1,4345.19,2025-02-17T23:29:00
247,184,33,4,1093.06,2025-08-08T06:31:00
248,138,166,3,1692.09,2025-10-23T04:36:00
249,249,176,1,234.48,2025-08-24T00:07:00
250,81,226,4,8.38,2025-08-08T06:44:00
251,68,155,2,4372.74,2025-05-21T02:41:00
252,185,129,1,1862.36,2025-03-26T01:25:00
253,157,120,4,3279.15,2025-02-18T00:13:00
254,245,40,2,2970.43,2025-09-23T21:28:00
255,5,176,1,4940.83,2025-08-05T22:08:00
256,245,37,2,1918.43,2025-02-22T03:20:00
257,189,154,2,1916.69,2025-03-10T20:43:00
258,74,36,1,3053.54,2025-03-26T14:22:00
259,110,78,4,3082.3,2025-08-15T06:05:00
260,52,72,1,2949.92,2025-07-16T11:27:00
261,162,72,2,1388.45,2025-02-13T07:35:00
262,146,14,3,1031.2,2025-09-18T06:47:00
263,201,152,1,3920.09,2025-05-03T15:24:00
264,58,124,4,3192.22,2025-02-06T16:56:00
265,7,185,3,664.25,2025-10-19T13:23:00
266,280,89,4,4772.49,2025-02-07T00:37:00
267,35,8,3,1082.64,2025-01-31T12:32:00
268,147,257,4,2120.76,2025-07-25T02:40:00
269,275,276,2,1390.95,2025-06-08T02:32:00
270,105,80,3,1956.7,2025-02-03T09:44:00
271,224,123,1,1226.18,2025-08-11T03:29:00
272,29,159,2,601.62,2025-03-12T22:00:00
273,84,255,3,2617.41,2025-05-13T05:23:00
274,65,138,1,3858.29,2025-01-16T10:51:00
275,220,140,1,1318.43,2025-10-23T20:04:00
276,255,234,3,281.92,2025-10-18T05:23:00
277,81,131,1,4471.87,2025-03-01T07:47:00
278,261,2,1,4294.15,2025-01-07T07:02:00
279,242,187,4,4601.53,2025-04-02T01:35:00
280,215,115,3,1245.07,2025-06-13T08:52:00
281,40,293,3,601.41,2025-01-27T05:14:00
282,265,24,4,349.29,2025-08-27T09:49:00
283,160,168,1,2767.69,2025-01-05T11:12:00
284,150,289,3,3699.18,2025-05-05T14:23:00
285,253,101,2,757.08,2025-07-29T00:14:00
286,278,178,1,4755.2,2025-01-01T21:24:00
287,158,54,2,2651.42,2025-05-02T13:31:00
288,31,73,3,469.67,2025-04-29T16:26:00
289,191,235,1,2905.95,2025-09-16T04:40:00
290,202,39,1,2177.74,2025-03-08T07:18:00
291,134,162,4,3505.12,2025-06-17T10:28:00
292,140,120,1,4718.06,2025-03-11T18:06:00
293,80,55,2,2250.59,2025-06-10T13:07:00
294,275,184,2,2262.33,2025-08-26T08:54:00
295,62,47,2,4038.95,2025-06-05T22:44:00
296,21,111,3,745.88,2025-05-08T11:25:00
297,263,26,3,1304.53,2025-03-31T00:25:00
298,232,285,2,478.15,2025-02-22T04:07:00
299,7,32,2,657.92,2025-07-25T11:43:00
300,44,299,3,4587.56,2025-02-08T00:04:00
301,102,228,2,464.43,2025-06-19T03:02:00
302,237,26,2,4621.04,2025-08-10T23:25:00
303,255,16,4,3417.65,2025-03-30T11:13:00
304,96,141,3,2232.83,2025-03-18T01:39:00
305,126,152,4,2062.9,2025-10-09T15:03:00
306,45,144,4,690.49,2025-04-13T20:56:00
307,270,128,1,4947.07,2025-07-03T15:34:00
308,249,177,3,1944.96,2025-04-03T00:20:00
309,113,16,3,297.66,2025-08-30T16:22:00
310,300,120,2,505.17,2025-05-04T08:34:00
311,29,113,4,1777.25,2025-03-30T05:15:00
312,163,184,1,3518.75,2025-06-30T18:36:00
313,73,289,2,4184.3,2025-09-10T17:19:00
314,90,252,1,455.84,2025-04-30T19:14:00
315,11,270,4,8.41,2025-04-14T04:21:00
316,91,166,1,114.45,2025-10-28T22:58:00
317,73,57,3,4802.99,2025-07-11T22:42:00
318,203,52,3,1512.32,2025-03-11T05:46:00
319,224,250,3,875.14,2025-10-15T22:56:00
320,183,115,2,1895.03,2025-05-31T04:11:00
321,1,294,4,4254.53,2025-10-18T01:11:00
322,163,114,1,4683.76,2025-03-14T10:47:00
323,40,122,3,4911.99,2025-03-27T20:56:00
324,46,172,4,61.92,2025-04-18T07:44:00
325,35,180,3,3936.16,2025-01-01T01:24:00
326,225,215,2,4423.34,2025-09-10T12:22:00
327,280,193,1,4144.89,2025-10-23T20:48:00
328,116,84,4,373.18,2025-01-18T09:01:00
329,164,134,1,375.63,2025-03-29T12:10:00
330,39,281,1,1693.06,2025-09-05T22:01:00
331,221,85,4,789.73,2025-02-21T10:13:00
332,98,210,3,3304.69,2025-06-02T07:06:00
333,26,202,4,772.18,2025-07-04T00:27:00
334,45,151,4,1002.38,2025-01-14T06:10:00
335,150,42,4,4219.63,2025-06-07T12:30:00
336,251,136,1,3211.12,2025-07-18T05:23:00
337,196,190,2,2231.65,2025-05-15T14:29:00
338,135,116,3,2823.41,2025-03-19T22:42:00
339,50,44,3,4041.86,2025-07-31T18:14:00
340,284,32,4,4092.93,2025-08-03T17:43:00
341,244,294,2,2383.93,2025-02-10T12:57:00
342,18,258,2,605.81,2025-08-18T05:10:00
343,109,99,2,218.17,2025-02-10T21:27:00
344,104,76,3,1602.15,2025-02-04T02:24:00
345,285,204,3,4283.84,2025-09-24T14:58:00
346,7,268,4,567.03,2025-03-18T04:36:00
347,299,52,1,2815.61,2025-02-21T09:55:00
348,275,177,4,1324.36,2025-09-06T18:38:00
349,243,20,2,1380.69,2025-03-15T19:38:00
350,206,20,4,4448.42,2025-06-19T22:15:00
351,26,244,3,4485.67,2025-01-11T10:52:00
352,156,160,3,4215.02,2025-02-20T07:08:00
353,154,227,3,1350.75,2025-08-02T19:41:00
354,46,97,4,1060.9,2025-07-28T23:31:00
355,265,192,1,2578.77,2025-03-23T02:19:00
356,260,207,2,3903.68,2025-09-26T18:01:00
357,89,99,2,4185.7,2025-05-08T01:29:00
358,26,185,2,1373.52,2025-08-26T16:25:00
359,64,16,2,1865.47,2025-08-17T05:55:00
360,243,283,3,1724.52,2025-05-13T23:53:00
361,47,146,1,1935.9,2025-03-25T18:49:00
362,110,114,2,3390.09,2025-05-18T20:26:00
363,263,11,1,2373.12,2025-03-09T20:11:00
364,5,115,3,3043.68,2025-06-06T22:45:00
365,141,217,4,4258.67,2025-08-24T08:13:00
366,239,155,4,2924.51,2025-01-04T16:42:00
367,192,288,3,1495.89,2025-02-25T15:04:00
368,173,142,3,4308.15,2025-05-14T20:45:00
369,153,97,2,2588.88,2025-05-04T01:51:00
370,207,164,2,3607.81,2025-09-12T09:16:00
371,215,208,4,3684.98,2025-10-26T22:36:00
372,98,176,2,3433.16,2025-09-01T21:22:00
373,260,154,2,4203.99,2025-10-13T05:18:00
374,50,242,2,3705.89,2025-10-14T05:43:00
375,172,46,2,1779.64,2025-06-07T13:50:00
376,170,191,3,2929.93,2025-08-26T03:30:00
377,28,299,1,2363.74,2025-04-10T16:07:00
378,196,272,3,2068.47,2025-03-19T04:12:00
379,176,210,4,720.4,2025-04-03T02:31:00
380,171,91,3,3174.32,2025-01-03T14:17:00
381,108,87,2,2450.44,2025-02-15T04:39:00
382,223,220,4,2147.98,2025-09-02T12:00:00
383,20,274,2,3654.64,2025-01-08T10:48:00
384,272,98,1,3385.36,2025-05-08T07:44:00
385,177,160,2,518.03,2025-09-15T18:19:00
386,86,34,1,1494.52,2025-05-29T14:46:00
387,267,269,3,2171.16,2025-03-10T10:57:00
388,251,184,2,828.59,2025-07-26T00:14:00
389,115,68,2,3671.71,2025-09-16T05:07:00
390,188,20,4,4383.34,2025-05-11T17:39:00
391,25,56,1,245.93,2025-03-01T13:28:00
392,195,64,3,2374.61,2025-03-20T06:44:00
393,5,155,4,3310.01,2025-09-24T08:39:00
394,71,215,1,2560.37,2025-03-02T09:07:00
395,55,255,2,3046.96,2025-05-15T16:12:00
396,184,210,3,806.07,2025-10-08T15:58:00
397,107,247,3,1176.35,2025-01-07T21:05:00
398,57,294,4,749.98,2025-02-16T16:04:00
399,52,132,2,2286.47,2025-06-01T08:29:00
400,26,52,2,4371.33,2025-05-29T11:51:00
401,161,219,1,479.52,2025-01-24T00:54:00
402,71,88,3,1790.85,2025-08-13T19:17:00
403,48,191,3,918.43,2025-07-25T12:29:00
404,140,198,4,4000.5,2025-03-27T03:08:00
405,31,82,1,2083.06,2025-09-05T18:43:00
406,225,93,4,3896.93,2025-01-15T21:56:00
407,67,248,4,569.12,2025-07-30T14:02:00
408,33,134,3,66.74,2025-09-26T23:36:00
409,290,115,3,2597.9,2025-02-18T13:42:00
410,128,247,3,3320.23,2025-07-17T04:53:00
411,286,28,1,3218.78,2025-03-22T16:54:00
412,241,254,2,378.95,2025-09-09T10:15:00
413,170,143,1,2537.11,2025-10-09T20:24:00
414,207,121,1,2298.18,2025-10-21T14:05:00
415,256,229,3,597.94,2025-09-12T23:41:00
416,10,53,4,2064.63,2025-10-13T17:00:00
417,47,156,2,3274.71,2025-08-22T10:23:00
418,28,115,4,1663.2,2025-08-31T22:42:00
419,187,232,1,491.7,2025-04-24T00:21:00
420,182,150,3,3511.97,2025-01-24T05:31:00
421,72,210,1,1275.18,2025-04-11T06:07:00
422,202,111,4,4123.65,2025-04-08T22:21:00
423,56,213,1,4633.5,2025-03-05T14:29:00
424,259,69,4,26.67,2025-01-25T17:59:00
425,222,300,4,4622.23,2025-04-01T22:37:00
426,89,66,1,1940.09,2025-06-14T16:56:00
427,197,215,2,1371.61,2025-06-25T09:28:00
428,69,71,4,3014.61,2025-09-20T09:53:00
429,281,161,2,1008.44,2025-05-29T21:22:00
430,68,92,3,3553.21,2025-06-30T17:30:00
431,299,293,4,3372.85,2025-10-01T09:56:00
432,217,7,1,131.23,2025-03-16T01:42:00
433,29,103,3,3752.17,2025-03-24T09:43:00
434,129,75,1,3454.52,2025-06-01T06:48:00
435,278,17,3,4071.06,2025-02-22T19:55:00
436,288,115,4,1191.79,2025-05-28T22:42:00
437,25,196,4,2085.75,2025-06-10T17:03:00
438,7,129,2,3104.71,2025-08-15T07:58:00
439,189,280,2,3881.85,2025-04-10T09:28:00
440,91,39,2,4812.56,2025-09-21T03:24:00
441,21,220,3,2785.21,2025-03-08T05:37:00
442,131,3,3,2334.33,2025-03-21T01:09:00
443,166,27,3,2455.3,2025-10-21T17:22:00
444,38,163,2,4785.15,2025-09-24T02:50:00
445,259,82,4,2717.69,2025-07-26T02:22:00
446,114,110,3,1658.68,2025-05-31T06:48:00
447,272,244,1,578.04,2025-06-27T14:15:00
448,125,21,3,1909.96,2025-02-28T12:16:00
449,277,145,1,4557.12,2025-07-11T16:51:00
450,261,229,4,224.04,2025-04-09T10:32:00
451,43,50,2,4858.29,2025-10-03T17:00:00
452,34,108,2,4325.43,2025-08-06T03:13:00
453,276,223,1,3735.72,2025-03-20T00:29:00
454,170,20,1,370.87,2025-04-02T08:35:00
455,37,295,2,4555.38,2025-07-28T12:28:00
456,208,222,3,89.37,2025-03-02T17:00:00
457,33,300,1,3505.91,2025-02-07T11:59:00
458,258,55,3,3935.53,2025-06-04T19:05:00
459,145,225,4,1978.59,2025-01-16T15:10:00
460,274,113,2,3735.04,2025-10-07T09:40:00
461,74,153,3,4787.17,2025-01-06T17:55:00
462,285,73,1,213.66,2025-10-21T19:25:00
463,276,281,1,1526.93,2025-06-26T06:26:00
464,263,73,2,924.04,2025-05-10T06:07:00
465,93,291,1,4257.68,2025-10-09T14:41:00
466,282,38,3,3360.07,2025-05-09T03:12:00
467,298,250,3,1788.91,2025-05-01T03:18:00
468,36,100,3,2431.88,2025-06-18T19:42:00
469,157,300,2,2829.93,2025-07-06T10:27:00
470,87,3,3,1234.64,2025-04-24T22:47:00
471,224,142,3,675.86,2025-06-19T15:29:00
472,229,184,3,2437.42,2025-02-25T05:41:00
473,42,144,2,4457.03,2025-04-11T08:46:00
474,40,39,1,4248.69,2025-01-16T18:37:00
475,208,109,1,2760.21,2025-10-06T17:30:00
476,77,188,4,1120.42,2025-05-29T04:29:00
477,257,262,1,1986.94,2025-09-15T00:42:00
478,123,85,2,2233.87,2025-04-02T18:36:00
479,75,248,3,206.9,2025-09-07T07:04:00
480,136,190,2,218.83,2025-04-16T16:58:00
481,185,199,4,4589.92,2025-01-24T01:41:00
482,166,53,3,4175.19,2025-05-15T18:34:00
483,292,90,4,3270.11,2025-07-07T18:41:00
484,40,265,3,1884.76,2025-04-25T16:25:00
485,181,177,4,3964.32,2025-01-04T16:56:00
486,72,226,2,1153.8,2025-09-21T20:17:00
487,109,77,2,791.0,2025-03-02T21:14:00
488,213,170,1,2410.18,2025-09-03T15:13:00
489,83,211,1,1222.13,2025-03-07T18:37:00
490,83,69,1,4454.53,2025-03-17T01:10:00
491,133,93,4,2998.79,2025-10-16T20:01:00
492,146,44,2,2248.77,2025-08-30T15:10:00
493,113,211,2,3974.11,2025-04-04T19:42:00
494,262,136,2,3622.31,2025-06-25T14:38:00
495,36,118,4,1930.38,2025-02-25T00:12:00
496,268,259,4,4133.44,2025-02-19T05:30:00
497,20,273,1,470.48,2025-03-08T19:34:00
498,1,221,4,1855.04,2025-01-23T22:33:00
499,220,118,4,3948.83,2025-07-15T11:37:00
500,295,51,4,673.75,2025-09-02T07:58:00
501,43,146,4,1292.74,2025-01-03T22:47:00
502,4,296,1,2601.21,2025-07-12T20:13:00
503,162,210,3,537.38,2025-08-07T20:37:00
504,130,134,4,2825.53,2025-05-22T21:25:00
505,105,212,4,897.7,2025-10-14T17:30:00
506,130,158,3,3872.1,2025-07-23T23:08:00
507,61,118,4,3916.63,2025-03-24T03:13:00
508,261,206,3,4005.26,2025-01-27T05:24:00
509,3,47,2,2360.98,2025-08-11T02:04:00
510,135,114,3,404.8,2025-01-20T23:24:00
511,206,267,3,3559.47,2025-01-30T05:40:00
512,254,225,1,1012.53,2025-09-23T09:12:00
513,18,262,2,3077.87,2025-01-19T11:15:00
514,1,81,1,4984.1,2025-07-24T11:42:00
515,203,208,2,2591.12,2025-02-05T02:35:00
516,146,287,3,1740.64,2025-05-22T07:38:00
517,100,233,4,2876.66,2025-05-14T05:26:00
518,260,55,1,2518.33,2025-06-24T03:51:00
519,263,132,3,3472.49,2025-07-13T18:30:00
520,125,174,4,3409.57,2025-10-28T00:30:00
521,60,133,1,1916.45,2025-04-23T21:44:00
522,118,162,4,4777.45,2025-09-22T17:00:00
523,135,128,3,469.58,2025-06-25T02:35:00
524,92,244,3,1770.92,2025-10-21T08:11:00
525,98,256,2,1178.13,2025-05-04T08:13:00
526,118,104,2,4182.49,2025-07-02T04:49:00
527,55,62,1,3380.68,2025-09-10T19:00:00
528,278,22,4,1859.13,2025-06-11T15:57:00
529,295,141,4,918.44,2025-09-19T08:25:00
530,114,296,2,275.47,2025-08-05T15:34:00
531,17,258,3,1971.62,2025-03-31T14:07:00
532,266,236,3,3447.61,2025-01-07T21:13:00
533,195,298,1,1630.55,2025-05-13T05:35:00
534,135,122,3,2359.37,2025-06-25T11:11:00
535,256,218,2,2098.37,2025-07-10T11:54:00
536,206,144,4,903.55,2025-03-09T18:43:00
537,118,52,3,4021.42,2025-10-12T13:54:00
538,196,101,2,4001.19,2025-03-18T15:51:00
539,5,91,4,2500.49,2025-09-22T17:46:00
540,162,250,3,1258.62,2025-10-18T01:25:00
541,51,84,1,1081.26,2025-05-11T15:53:00
542,50,231,3,1302.55,2025-07-04T17:35:00
543,132,177,1,2061.75,2025-06-29T21:38:00
544,102,296,2,4896.97,2025-05-26T11:20:00
545,262,250,4,4448.71,2025-07-15T19:18:00
546,238,75,2,3204.7,2025-06-22T13:40:00
547,293,208,1,400.16,2025-06-25T07:20:00
548,163,150,3,3028.9,2025-07-22T08:56:00
549,228,186,4,2072.88,2025-04-05T00:08:00
550,121,129,1,1056.8,2025-07-23T03:06:00
551,33,243,1,136.69,2025-07-23T16:48:00
552,43,54,3,3092.42,2025-02-13T20:59:00
553,200,159,2,1240.75,2025-05-26T14:40:00
554,65,68,2,147.71,2025-07-02T10:55:00
555,244,240,3,2744.98,2025-03-11T22:34:00
556,91,234,4,2619.68,2025-10-01T09:58:00
557,178,247,2,4024.52,2025-08-15T09:23:00
558,212,134,2,1521.35,2025-01-01T16:52:00
559,70,177,3,2348.64,2025-01-05T22:59:00
560,252,245,3,50.62,2025-08-09T09:38:00
561,119,4,3,946.91,2025-10-15T13:25:00
562,128,84,4,4142.99,2025-04-23T08:05:00
563,217,123,3,1426.96,2025-09-30T08:26:00
564,97,36,2,687.44,2025-02-26T20:29:00
565,232,140,4,943.01,2025-01-10T04:03:00
566,274,12,2,4861.8,2025-05-25T08:08:00
567,225,5,2,455.53,2025-01-08T15:13:00
568,176,216,3,3929.7,2025-09-13T11:29:00
569,17,170,1,4218.51,2025-03-16T01:17:00
570,201,37,4,912.11,2025-05-09T12:53:00
571,7,63,2,1927.07,2025-08-15T07:47:00
572,18,102,4,3677.94,2025-02-18T16:42:00
573,107,243,4,3408.8,2025-06-09T10:10:00
574,22,282,1,1270.3,2025-06-02T06:23:00
575,27,112,1,1183.65,2025-08-11T10:00:00
576,86,142,1,1982.06,2025-05-05T00:02:00
577,298,244,2,1860.14,2025-02-15T07:10:00
578,256,47,3,4654.59,2025-01-31T01:22:00
579,79,275,1,633.51,2025-04-30T10:35:00
580,178,225,2,111.66,2025-07-13T11:46:00
581,69,129,1,2429.08,2025-08-13T17:18:00
582,278,251,2,2835.68,2025-10-06T11:20:00
583,240,141,2,349.04,2025-03-21T14:18:00
584,135,278,3,2273.12,2025-09-17T12:46:00
585,95,10,3,3881.2,2025-05-03T10:46:00
586,33,276,4,953.4,2025-09-12T17:09:00
587,145,166,4,3206.32,2025-02-26T03:33:00
588,35,23,2,897.3,2025-01-17T06:06:00
589,249,99,1,163.93,2025-07-18T21:31:00
590,270,132,1,1834.94,2025-02-06T00:59:00
591,107,252,1,2342.96,2025-02-01T11:35:00
592,213,189,1,4119.1,2025-05-17T16:02:00
593,37,156,1,4723.29,2025-09-23T03:06:00
594,119,273,4,951.35,2025-09-27T21:15:00
595,292,92,4,3731.81,2025-10-23T11:43:00
596,235,219,1,838.21,2025-04-03T17:25:00
597,259,173,2,2671.83,2025-08-15T11:57:00
598,162,282,3,4225.05,2025-07-31T20:27:00
599,166,124,2,1878.44,2025-10-09T23:16:00
600,185,232,4,4799.32,2025-01-01T23:02:00
601,146,9,2,4967.09,2025-06-04T00:19:00
602,114,110,3,113.4,2025-05-22T17:32:00
603,285,293,2,475.96,2025-08-24T11:09:00
604,71,136,3,4448.68,2025-05-08T07:16:00
605,154,48,4,2847.48,2025-04-22T23:04:00
606,167,248,2,2443.94,2025-10-23T03:38:00
607,154,20,4,396.99,2025-01-29T10:22:00
608,223,214,1,4349.58,2025-04-27T23:41:00
609,6,196,1,1527.39,2025-01-22T10:34:00
610,290,77,3,2514.5,2025-04-24T04:03:00
611,202,229,1,1114.32,2025-05-29T12:09:00
612,68,173,1,2381.89,2025-01-26T17:25:00
613,135,44,4,2511.61,2025-03-08T04:30:00
614,287,102,4,1979.62,2025-10-20T06:35:00
615,269,127,2,362.86,2025-08-09T10:43:00
616,295,46,1,3360.38,2025-08-05T11:22:00
617,98,165,3,2971.42,2025-01-13T09:10:00
618,180,227,2,2205.11,2025-04-30T06:43:00
619,192,80,1,566.3,2025-01-28T07:39:00
620,76,148,1,1719.64,2025-02-26T09:28:00
621,242,12,3,1049.0,2025-10-03T06:13:00
622,280,268,3,2746.26,2025-03-14T22:44:00
623,10,193,1,1281.0,2025-01-31T09:12:00
624,139,28,4,3275.52,2025-01-05T02:24:00
625,139,185,1,100.3,2025-07-17T07:24:00
626,261,51,3,2425.89,2025-09-30T02:11:00
627,102,257,4,2805.63,2025-01-12T01:15:00
628,272,157,3,2452.21,2025-03-22T00:22:00
629,181,182,3,1184.84,2025-09-14T08:51:00
630,32,132,4,4452.56,2025-01-16T17:17:00
631,116,78,3,4486.39,2025-03-12T02:46:00
632,196,267,2,2089.58,2025-10-21T04:27:00
633,160,169,4,2713.46,2025-04-16T20:08:00
634,298,278,2,4313.63,2025-06-08T22:45:00
635,269,70,4,4978.45,2025-03-16T20:59:00
636,290,81,3,343.73,2025-09-30T23:07:00
637,95,163,2,3636.76,2025-06-13T13:26:00
638,156,227,3,764.03,2025-04-07T03:08:00
639,95,14,3,3029.99,2025-04-29T19:14:00
640,119,14,3,401.98,2025-09-02T04:32:00
641,241,192,2,4261.39,2025-09-09T15:08:00
642,84,99,2,165.99,2025-01-08T08:26:00
643,114,104,2,335.35,2025-08-13T19:31:00
644,167,235,2,2140.64,2025-01-22T19:47:00
645,195,161,4,3059.47,2025-10-20T19:34:00
646,269,20,1,2260.79,2025-01-22T07:33:00
647,276,203,1,2790.72,2025-09-22T20:03:00
648,98,150,4,1993.21,2025-06-05T09:29:00
649,86,217,3,3067.61,2025-01-28T22:33:00
650,73,238,4,456.75,2025-09-14T03:11:00
651,300,280,2,1968.37,2025-06-15T14:01:00
652,92,233,2,4413.33,2025-02-16T08:20:00
653,84,64,1,575.25,2025-08-19T20:23:00
654,44,269,4,3635.73,2025-09-19T19:10:00
655,194,282,4,224.31,2025-03-29T10:36:00
656,77,84,2,898.44,2025-01-27T13:19:00
657,159,229,3,3134.13,2025-03-02T04:12:00
658,2,130,1,2295.92,2025-09-13T17:51:00
659,3,253,2,1088.28,2025-09-01T14:26:00
660,227,41,1,1227.34,2025-10-08T08:39:00
661,286,107,1,928.28,2025-01-29T20:22:00
662,19,75,1,3336.65,2025-06-02T10:58:00
663,45,26,1,2087.7,2025-04-02T05:43:00
664,146,294,2,4831.63,2025-10-24T11:59:00
665,19,48,3,1617.5,2025-07-14T02:48:00
666,219,282,1,1467.7,2025-03-10T03:44:00
667,141,169,4,2625.61,2025-04-18T19:03:00
668,56,293,1,2420.9,2025-05-28T13:38:00
669,163,133,3,4635.89,2025-10-16T15:33:00
670,255,253,2,4418.9,2025-04-30T22:18:00
671,100,1,1,124.81,2025-03-02T23:54:00
672,107,213,4,232.23,2025-06-29T17:51:00
673,109,6,2,3451.64,2025-05-11T02:19:00
674,154,260,3,3836.33,2025-02-28T21:21:00
675,175,203,1,4161.05,2025-04-10T10:53:00
676,174,246,4,3987.29,2025-03-11T15:09:00
677,236,275,3,2315.04,2025-07-31T23:03:00
678,267,154,3,2778.11,2025-01-10T06:36:00
679,170,182,1,4848.22,2025-05-24T00:21:00
680,193,274,2,2857.05,2025-07-19T05:38:00
681,60,158,3,3550.65,2025-05-20T13:05:00
682,255,122,3,2262.27,2025-06-04T06:33:00
683,155,90,1,1874.21,2025-01-20T06:58:00
684,48,228,1,3996.13,2025-09-14T04:12:00
685,175,248,3,3878.79,2025-03-15T03:52:00
686,265,68,2,3624.23,2025-08-24T12:45:00
687,268,60,1,1558.35,2025-01-23T21:54:00
688,45,171,4,4446.48,2025-02-22T16:49:00
689,160,12,3,3196.06,2025-04-18T10:12:00
690,99,147,3,2663.72,2025-08-14T21:07:00
691,140,77,2,1371.82,2025-01-08T19:35:00
692,264,53,2,2714.93,2025-10-09T10:17:00
693,73,146,2,860.52,2025-06-09T19:57:00
694,174,277,4,258.38,2025-01-15T15:57:00
695,26,55,4,273.73,2025-08-07T12:11:00
696,229,183,3,1665.0,2025-04-12T22:48:00
697,274,41,4,2841.11,2025-02-17T22:29:00
698,50,234,3,3423.97,2025-08-27T15:14:00
699,115,74,3,4564.74,2025-07-20T05:44:00
700,170,167,4,2440.1,2025-02-03T15:07:00
701,180,246,4,4229.6,2025-05-25T11:38:00
702,295,66,1,2031.4,2025-02-24T10:35:00
703,37,155,4,2007.08,2025-07-31T07:39:00
704,125,281,2,4869.59,2025-07-16T02:21:00
705,107,221,4,2838.22,2025-06-25T17:44:00
706,121,89,1,3698.14,2025-10-21T15:07:00
707,238,167,1,4111.01,2025-04-01T09:25:00
708,36,56,4,1640.4,2025-02-01T02:13:00
709,72,298,1,3786.6,2025-03-18T14:34:00
710,150,200,4,982.35,2025-06-12T09:36:00
711,156,223,3,4951.49,2025-10-26T00:39:00
712,262,207,2,4263.26,2025-02-01T11:57:00
713,282,28,1,3518.25,2025-07-03T03:55:00
714,145,16,2,2161.42,2025-07-21T20:20:00
715,196,208,4,2178.77,2025-04-19T21:11:00
716,244,72,2,2779.33,2025-07-04T13:09:00
717,148,65,2,62.96,2025-01-09T04:46:00
718,250,224,2,427.89,2025-08-01T14:57:00
719,218,93,4,2549.53,2025-10-10T14:24:00
720,182,116,2,2126.74,2025-01-04T18:31:00
721,122,257,3,2057.13,2025-10-07T18:23:00
722,18,20,4,3525.89,2025-02-27T18:30:00
723,41,73,3,2327.36,2025-02-10T16:56:00
724,46,126,4,3155.16,2025-02-09T21:40:00
725,277,297,3,3067.13,2025-06-25T17:49:00
726,6,241,4,2565.75,2025-08-29T18:46:00
727,170,216,3,4803.1,2025-05-31T09:10:00
728,19,156,3,311.78,2025-08-31T18:10:00
729,294,27,3,4045.43,2025-01-14T09:31:00
730,43,65,1,4257.97,2025-05-23T08:08:00
731,144,141,3,75.94,2025-02-27T19:11:00
732,78,229,3,4040.16,2025-05-14T22:15:00
733,249,93,1,1717.53,2025-02-13T04:38:00
734,79,254,4,3852.99,2025-05-02T21:28:00
735,86,108,3,276.36,2025-05-16T03:03:00
736,86,238,4,2383.78,2025-09-01T23:48:00
737,273,120,4,3419.13,2025-07-19T15:16:00
738,75,272,4,64.26,2025-08-18T12:43:00
739,162,272,1,491.33,2025-09-30T20:22:00
740,222,140,3,1355.28,2025-02-20T08:41:00
741,300,201,4,3866.89,2025-05-04T23:43:00
742,100,267,3,3390.2,2025-04-03T10:35:00
743,6,5,1,64.75,2025-02-20T16:06:00
744,229,180,2,3627.63,2025-05-09T06:02:00
745,13,48,1,4692.83,2025-04-22T19:40:00
746,63,62,1,4282.92,2025-03-08T12:42:00
747,290,95,1,3479.79,2025-05-10T09:29:00
748,39,233,3,3847.95,2025-06-15T08:10:00
749,38,142,1,1917.08,2025-06-20T01:16:00
750,136,92,4,351.65,2025-04-13T19:25:00
751,92,252,1,723.64,2025-08-09T06:39:00
752,55,227,3,520.92,2025-02-07T02:36:00
753,129,229,1,4483.08,2025-03-18T20:40:00
754,1,20,4,1335.85,2025-06-18T12:36:00
755,2,264,4,2393.31,2025-07-26T23:49:00
756,36,277,2,21.52,2025-09-04T03:36:00
757,275,184,3,3410.77,2025-07-25T01:40:00
758,47,188,3,406.88,2025-08-24T09:41:00
759,104,91,1,4837.73,2025-04-08T09:44:00
760,200,55,3,2435.09,2025-08-13T23:12:00
761,72,19,2,131.7,2025-05-03T15:24:00
762,33,277,3,2500.92,2025-08-19T00:02:00
763,174,29,3,3939.95,2025-01-22T12:07:00
764,109,268,4,4700.75,2025-10-02T04:47:00
765,297,120,1,189.2,2025-03-14T15:41:00
766,10,242,1,1217.2,2025-03-08T00:11:00
767,26,158,1,2283.64,2025-03-29T18:04:00
768,55,59,4,2976.91,2025-04-23T02:51:00
769,104,219,3,4058.55,2025-07-25T10:07:00
770,295,280,2,1611.34,2025-04-20T01:37:00
771,89,172,1,608.12,2025-03-14T13:10:00
772,190,284,2,2196.11,2025-10-25T01:08:00
773,52,193,2,83.07,2025-09-07T02:00:00
774,4,92,1,3535.17,2025-05-26T13:44:00
775,244,65,2,719.72,2025-05-19T16:28:00
776,211,123,2,3054.64,2025-01-20T19:11:00
777,256,46,3,1742.53,2025-01-03T17:15:00
778,99,61,1,3096.51,2025-10-04T16:14:00
779,238,107,3,270.08,2025-02-27T04:43:00
780,243,255,2,803.0,2025-01-23T01:41:00
781,187,146,2,2176.18,2025-06-21T19:51:00
782,233,23,1,3703.38,2025-10-03T05:10:00
783,15,249,1,358.94,2025-05-01T23:28:00
784,297,167,4,997.76,2025-06-16T07:49:00
785,57,167,2,494.83,2025-07-31T06:24:00
786,113,38,4,2927.54,2025-01-28T13:09:00
787,111,233,2,1939.71,2025-03-11T14:46:00
788,100,184,3,1015.04,2025-03-07T01:44:00
789,292,31,3,686.82,2025-08-27T14:26:00
790,88,176,2,4432.61,2025-03-22T20:39:00
791,88,296,2,436.94,2025-09-25T15:55:00
792,111,243,4,1399.46,2025-08-08T23:55:00
793,127,168,4,2899.44,2025-03-18T18:57:00
794,3,214,1,205.09,2025-08-29T23:49:00
795,259,18,4,2657.95,2025-09-03T22:52:00
796,51,232,4,1206.35,2025-10-13T00:44:00
797,209,112,2,1795.24,2025-05-03T20:05:00
798,9,246,3,813.21,2025-08-24T18:47:00
799,299,13,4,2321.48,2025-03-12T22:25:00
800,95,190,4,3520.99,2025-01-01T20:04:00
801,198,171,1,1486.47,2025-05-19T22:39:00
802,278,295,2,3939.52,2025-02-11T19:56:00
803,172,29,3,4440.45,2025-02-26T12:23:00
804,239,21,3,1835.33,2025-10-14T22:04:00
805,288,105,2,4906.35,2025-05-03T17:07:00
806,245,298,2,3767.1,2025-04-26T10:22:00
807,137,258,4,1389.34,2025-02-02T11:22:00
808,232,249,1,2353.47,2025-09-30T21:52:00
809,273,150,4,3106.65,2025-02-03T06:57:00
810,235,45,1,1956.46,2025-04-02T09:04:00
811,56,85,3,564.56,2025-03-17T15:09:00
812,105,267,1,1469.38,2025-10-05T04:30:00
813,178,216,4,3689.86,2025-01-11T09:12:00
814,33,12,2,4175.56,2025-09-24T20:21:00
815,211,297,3,3280.52,2025-06-17T15:37:00
816,272,281,4,2292.75,2025-10-18T04:57:00
817,157,88,3,1137.78,2025-07-10T09:49:00
818,25,76,3,1425.49,2025-03-27T19:59:00
819,83,275,3,915.49,2025-03-31T22:44:00
820,79,83,2,589.0,2025-06-12T18:08:00
821,226,134,3,926.56,2025-10-15T22:02:00
822,163,177,2,1867.71,2025-10-04T05:34:00
823,155,63,1,2025.79,2025-09-13T04:29:00
824,164,80,1,4850.9,2025-10-07T16:21:00
825,152,243,3,4848.18,2025-10-21T21:09:00
826,290,227,3,3447.29,2025-09-03T01:08:00
827,283,60,3,128.85,2025-04-23T14:22:00
828,48,168,1,3042.72,2025-04-10T18:33:00
829,114,143,2,117.63,2025-10-03T14:43:00
830,45,263,4,976.28,2025-06-12T19:38:00
831,262,29,3,1990.8,2025-08-07T11:24:00
832,191,7,3,1727.88,2025-06-07T14:55:00
833,288,45,2,3640.63,2025-08-16T23:26:00
834,227,148,2,4029.34,2025-08-06T23:57:00
835,213,72,1,722.48,2025-06-05T15:55:00
836,269,172,1,4666.1,2025-07-12T02:00:00
837,210,140,4,878.59,2025-08-25T22:36:00
838,71,103,2,4162.26,2025-05-29T17:31:00
839,22,155,3,2473.03,2025-08-26T07:01:00
840,2,79,3,1504.35,2025-08-30T03:41:00
841,148,214,2,2461.97,2025-05-06T00:07:00
842,142,253,1,2996.46,2025-07-05T18:30:00
843,290,224,3,3141.84,2025-09-01T22:52:00
844,62,192,1,4227.17,2025-03-25T18:03:00
845,75,164,4,4392.19,2025-03-11T11:10:00
846,28,140,3,2100.47,2025-07-02T01:18:00
847,150,272,1,2571.76,2025-04-04T03:38:00
848,86,279,3,4362.85,2025-06-04T08:43:00
849,186,50,3,4117.46,2025-01-07T04:33:00
850,145,191,4,2062.91,2025-03-25T03:13:00
851,80,258,2,4158.71,2025-10-14T19:44:00
852,270,273,1,2089.64,2025-02-09T03:52:00
853,68,9,4,1744.31,2025-07-05T04:52:00
854,227,268,3,865.17,2025-06-05T00:47:00
855,61,114,2,4284.79,2025-03-14T22:14:00
856,158,65,2,655.44,2025-02-10T13:44:00
857,58,40,1,3874.59,2025-08-09T01:12:00
858,56,17,1,2348.07,2025-05-10T01:04:00
859,155,6,1,3912.94,2025-04-16T18:57:00
860,103,95,3,151.15,2025-03-16T23:17:00
861,297,179,3,806.98,2025-09-14T23:39:00
862,124,259,1,500.03,2025-10-24T00:33:00
863,112,99,3,863.01,2025-10-03T00:46:00
864,51,110,4,1835.48,2025-04-05T14:43:00
865,55,93,3,4906.6,2025-08-06T06:32:00
866,117,209,1,3808.24,2025-06-10T03:29:00
867,57,267,2,2481.6,2025-07-04T22:18:00
868,286,21,1,1643.94,2025-03-01T12:18:00
869,234,160,4,1133.24,2025-07-28T09:54:00
870,220,97,1,4474.3,2025-09-01T21:23:00
871,92,7,4,3362.12,2025-07-22T14:33:00
872,44,62,2,1977.08,2025-02-22T23:59:00
873,87,34,3,4876.16,2025-06-23T06:38:00
874,207,63,2,4191.36,2025-09-13T08:48:00
875,298,140,4,1783.71,2025-07-27T15:32:00
876,143,76,4,544.64,2025-05-09T15:31:00
877,119,69,1,502.52,2025-01-28T02:31:00
878,14,92,4,3024.9,2025-06-17T04:19:00
879,50,40,4,3964.69,2025-04-14T09:42:00
880,255,252,3,2714.48,2025-10-04T17:01:00
881,17,221,1,1921.23,2025-06-11T12:28:00
882,236,19,1,888.46,2025-06-05T22:10:00
883,252,221,2,1565.74,2025-07-19T15:48:00
884,57,292,4,3302.09,2025-10-04T18:30:00
885,244,288,2,2535.89,2025-07-20T08:31:00
886,194,181,3,1605.81,2025-01-15T18:02:00
887,66,188,3,4048.72,2025-10-26T00:48:00
888,175,195,1,2143.6,2025-07-02T13:22:00
889,29,126,2,1176.94,2025-06-09T18:05:00
890,34,157,1,1691.28,2025-01-11T17:20:00
891,20,236,4,2842.41,2025-08-04T08:01:00
892,241,12,3,1891.8,2025-07-19T10:36:00
893,51,251,1,3455.87,2025-04-16T10:31:00
894,258,174,2,3076.07,2025-07-06T13:12:00
895,255,39,2,1440.34,2025-01-25T09:36:00
896,206,116,1,3589.95,2025-10-24T03:37:00
897,173,140,1,2834.31,2025-09-29T15:27:00
898,108,178,1,3259.43,2025-06-04T16:51:00
899,154,222,3,1004.38,2025-07-25T08:39:00
900,264,233,2,4405.08,2025-09-22T05:36:00
901,256,110,4,1343.34,2025-09-30T19:54:00
902,223,290,1,2613.74,2025-07-06T14:09:00
903,124,78,3,4221.39,2025-07-30T10:55:00
904,33,105,4,1338.34,2025-05-27T20:10:00
905,132,121,4,1196.22,2025-03-18T06:01:00
906,126,159,4,2429.48,2025-08-12T13:41:00
907,19,104,2,1367.2,2025-01-15T08:50:00
908,143,282,2,3223.25,2025-01-22T23:31:00
909,11,29,1,1572.95,2025-06-02T02:57:00
910,209,187,1,1987.49,2025-03-13T07:07:00
911,293,257,1,2612.18,2025-10-25T16:16:00
912,255,47,2,3001.11,2025-06-10T10:53:00
913,300,200,2,4677.82,2025-04-22T04:06:00
914,90,110,3,2200.18,2025-05-11T18:03:00
915,252,274,3,3499.59,2025-02-27T10:34:00
916,217,244,2,4816.76,2025-03-16T11:30:00
917,189,158,1,3228.76,2025-01-18T23:42:00
918,28,123,3,2765.88,2025-06-08T20:44:00
919,186,63,2,4288.95,2025-07-18T00:58:00
920,202,131,3,455.8,2025-05-01T09:13:00
921,83,225,3,4397.94,2025-07-28T01:17:00
922,42,252,4,3686.03,2025-06-20T22:27:00
923,52,83,3,2534.14,2025-06-30T13:38:00
924,281,168,4,3477.57,2025-01-27T20:41:00
925,95,228,2,20.36,2025-04-13T20:19:00
926,161,295,1,558.59,2025-05-08T16:45:00
927,67,211,3,2260.19,2025-03-10T08:11:00
928,168,145,2,426.57,2025-07-08T05:25:00
929,194,293,2,108.57,2025-01-12T17:41:00
930,118,46,4,995.34,2025-03-28T01:25:00
931,220,134,2,449.86,2025-07-08T05:36:00
932,61,8,4,3867.93,2025-08-21T21:31:00
933,61,115,2,956.77,2025-05-17T09:47:00
934,254,196,2,2159.39,2025-04-16T19:13:00
935,145,97,4,905.95,2025-03-16T00:18:00
936,135,121,4,4537.1,2025-07-09T18:43:00
937,235,44,1,2347.06,2025-06-15T22:25:00
938,109,197,4,3681.84,2025-05-12T02:06:00
939,286,31,1,1667.65,2025-05-01T15:58:00
940,182,24,1,1272.02,2025-07-15T09:25:00
941,190,68,1,2904.53,2025-05-14T05:32:00
942,253,174,4,663.94,2025-06-12T22:33:00
943,222,73,3,588.63,2025-01-23T04:31:00
944,144,185,4,1418.21,2025-05-15T19:53:00
945,136,265,3,2181.7,2025-03-26T10:47:00
946,252,78,4,270.84,2025-03-18T01:14:00
947,94,19,4,1304.82,2025-08-28T13:07:00
948,254,21,4,1785.82,2025-10-15T15:29:00
949,253,58,2,622.65,2025-02-17T06:55:00
950,146,93,2,3750.93,2025-05-20T18:57:00
951,300,109,1,2632.45,2025-10-20T05:26:00
952,40,127,4,3386.16,2025-06-18T00:18:00
953,63,202,3,2953.74,2025-02-24T10:09:00
954,15,42,4,4154.34,2025-09-03T14:40:00
955,138,3,3,4849.0,2025-08-20T10:46:00
956,292,67,2,4317.08,2025-05-25T10:51:00
957,29,37,4,467.29,2025-05-11T05:15:00
958,205,46,1,4262.47,2025-03-25T12:49:00
959,207,146,2,607.41,2025-09-09T13:47:00
960,159,68,3,3329.27,2025-07-08T16:12:00
961,251,229,4,2384.82,2025-10-16T19:27:00
962,47,217,3,3071.27,2025-08-11T20:27:00
963,48,21,3,4866.49,2025-04-25T20:43:00
964,80,254,1,1457.06,2025-08-12T02:58:00
965,245,154,2,4921.01,2025-06-03T07:33:00
966,219,152,1,2757.22,2025-01-24T16:06:00
967,262,218,4,476.95,2025-10-19T08:22:00
968,131,300,1,3844.39,2025-01-09T03:47:00
969,237,92,2,4215.33,2025-01-24T02:26:00
970,153,161,4,3787.98,2025-08-19T19:51:00
971,136,175,2,1059.29,2025-02-10T23:38:00
972,133,55,4,2674.21,2025-01-03T12:07:00
973,7,88,4,2303.51,2025-07-27T21:47:00
974,250,156,3,3454.86,2025-07-22T09:05:00
975,65,70,1,958.06,2025-01-09T22:12:00
976,14,108,4,3244.87,2025-05-04T13:53:00
977,276,98,1,1508.08,2025-08-26T04:30:00
978,217,12,1,834.7,2025-03-20T23:44:00
979,228,249,4,103.04,2025-08-19T18:15:00
980,104,151,4,259.36,2025-01-05T03:40:00
981,222,213,4,3686.71,2025-10-11T09:02:00
982,250,205,4,2569.21,2025-09-07T07:45:00
983,32,271,1,2112.91,2025-06-11T17:04:00
984,138,214,4,589.12,2025-06-27T14:44:00
985,224,11,2,1443.61,2025-04-09T15:22:00
986,225,119,2,2940.36,2025-06-23T19:54:00
987,240,68,3,3616.36,2025-07-19T13:53:00
988,185,242,2,3111.1,2025-05-25T22:47:00
989,45,248,2,870.59,2025-03-22T19:31:00
990,52,213,4,1521.74,2025-04-18T17:03:00
991,10,184,3,1788.43,2025-03-23T05:52:00
992,258,17,1,1691.99,2025-02-28T19:14:00
993,62,288,2,2434.39,2025-06-24T11:49:00
994,24,286,3,4482.11,2025-09-21T19:42:00
995,54,26,4,3995.94,2025-02-26T03:50:00
996,53,288,1,2538.99,2025-03-27T20:07:00
997,106,186,2,3643.1,2025-08-15T16:31:00
998,51,79,3,1676.36,2025-03-12T03:54:00
999,104,225,4,3847.25,2025-01-04T07:53:00
1000,243,175,3,2527.59,2025-02-13T08:23:00
1001,213,185,2,762.3,2025-09-29T13:50:00
1002,117,71,4,2069.98,2025-07-29T14:54:00
1003,265,186,1,2215.68,2025-01-06T22:51:00
1004,265,36,1,1694.83,2025-07-25T05:27:00
1005,32,202,1,3302.58,2025-03-19T18:03:00
1006,267,152,4,2013.0,2025-10-11T09:46:00
1007,161,177,1,4135.88,2025-09-28T19:58:00
1008,76,207,4,3221.18,2025-10-06T19:50:00
1009,227,177,4,3878.12,2025-06-04T02:02:00
1010,276,172,4,3626.87,2025-03-06T16:34:00
1011,146,110,1,2560.8,2025-06-09T16:21:00
1012,82,12,1,4452.15,2025-10-04T18:16:00
1013,124,156,4,4934.84,2025-02-26T23:03:00
1014,191,133,3,623.45,2025-03-05T14:19:00
1015,294,3,4,1698.21,2025-05-01T23:37:00
1016,290,274,2,1754.93,2025-05-26T21:50:00
1017,294,72,4,2600.73,2025-05-07T03:20:00
1018,265,299,2,4115.1,2025-07-04T14:06:00
1019,76,218,4,414.33,2025-02-01T13:56:00
1020,67,244,2,2233.59,2025-07-09T21:33:00
1021,207,287,4,4360.71,2025-10-27T15:40:00
1022,217,226,4,3659.93,2025-08-02T05:09:00
1023,259,66,4,3557.2,2025-03-08T22:32:00
1024,271,61,2,2279.88,2025-01-17T23:10:00
1025,287,190,1,3009.99,2025-07-29T03:07:00
1026,190,293,3,206.21,2025-03-20T03:23:00
1027,157,192,3,1473.44,2025-01-15T04:09:00
1028,216,25,3,4445.84,2025-04-21T05:52:00
1029,251,2,1,2739.95,2025-02-04T01:26:00
1030,247,294,3,2830.99,2025-06-22T12:30:00
1031,68,71,4,3809.59,2025-08-18T04:55:00
1032,167,46,4,1939.24,2025-07-22T10:34:00
1033,24,227,3,3231.35,2025-03-26T22:01:00
1034,293,159,1,3221.35,2025-02-13T06:39:00
1035,278,296,1,4786.68,2025-09-25T06:48:00
1036,244,258,1,605.81,2025-09-30T05:01:00
1037,141,106,2,4149.3,2025-10-24T14:05:00
1038,274,165,4,2946.52,2025-09-09T00:21:00
1039,224,93,4,125.16,2025-09-28T10:24:00
1040,132,47,1,4899.03,2025-10-05T05:18:00
1041,74,94,3,3842.68,2025-03-20T09:26:00
1042,87,31,3,911.38,2025-01-30T09:24:00
1043,51,164,2,2067.05,2025-06-15T08:24:00
1044,62,27,2,1201.92,2025-10-28T07:31:00
1045,261,259,4,4747.04,2025-05-18T01:20:00
1046,238,284,4,331.96,2025-01-15T13:40:00
1047,120,10,3,2772.61,2025-10-28T21:06:00
1048,127,285,2,1526.54,2025-07-28T14:05:00
1049,257,105,2,1869.66,2025-03-28T07:34:00
1050,217,285,4,213.75,2025-08-26T19:18:00
1051,86,1,1,4667.87,2025-09-04T08:38:00
1052,129,195,3,4212.98,2025-04-19T18:53:00
1053,262,145,1,811.27,2025-10-01T18:04:00
1054,154,46,4,3493.65,2025-03-13T23:35:00
1055,144,222,2,3054.17,2025-06-12T21:21:00
1056,134,232,3,1233.41,2025-06-14T10:13:00
1057,236,169,1,4570.52,2025-03-10T20:59:00
1058,2,244,1,4507.72,2025-03-30T13:35:00
1059,251,202,1,3937.59,2025-02-09T17:01:00
1060,228,64,3,4860.33,2025-07-12T19:22:00
1061,199,91,1,628.2,2025-07-09T06:28:00
1062,5,114,1,3793.31,2025-07-03T06:05:00
1063,156,114,2,4900.7,2025-07-05T01:17:00
1064,253,108,1,984.45,2025-07-22T03:55:00
1065,143,292,4,856.53,2025-04-10T21:47:00
1066,290,90,1,2942.88,2025-02-03T04:16:00
1067,292,117,3,963.3,2025-01-12T22:43:00
1068,273,130,4,14.77,2025-08-07T20:43:00
1069,27,166,4,4222.49,2025-07-28T08:07:00
1070,266,239,4,1810.55,2025-01-23T23:14:00
1071,25,143,4,2664.39,2025-06-11T00:25:00
1072,100,172,1,4401.09,2025-01-13T23:14:00
1073,217,39,2,988.4,2025-06-18T09:04:00
1074,50,15,4,2162.58,2025-01-13T18:51:00
1075,172,129,2,543.66,2025-05-03T10:53:00
1076,28,171,2,4718.02,2025-08-13T03:40:00
1077,229,297,1,432.25,2025-02-01T01:24:00
1078,161,34,2,314.7,2025-08-15T01:19:00
1079,222,34,1,3389.43,2025-10-14T01:18:00
1080,196,206,1,3088.42,2025-07-30T07:55:00
1081,6,233,4,2323.72,2025-08-08T19:39:00
1082,52,174,1,2273.11,2025-06-18T18:12:00
1083,56,53,1,2977.9,2025-02-04T18:50:00
1084,100,294,2,3188.63,2025-05-12T11:26:00
1085,247,228,2,1219.55,2025-01-23T01:08:00
1086,160,300,4,2568.06,2025-07-03T09:37:00
1087,278,75,2,2350.27,2025-06-25T09:23:00
1088,5,266,2,291.3,2025-09-17T17:54:00
1089,28,217,3,981.06,2025-04-13T20:58:00
1090,104,36,3,950.83,2025-09-01T22:44:00
1091,240,170,3,3082.44,2025-08-03T10:10:00
1092,54,233,1,2482.17,2025-01-02T20:14:00
1093,118,239,2,1198.9,2025-06-19T23:24:00
1094,106,205,2,4131.29,2025-01-04T11:00:00
1095,38,184,1,2775.68,2025-03-14T09:28:00
1096,100,300,3,224.3,2025-01-16T06:12:00
1097,146,90,2,4427.48,2025-03-31T10:54:00
1098,284,126,2,983.96,2025-04-01T08:58:00
1099,52,11,2,1897.72,2025-02-26T10:59:00
1100,108,157,4,1204.55,2025-07-10T21:10:00
1101,270,223,1,596.87,2025-03-08T06:12:00
1102,273,194,3,1593.17,2025-08-08T20:15:00
1103,24,97,3,3948.99,2025-06-17T07:03:00
1104,144,65,4,1050.14,2025-02-11T15:50:00
1105,34,86,4,3757.78,2025-09-18T11:31:00
1106,266,238,2,1612.51,2025-07-11T16:44:00
1107,248,254,4,1345.34,2025-07-25T20:58:00
1108,299,19,2,1101.53,2025-04-14T14:55:00
1109,121,203,2,1533.47,2025-07-13T18:10:00
1110,192,131,1,675.98,2025-02-13T09:28:00
1111,266,181,2,2921.89,2025-08-27T16:39:00
1112,173,219,4,2340.42,2025-07-29T11:51:00
1113,255,163,3,1914.94,2025-04-02T14:14:00
1114,136,39,3,4507.87,2025-05-31T16:32:00
1115,280,41,3,4633.4,2025-02-20T03:04:00
1116,185,20,2,1672.12,2025-06-18T08:19:00
1117,141,98,2,4992.03,2025-10-06T08:00:00
1118,154,145,3,3916.73,2025-07-26T12:52:00
1119,297,7,4,3272.18,2025-03-18T12:14:00
1120,117,108,4,1172.45,2025-10-28T17:48:00
1121,240,237,3,3960.61,2025-06-10T06:27:00
1122,214,108,4,2252.61,2025-10-13T00:23:00
1123,72,296,2,1531.33,2025-01-05T15:51:00
1124,182,174,2,2098.64,2025-07-26T22:34:00
1125,154,167,1,2840.05,2025-01-17T04:09:00
1126,170,291,4,4900.96,2025-04-15T12:04:00
1127,274,198,2,2376.51,2025-06-18T18:28:00
1128,156,48,2,526.04,2025-10-11T05:02:00
1129,251,14,2,999.0,2025-07-17T09:13:00
1130,120,150,1,2276.05,2025-07-08T16:00:00
1131,88,168,4,1958.57,2025-02-26T04:34:00
1132,215,245,1,1948.02,2025-04-16T04:55:00
1133,106,159,4,4090.39,2025-09-01T05:38:00
1134,295,159,2,2514.86,2025-08-23T08:12:00
1135,4,74,4,324.53,2025-07-24T19:51:00
1136,127,270,3,4551.96,2025-09-09T14:29:00
1137,295,21,1,1443.12,2025-08-22T11:44:00
1138,153,201,2,2078.19,2025-04-02T19:46:00
1139,222,235,4,4554.61,2025-04-04T22:36:00
1140,49,202,1,1202.28,2025-03-22T08:56:00
1141,276,150,1,3491.73,2025-04-22T15:26:00
1142,284,63,3,387.29,2025-02-23T16:49:00
1143,167,210,4,828.37,2025-04-17T16:02:00
1144,237,14,1,3196.14,2025-08-25T12:21:00
1145,205,100,4,193.68,2025-05-09T03:45:00
1146,70,168,4,2426.37,2025-02-04T02:35:00
1147,125,225,2,2356.58,2025-05-23T05:10:00
1148,10,52,2,1474.25,2025-10-01T23:25:00
1149,87,40,1,3388.53,2025-03-20T14:22:00
1150,92,111,1,4463.98,2025-09-30T06:28:00
1151,25,268,1,1956.14,2025-06-07T14:03:00
1152,3,25,4,3836.74,2025-05-08T11:58:00
1153,123,103,1,85.11,2025-01-15T00:21:00
1154,99,33,2,4793.93,2025-02-19T21:10:00
1155,86,23,4,2564.94,2025-06-17T10:35:00
1156,98,107,4,4694.92,2025-03-03T07:13:00
1157,55,183,3,872.24,2025-07-25T20:20:00
1158,7,200,2,2296.59,2025-02-03T21:52:00
1159,143,189,1,341.32,2025-04-22T13:19:00
1160,256,53,2,1263.44,2025-02-18T19:20:00
1161,199,69,3,880.78,2025-06-12T21:30:00
1162,35,172,1,3044.62,2025-10-27T14:24:00
1163,262,120,1,1166.87,2025-03-05T09:15:00
1164,220,125,1,304.32,2025-07-11T15:18:00
1165,104,78,4,1025.9,2025-01-20T07:59:00
1166,228,169,2,1394.24,2025-01-21T16:50:00
1167,213,148,1,1148.91,2025-06-19T10:15:00
1168,106,277,1,4533.63,2025-05-08T21:44:00
1169,114,196,3,921.81,2025-01-04T02:55:00
1170,252,36,2,265.27,2025-03-14T06:08:00
1171,47,89,2,1185.37,2025-02-10T13:46:00
1172,240,160,2,3609.76,2025-05-06T13:11:00
1173,128,156,3,2884.23,2025-04-14T08:55:00
1174,247,41,3,1994.23,2025-03-27T15:28:00
1175,217,259,4,3802.82,2025-09-04T00:48:00
1176,196,219,1,3795.5,2025-06-03T19:34:00
1177,79,284,2,1290.17,2025-08-26T09:29:00
1178,146,193,4,364.34,2025-03-11T22:30:00
1179,101,80,2,25.88,2025-09-14T23:46:00
1180,192,252,4,4628.83,2025-07-22T23:23:00
1181,197,251,3,3207.04,2025-02-06T13:56:00
1182,20,64,4,4660.99,2025-03-25T06:48:00
1183,224,131,3,2550.49,2025-09-08T20:44:00
1184,189,30,4,4632.96,2025-05-07T07:30:00
1185,18,186,1,3488.87,2025-03-17T08:38:00
1186,234,76,3,1240.84,2025-10-24T21:53:00
1187,83,7,1,3856.01,2025-07-16T12:45:00
1188,42,266,2,4380.65,2025-03-26T13:16:00
1189,155,257,4,2932.47,2025-07-30T23:55:00
1190,46,56,3,4072.07,2025-05-18T23:13:00
1191,204,158,1,4935.19,2025-09-09T00:06:00
1192,36,214,4,3274.33,2025-08-09T05:11:00
1193,192,96,2,994.11,2025-04-04T16:07:00
1194,231,291,2,932.26,2025-01-31T23:11:00
1195,99,133,4,2206.45,2025-02-25T20:10:00
1196,41,151,1,1891.75,2025-05-22T02:21:00
1197,16,300,2,2392.1,2025-02-21T00:03:00
1198,137,4,1,488.73,2025-09-25T00:24:00
1199,267,137,4,2368.79,2025-06-22T19:27:00
1200,173,190,3,4997.23,2025-05-03T11:42:00
1201,205,194,1,4876.65,2025-06-19T03:00:00
1202,234,206,2,133.27,2025-03-04T16:17:00
1203,128,189,4,3093.67,2025-09-01T16:26:00
1204,97,2,3,88.07,2025-07-04T01:51:00
1205,167,228,2,3035.78,2025-07-24T23:39:00
1206,42,179,4,4695.73,2025-09-01T21:54:00
1207,52,198,3,3037.83,2025-03-15T16:56:00
1208,293,259,1,643.67,2025-02-14T09:53:00
1209,281,240,2,4482.56,2025-03-01T15:42:00
1210,277,124,2,1062.15,2025-02-15T03:27:00
1211,15,83,3,4513.73,2025-05-24T07:46:00
1212,132,244,1,3329.05,2025-10-01T20:46:00
1213,252,47,3,4360.34,2025-10-22T19:04:00
1214,176,194,4,3271.33,2025-10-15T13:51:00
1215,120,115,3,582.87,2025-02-14T03:05:00
1216,175,97,1,2866.33,2025-03-07T10:24:00
1217,296,1,3,314.12,2025-10-02T06:54:00
1218,199,217,3,3857.55,2025-03-06T16:42:00
1219,114,55,4,50.9,2025-08-24T10:09:00
1220,152,113,4,3401.5,2025-03-17T19:18:00
1221,75,18,3,1547.91,2025-03-05T08:54:00
1222,294,245,2,2477.65,2025-07-12T01:51:00
1223,171,79,2,4241.11,2025-04-26T22:47:00
1224,27,92,4,3638.34,2025-06-03T21:58:00
1225,82,12,4,1690.36,2025-08-31T11:48:00
1226,201,37,3,1415.41,2025-04-10T22:54:00
1227,281,202,1,658.85,2025-10-25T01:54:00
1228,156,235,2,2887.9,2025-08-15T22:30:00
1229,150,75,2,1094.59,2025-04-11T23:41:00
1230,5,186,1,3393.2,2025-03-17T12:27:00
1231,87,29,1,1781.14,2025-08-31T05:03:00
1232,61,264,3,2968.99,2025-03-18T20:46:00
1233,207,126,1,598.42,2025-07-23T15:19:00
1234,89,193,1,3889.77,2025-07-15T08:40:00
1235,228,189,1,604.4,2025-02-12T03:31:00
1236,261,116,1,2936.32,2025-10-21T15:17:00
1237,49,93,4,2423.54,2025-08-11T09:36:00
1238,65,51,3,322.17,2025-10-03T05:25:00
1239,11,202,4,324.34,2025-10-27T17:45:00
1240,64,107,1,907.42,2025-04-03T00:35:00
1241,229,161,1,200.52,2025-10-22T06:41:00
1242,83,45,3,4257.99,2025-01-18T02:07:00
1243,260,153,3,4831.55,2025-03-29T13:42:00
1244,1,128,3,235.6,2025-09-23T09:42:00
1245,274,228,2,2887.47,2025-06-10T16:58:00
1246,181,276,2,3441.21,2025-01-23T07:02:00
1247,97,73,3,4281.15,2025-04-21T04:38:00
1248,283,111,3,1390.59,2025-08-05T02:35:00
1249,131,134,4,3250.6,2025-03-25T12:29:00
1250,43,131,4,4701.3,2025-03-15T17:13:00
1251,37,138,2,3573.65,2025-10-16T21:41:00
1252,262,84,4,4108.73,2025-06-11T13:24:00
1253,14,127,1,1354.28,2025-09-30T03:43:00
1254,281,209,1,1650.14,2025-02-15T11:58:00
1255,171,140,2,4344.93,2025-04-26T08:00:00
1256,51,194,2,1896.27,2025-02-23T03:11:00
1257,270,157,4,482.23,2025-06-28T22:36:00
1258,145,283,3,3039.3,2025-01-25T05:20:00
1259,200,93,3,4031.39,2025-09-30T17:38:00
1260,207,245,2,1299.01,2025-09-20T22:09:00
1261,65,74,4,2839.97,2025-05-17T01:58:00
1262,190,128,4,3535.4,2025-04-04T14:22:00
1263,240,258,3,1382.74,2025-08-08T16:45:00
1264,118,157,1,4737.54,2025-07-28T10:54:00
1265,47,41,1,3651.12,2025-02-17T05:36:00
1266,30,44,3,2773.03,2025-09-10T00:27:00
1267,261,70,4,2491.54,2025-09-30T22:07:00
1268,208,8,2,4554.88,2025-01-04T22:27:00
1269,274,177,2,4971.14,2025-09-28T21:38:00
1270,22,230,2,3374.24,2025-09-26T07:11:00
1271,39,188,2,2570.85,2025-01-27T13:31:00
1272,195,88,3,4848.79,2025-06-23T21:15:00
1273,277,61,3,1499.39,2025-05-31T08:13:00
1274,2,292,4,1091.23,2025-06-06T20:32:00
1275,19,238,4,292.2,2025-01-04T19:29:00
1276,169,153,3,540.28,2025-06-29T23:11:00
1277,206,182,1,511.18,2025-09-09T06:05:00
1278,271,264,2,2056.54,2025-09-07T00:09:00
1279,129,116,4,1979.82,2025-06-03T11:27:00
1280,94,275,3,547.93,2025-08-13T21:53:00
1281,225,83,2,1771.92,2025-08-11T00:22:00
1282,102,57,2,1428.07,2025-03-10T12:26:00
1283,170,17,2,3332.69,2025-09-03T21:17:00
1284,61,216,4,2752.87,2025-03-07T10:48:00
1285,205,257,4,661.43,2025-02-25T00:08:00
1286,80,177,1,3838.09,2025-05-02T01:43:00
1287,176,220,1,2174.47,2025-05-29T09:31:00
1288,43,220,2,3089.98,2025-09-19T05:15:00
1289,144,59,3,4971.31,2025-05-07T21:52:00
1290,220,102,4,3533.77,2025-02-22T22:46:00
1291,258,93,2,4962.8,2025-03-18T07:07:00
1292,68,206,1,1372.94,2025-04-09T04:27:00
1293,10,103,1,4322.43,2025-07-14T13:33:00
1294,157,119,2,1684.21,2025-09-03T01:32:00
1295,219,27,3,554.72,2025-07-06T08:22:00
1296,215,127,3,4476.06,2025-04-04T01:00:00
1297,27,165,2,1430.16,2025-05-24T19:06:00
1298,221,95,3,4741.9,2025-07-06T10:19:00
1299,58,50,1,3416.39,2025-03-08T10:23:00
1300,186,271,3,1195.07,2025-05-22T06:37:00
1301,197,45,1,656.77,2025-03-03T01:37:00
1302,98,99,4,4627.88,2025-02-08T17:39:00
1303,176,155,4,4948.27,2025-04-14T17:46:00
1304,79,23,2,962.58,2025-10-09T22:16:00
1305,287,178,3,2245.17,2025-03-02T13:04:00
1306,248,215,1,838.84,2025-05-21T22:08:00
1307,149,24,1,3972.98,2025-04-08T23:52:00
1308,204,254,1,831.76,2025-09-18T12:35:00
1309,200,206,3,1038.59,2025-01-02T05:36:00
1310,112,5,4,2521.57,2025-09-26T08:19:00
1311,113,152,3,2762.99,2025-03-29T07:02:00
1312,274,122,3,200.26,2025-03-17T08:59:00
1313,69,139,1,3213.85,2025-05-08T06:34:00
1314,60,1,3,3165.25,2025-07-08T10:05:00
1315,282,136,2,2044.67,2025-05-31T10:03:00
1316,6,183,2,3653.73,2025-05-24T05:16:00
1317,9,276,1,3614.4,2025-07-15T20:16:00
1318,283,106,4,1107.09,2025-05-18T06:37:00
1319,203,80,4,1162.46,2025-08-11T11:09:00
1320,246,48,4,911.66,2025-04-05T05:12:00
1321,292,252,2,3239.58,2025-01-11T09:10:00
1322,91,202,2,351.92,2025-02-06T13:15:00
1323,233,207,1,3622.91,2025-03-12T23:48:00
1324,7,52,4,1923.03,2025-02-26T00:48:00
1325,23,68,2,3851.74,2025-05-18T04:40:00
1326,7,5,1,2714.14,2025-06-23T22:05:00
1327,104,72,4,3799.56,2025-08-16T05:19:00
1328,170,246,2,1222.83,2025-10-06T22:17:00
1329,279,64,1,4125.5,2025-02-22T17:18:00
1330,53,262,4,713.47,2025-04-25T00:14:00
1331,219,198,2,1769.78,2025-05-27T07:58:00
1332,197,58,4,851.95,2025-02-26T07:06:00
1333,145,183,1,3080.41,2025-03-02T11:59:00
1334,44,23,2,894.45,2025-09-29T10:38:00
1335,93,218,2,4466.12,2025-06-04T19:52:00
1336,147,179,1,1359.11,2025-09-13T21:23:00
1337,136,40,1,4309.26,2025-03-18T20:09:00
1338,164,76,4,2236.24,2025-09-02T02:07:00
1339,296,219,3,727.62,2025-06-15T04:11:00
1340,198,181,3,2473.56,2025-09-04T22:26:00
1341,171,71,2,1919.01,2025-10-09T15:34:00
1342,274,253,2,1926.21,2025-10-25T22:26:00
1343,270,296,2,3516.95,2025-05-01T11:00:00
1344,105,9,3,2794.08,2025-03-10T03:03:00
1345,179,185,2,1477.01,2025-03-15T17:59:00
1346,216,125,2,4139.97,2025-01-29T23:08:00
1347,61,74,4,3666.74,2025-08-06T11:03:00
1348,55,298,1,2386.75,2025-03-22T00:09:00
1349,188,73,1,1229.0,2025-01-07T18:53:00
1350,214,77,2,2351.47,2025-03-13T23:33:00
1351,154,241,4,3614.17,2025-08-16T20:44:00
1352,7,147,1,783.66,2025-01-17T19:48:00
1353,89,258,2,59.28,2025-08-05T21:56:00
1354,233,284,3,4596.16,2025-09-14T09:45:00
1355,117,217,2,1362.78,2025-02-17T16:24:00
1356,65,109,4,3097.12,2025-04-23T12:11:00
1357,287,40,4,2389.69,2025-07-27T12:10:00
1358,28,191,4,977.68,2025-02-25T03:04:00
1359,186,172,1,1201.45,2025-03-25T17:06:00
1360,34,109,1,3783.82,2025-06-08T06:35:00
1361,104,17,2,1349.49,2025-10-19T18:02:00
1362,289,248,1,245.0,2025-02-17T09:00:00
1363,183,145,4,2503.58,2025-06-11T12:46:00
1364,183,67,1,1659.93,2025-09-15T03:32:00
1365,77,13,4,2387.38,2025-01-20T09:10:00
1366,78,238,1,4426.59,2025-02-17T22:14:00
1367,111,73,2,4967.12,2025-09-14T16:46:00
1368,268,175,4,3927.83,2025-06-23T09:23:00
1369,221,21,4,1199.36,2025-02-08T04:36:00
1370,255,50,1,717.4,2025-06-08T17:55:00
1371,45,256,1,2276.77,2025-03-28T09:10:00
1372,35,144,3,1770.08,2025-02-06T05:45:00
1373,236,133,4,4892.53,2025-08-15T20:59:00
1374,72,64,4,202.77,2025-05-27T12:26:00
1375,67,226,3,2564.83,2025-06-10T11:05:00
1376,212,260,4,1317.82,2025-01-22T19:41:00
1377,30,126,1,777.04,2025-02-23T09:24:00
1378,82,292,4,4269.88,2025-04-25T12:55:00
1379,237,48,3,2332.06,2025-10-01T14:06:00
1380,44,93,1,4587.71,2025-07-23T13:12:00
1381,206,169,1,1589.84,2025-09-06T06:44:00
1382,244,59,3,2275.62,2025-10-07T04:30:00
1383,75,110,3,2843.19,2025-07-14T01:59:00
1384,186,221,4,1071.04,2025-04-19T00:48:00
1385,217,139,3,3180.26,2025-02-12T04:04:00
1386,141,208,1,1495.19,2025-08-20T13:33:00
1387,110,133,2,4153.59,2025-02-17T13:21:00
1388,153,85,2,1749.63,2025-08-03T15:30:00
1389,275,83,4,1776.69,2025-10-20T12:52:00
1390,6,288,2,393.65,2025-10-24T19:09:00
1391,166,163,1,756.78,2025-08-23T04:31:00
1392,163,59,4,1317.7,2025-01-02T14:53:00
1393,65,231,1,187.25,2025-04-07T13:44:00
1394,280,86,4,1084.61,2025-04-18T06:43:00
1395,296,8,3,4069.83,2025-01-09T09:57:00
1396,158,258,1,3498.09,2025-08-22T13:26:00
1397,181,278,4,2618.23,2025-06-21T03:59:00
1398,91,235,4,1868.74,2025-10-11T19:10:00
1399,278,224,4,1428.71,2025-08-12T20:18:00
1400,51,45,1,452.74,2025-01-09T19:59:00
1401,211,54,4,3750.97,2025-10-06T03:40:00
1402,228,258,1,3340.21,2025-08-04T06:14:00
1403,233,283,4,576.93,2025-08-29T03:22:00
1404,238,212,4,42.99,2025-07-11T07:32:00
1405,146,138,3,1540.45,2025-08-01T21:15:00
1406,3,213,1,82.57,2025-03-20T11:53:00
1407,266,163,3,856.2,2025-10-20T13:15:00
1408,285,201,2,3083.26,2025-07-21T01:51:00
1409,296,220,2,4697.26,2025-07-19T23:11:00
1410,207,163,2,2189.82,2025-02-20T22:51:00
1411,65,259,1,3159.05,2025-07-20T20:58:00
1412,134,284,2,4743.76,2025-04-15T02:05:00
1413,14,224,1,3146.33,2025-03-20T00:39:00
1414,279,41,4,131.32,2025-03-08T14:40:00
1415,184,96,2,3264.35,2025-04-24T09:12:00
1416,275,126,4,3853.11,2025-01-27T08:05:00
1417,74,12,1,559.1,2025-03-04T03:09:00
1418,145,135,2,468.42,2025-09-11T11:58:00
1419,107,201,1,2457.73,2025-01-12T13:04:00
1420,250,40,2,3438.25,2025-07-12T10:40:00
1421,231,83,2,1497.28,2025-04-02T21:36:00
1422,17,61,3,4968.73,2025-09-05T19:38:00
1423,280,3,2,2611.13,2025-05-11T03:12:00
1424,16,275,1,2592.38,2025-03-20T06:55:00
1425,187,59,2,152.34,2025-03-12T07:05:00
1426,65,138,3,2410.47,2025-02-17T11:45:00
1427,283,151,4,3727.25,2025-09-11T13:32:00
1428,205,99,3,868.93,2025-05-24T12:06:00
1429,299,160,2,3971.53,2025-09-07T13:56:00
1430,229,217,3,4080.38,2025-02-25T19:24:00
1431,220,103,3,1872.93,2025-02-02T14:10:00
1432,18,262,3,2936.41,2025-05-31T19:52:00
1433,272,181,4,154.55,2025-04-03T10:27:00
1434,96,184,2,367.84,2025-07-10T11:09:00
1435,161,63,1,1596.35,2025-01-06T22:21:00
1436,110,239,3,4494.23,2025-10-15T02:24:00
1437,146,109,2,519.09,2025-05-23T22:38:00
1438,39,294,4,3412.25,2025-08-11T10:52:00
1439,164,102,2,253.05,2025-09-10T15:02:00
1440,141,216,1,624.84,2025-03-29T19:20:00
1441,197,122,1,1428.76,2025-10-22T00:58:00
1442,237,146,2,4209.01,2025-07-26T01:57:00
1443,274,271,1,1690.26,2025-01-09T02:30:00
1444,49,213,3,1376.99,2025-06-27T12:05:00
1445,285,161,4,3063.54,2025-07-21T09:44:00
1446,233,253,1,4216.16,2025-02-22T00:14:00
1447,25,6,2,530.15,2025-06-15T22:46:00
1448,224,116,2,444.64,2025-07-08T17:00:00
1449,27,133,1,558.46,2025-06-05T02:16:00
1450,169,195,3,3494.83,2025-03-12T18:29:00
1451,62,65,3,4310.17,2025-10-27T13:40:00
1452,229,63,2,2891.53,2025-09-08T08:20:00
1453,248,116,1,1322.74,2025-06-01T22:05:00
1454,181,286,2,3299.11,2025-04-16T22:04:00
1455,39,254,1,1066.31,2025-04-21T14:52:00
1456,198,97,4,527.15,2025-04-17T18:48:00
1457,271,264,3,3803.64,2025-06-09T22:29:00
1458,79,259,1,4571.06,2025-04-23T11:24:00
1459,232,263,2,3901.21,2025-04-07T02:17:00
1460,217,85,3,4757.72,2025-10-23T20:06:00
1461,76,237,1,3726.4,2025-05-04T00:57:00
1462,236,96,3,147.79,2025-09-29T14:22:00
1463,136,61,1,1775.36,2025-04-19T04:25:00
1464,258,221,3,270.52,2025-05-20T11:06:00
1465,26,196,4,973.69,2025-04-07T12:11:00
1466,142,272,4,2595.5,2025-02-25T21:03:00
1467,128,57,2,580.36,2025-01-19T18:17:00
1468,123,34,1,1380.92,2025-07-27T12:25:00
1469,52,113,3,2478.38,2025-03-29T06:22:00
1470,148,2,1,929.47,2025-09-02T23:19:00
1471,123,88,3,3408.81,2025-03-27T05:21:00
1472,234,73,1,3331.83,2025-08-08T10:01:00
1473,91,136,1,857.77,2025-01-05T19:22:00
1474,243,299,1,2444.1,2025-05-07T15:07:00
1475,24,9,3,4177.62,2025-09-26T16:10:00
1476,76,49,1,1526.49,2025-06-21T14:31:00
1477,180,280,3,3318.73,2025-05-10T11:29:00
1478,7,181,3,3552.23,2025-09-23T21:54:00
1479,248,58,3,3430.49,2025-01-11T04:26:00
1480,113,73,3,2491.67,2025-05-06T18:47:00
1481,221,185,2,3723.1,2025-04-10T12:40:00
1482,56,141,4,4936.72,2025-09-27T05:16:00
1483,179,170,4,2947.79,2025-05-22T09:12:00
1484,22,297,3,4171.69,2025-03-04T13:50:00
1485,233,291,3,1445.6,2025-01-05T15:59:00
1486,76,239,2,2618.31,2025-05-29T19:35:00
1487,84,156,4,1444.86,2025-05-31T00:29:00
1488,21,112,3,4128.23,2025-03-05T01:31:00
1489,157,3,4,1764.52,2025-01-01T01:16:00
1490,71,180,3,3927.39,2025-09-15T21:49:00
1491,288,80,1,3567.42,2025-03-15T23:12:00
1492,222,300,1,1457.56,2025-01-17T15:59:00
1493,182,128,4,2115.7,2025-02-20T08:58:00
1494,155,160,2,2821.72,2025-06-15T18:08:00
1495,103,129,2,2084.48,2025-04-13T09:19:00
1496,44,153,4,2731.42,2025-07-12T13:06:00
1497,71,270,4,3472.2,2025-09-15T21:45:00
1498,184,240,3,2141.21,2025-08-04T13:29:00
1499,15,287,1,4787.67,2025-08-04T02:48:00
1500,72,155,2,2903.71,2025-07-11T04:39:00
1501,279,290,3,272.41,2025-07-21T04:25:00
1502,4,237,4,4196.79,2025-02-13T01:17:00
1503,55,171,1,4110.59,2025-10-17T15:44:00
1504,170,32,1,3703.66,2025-09-19T23:45:00
1505,28,105,2,2812.44,2025-09-11T04:14:00
1506,80,155,3,3597.11,2025-01-04T15:39:00
1507,103,59,1,5.18,2025-03-03T16:06:00
1508,127,105,1,2371.34,2025-09-16T14:25:00
1509,29,63,3,2025.76,2025-04-05T07:53:00
1510,280,134,4,4297.27,2025-03-05T13:09:00
1511,12,95,2,4093.66,2025-05-04T05:32:00
1512,280,103,4,2404.93,2025-05-29T21:06:00
1513,253,189,3,1958.99,2025-02-24T14:26:00
1514,218,76,1,1420.69,2025-03-03T18:24:00
1515,6,298,3,175.25,2025-08-16T01:58:00
1516,182,72,4,4412.71,2025-08-23T08:00:00
1517,82,184,2,1747.43,2025-09-26T12:32:00
1518,33,90,2,1762.58,2025-10-16T10:29:00
1519,72,143,3,4617.77,2025-02-04T20:30:00
1520,193,242,2,2882.31,2025-09-17T21:33:00
1521,133,67,3,2946.32,2025-10-25T11:37:00
1522,207,35,1,152.46,2025-03-23T07:06:00
1523,55,256,4,1621.68,2025-04-29T23:50:00
1524,122,54,2,3642.17,2025-07-16T13:59:00
1525,33,32,3,576.8,2025-02-07T14:48:00
1526,192,16,2,1609.19,2025-08-19T12:08:00
1527,294,285,2,982.61,2025-09-09T14:43:00
1528,147,116,2,3712.06,2025-08-11T16:51:00
1529,99,45,1,3147.43,2025-02-19T06:02:00
1530,72,3,3,3873.06,2025-10-18T17:55:00
1531,37,175,2,3413.39,2025-09-28T15:12:00
1532,107,293,4,2506.75,2025-07-02T19:57:00
1533,287,71,1,2197.2,2025-07-12T02:36:00
1534,41,66,3,509.06,2025-09-13T07:03:00
1535,277,170,1,1123.99,2025-05-29T08:24:00
1536,184,35,2,4840.73,2025-02-08T17:36:00
1537,124,266,3,1999.1,2025-01-30T17:44:00
1538,57,299,4,4684.95,2025-05-15T20:01:00
1539,17,174,4,1308.1,2025-06-21T01:08:00
1540,105,281,3,4621.25,2025-02-01T07:31:00
1541,38,289,1,1732.5,2025-02-06T13:38:00
1542,42,283,4,4733.27,2025-05-19T23:02:00
1543,54,19,4,2540.48,2025-06-29T13:30:00
1544,156,117,1,4656.58,2025-01-14T06:34:00
1545,195,10,4,265.44,2025-07-13T22:08:00
1546,221,219,2,582.34,2025-03-02T19:57:00
1547,189,181,2,1718.91,2025-01-30T07:14:00
1548,48,6,2,2068.26,2025-10-02T18:02:00
1549,8,128,1,387.68,2025-03-06T14:11:00
1550,145,23,3,1751.59,2025-05-06T09:08:00
1551,204,246,1,3284.67,2025-02-09T08:34:00
1552,106,254,3,4488.71,2025-04-23T14:45:00
1553,155,188,3,4345.51,2025-05-06T16:57:00
1554,137,164,1,274.72,2025-07-30T22:39:00
1555,249,144,1,1021.76,2025-03-12T16:14:00
1556,157,284,2,618.13,2025-03-14T01:15:00
1557,226,233,1,111.34,2025-01-18T08:17:00
1558,197,154,1,303.3,2025-07-16T15:01:00
1559,196,197,4,226.86,2025-04-16T12:11:00
1560,221,273,1,3303.71,2025-01-17T17:48:00
1561,179,14,3,4613.88,2025-05-15T18:13:00
1562,15,175,4,4329.38,2025-01-30T03:35:00
1563,199,148,4,2122.06,2025-10-18T16:16:00
1564,84,196,4,3729.44,2025-05-02T04:58:00
1565,8,144,3,432.26,2025-05-08T17:18:00
1566,173,293,4,197.84,2025-05-21T11:17:00
1567,129,7,1,1537.94,2025-06-14T08:54:00
1568,92,228,4,91.25,2025-01-05T14:02:00
1569,184,246,2,2046.01,2025-10-24T02:17:00
1570,283,161,1,2205.0,2025-05-13T08:16:00
1571,254,66,2,3153.54,2025-03-17T19:41:00
1572,26,120,1,3274.73,2025-04-05T21:32:00
1573,226,297,3,214.57,2025-04-27T01:45:00
1574,133,132,1,3393.55,2025-06-30T17:45:00
1575,23,121,3,550.27,2025-09-17T14:07:00
1576,262,40,2,1024.19,2025-10-20T11:53:00
1577,213,37,4,4379.89,2025-03-15T00:20:00
1578,185,172,4,4487.47,2025-07-11T15:18:00
1579,16,83,3,227.83,2025-03-18T18:01:00
1580,55,109,3,2556.43,2025-09-18T18:45:00
1581,177,111,4,4154.48,2025-01-17T21:46:00
1582,77,196,1,4776.12,2025-04-25T18:32:00
1583,295,281,4,2697.14,2025-03-04T16:51:00
1584,27,242,4,1588.11,2025-04-10T18:18:00
1585,125,169,2,3996.03,2025-07-05T07:29:00
1586,162,60,2,2227.81,2025-07-29T11:05:00
1587,181,287,1,4573.6,2025-09-05T19:14:00
1588,230,215,2,2848.86,2025-03-06T17:15:00
1589,209,300,2,3029.7,2025-05-27T10:20:00
1590,61,42,4,2108.01,2025-03-17T18:31:00
1591,102,93,4,82.48,2025-03-03T13:16:00
1592,284,241,1,636.36,2025-01-18T13:01:00
1593,86,38,2,2576.91,2025-09-29T12:57:00
1594,217,182,2,2014.58,2025-10-13T07:45:00
1595,151,61,3,4487.64,2025-06-22T18:38:00
1596,56,24,1,3695.05,2025-07-01T14:58:00
1597,210,231,4,1450.01,2025-09-02T22:08:00
1598,94,261,1,765.52,2025-01-04T18:37:00
1599,190,233,4,1605.58,2025-04-01T16:46:00
1600,144,50,2,1490.26,2025-06-24T01:36:00
1601,266,269,4,1429.86,2025-07-16T10:48:00
1602,92,74,1,4070.87,2025-04-18T13:33:00
1603,143,295,3,501.84,2025-05-26T05:07:00
1604,148,141,4,2197.39,2025-03-28T09:58:00
1605,133,55,2,3333.84,2025-03-14T03:13:00
1606,283,261,2,141.61,2025-01-21T17:34:00
1607,100,4,4,4163.36,2025-01-14T11:13:00
1608,145,293,4,3661.79,2025-09-24T04:53:00
1609,233,152,1,3582.67,2025-03-03T14:56:00
1610,222,253,3,438.88,2025-03-12T08:46:00
1611,60,182,1,3722.67,2025-04-24T23:04:00
1612,168,81,3,1384.16,2025-09-20T21:49:00
1613,38,162,1,2169.72,2025-09-24T10:12:00
1614,286,19,1,1233.34,2025-10-28T12:55:00
1615,113,101,3,2353.23,2025-09-06T05:46:00
1616,255,145,2,996.87,2025-02-15T16:54:00
1617,110,2,4,340.97,2025-10-13T19:13:00
1618,92,20,4,3441.47,2025-07-14T20:37:00
1619,121,179,4,2654.65,2025-04-03T09:53:00
1620,119,150,4,2453.66,2025-07-20T19:22:00
1621,279,247,3,487.18,2025-02-27T09:26:00
1622,229,167,2,3313.78,2025-03-01T05:29:00
1623,164,59,3,3486.36,2025-03-07T15:53:00
1624,251,211,2,149.67,2025-05-18T16:13:00
1625,210,32,3,1311.72,2025-06-12T13:25:00
1626,227,218,4,1307.19,2025-01-28T08:31:00
1627,113,174,1,1546.01,2025-07-29T07:36:00
1628,86,275,2,3898.86,2025-02-26T19:39:00
1629,169,67,1,4751.64,2025-01-11T12:05:00
1630,171,181,1,3276.38,2025-09-23T06:23:00
1631,275,102,2,4191.55,2025-07-22T22:14:00
1632,149,83,3,1660.85,2025-04-21T17:46:00
1633,128,7,1,4228.18,2025-09-27T03:32:00
1634,204,249,1,788.94,2025-06-04T00:14:00
1635,127,18,3,3750.83,2025-07-13T20:25:00
1636,68,139,1,387.25,2025-09-16T23:45:00
1637,213,11,1,3714.55,2025-10-05T19:58:00
1638,78,49,4,975.45,2025-06-09T10:27:00
1639,263,12,3,1373.88,2025-04-14T03:16:00
1640,296,242,4,1459.74,2025-02-17T07:26:00
1641,288,143,4,1425.69,2025-10-01T16:15:00
1642,196,9,4,3639.15,2025-07-10T17:45:00
1643,56,232,2,2891.51,2025-01-13T12:49:00
1644,119,229,3,2386.65,2025-02-25T20:19:00
1645,171,74,1,481.47,2025-03-28T06:55:00
1646,251,128,1,710.95,2025-08-31T16:46:00
1647,291,120,1,3838.21,2025-05-10T13:19:00
1648,173,78,1,1610.61,2025-10-17T19:26:00
1649,3,138,2,3776.41,2025-09-08T17:31:00
1650,161,121,3,2309.55,2025-09-05T16:35:00
1651,42,54,4,3497.78,2025-07-12T04:48:00
1652,7,83,1,835.15,2025-08-13T03:02:00
1653,218,254,2,3132.69,2025-09-26T15:08:00
1654,281,215,4,51.25,2025-03-02T13:18:00
1655,139,268,3,3077.43,2025-07-10T18:41:00
1656,85,73,3,2618.64,2025-04-15T19:45:00
1657,191,266,3,2363.19,2025-04-18T10:59:00
1658,70,85,4,54.06,2025-08-02T05:09:00
1659,241,35,1,1562.64,2025-04-07T06:44:00
1660,49,276,4,1658.52,2025-02-01T19:29:00
1661,81,35,3,3183.54,2025-04-26T11:40:00
1662,8,99,3,1424.52,2025-08-07T18:46:00
1663,157,189,4,4671.87,2025-10-15T17:41:00
1664,104,40,2,519.37,2025-04-21T08:11:00
1665,135,289,1,637.89,2025-09-25T18:41:00
1666,197,170,3,4833.46,2025-08-31T06:10:00
1667,2,119,2,461.23,2025-03-17T04:10:00
1668,244,1,3,393.55,2025-01-27T04:32:00
1669,226,218,4,1638.81,2025-09-14T03:15:00
1670,287,202,4,3870.73,2025-08-31T11:19:00
1671,268,163,1,4417.01,2025-04-20T05:40:00
1672,143,74,4,2804.63,2025-09-08T22:50:00
1673,129,62,4,3262.2,2025-04-02T00:55:00
1674,188,239,3,3643.82,2025-04-20T19:35:00
1675,98,196,3,899.13,2025-01-06T06:28:00
1676,185,270,2,33.04,2025-06-08T10:06:00
1677,189,130,1,3035.84,2025-01-18T20:17:00
1678,246,204,1,4978.71,2025-05-10T08:40:00
1679,30,293,1,4316.61,2025-08-30T19:40:00
1680,233,252,2,2369.87,2025-10-07T03:02:00
1681,190,15,2,3529.67,2025-04-01T04:05:00
1682,215,62,1,2219.67,2025-02-01T10:06:00
1683,279,143,2,3277.25,2025-01-09T10:53:00
1684,163,87,3,2584.12,2025-07-26T13:53:00
1685,32,34,2,4126.11,2025-09-14T04:46:00
1686,137,43,2,2219.78,2025-05-22T19:12:00
1687,259,210,2,3178.32,2025-01-02T09:17:00
1688,288,180,1,1710.56,2025-10-18T22:05:00
1689,290,238,1,585.73,2025-02-16T05:46:00
1690,45,96,3,2957.79,2025-01-11T05:50:00
1691,6,112,3,2304.44,2025-05-07T09:53:00
1692,98,68,3,271.41,2025-05-27T05:17:00
1693,72,290,3,2072.84,2025-04-07T08:56:00
1694,103,91,3,1300.47,2025-08-14T08:05:00
1695,251,182,3,1747.55,2025-09-25T14:53:00
1696,88,19,4,782.74,2025-10-19T06:44:00
1697,223,178,3,1041.2,2025-09-15T17:53:00
1698,138,47,2,1294.78,2025-08-28T08:02:00
1699,60,265,2,2378.67,2025-08-28T18:20:00
1700,191,289,4,3293.23,2025-01-18T10:44:00
1701,54,184,1,797.96,2025-09-01T10:21:00
1702,52,96,3,1534.85,2025-08-28T17:11:00
1703,12,225,4,2969.91,2025-08-11T23:25:00
1704,243,125,3,3618.25,2025-06-22T15:43:00
1705,206,154,1,4853.97,2025-04-30T16:06:00
1706,216,219,3,4770.14,2025-07-25T18:01:00
1707,84,263,2,4612.16,2025-09-26T06:36:00
1708,72,67,3,3943.9,2025-01-28T02:19:00
1709,73,178,4,1982.99,2025-08-24T00:42:00
1710,76,103,2,1509.91,2025-02-11T05:15:00
1711,105,224,1,3622.05,2025-03-20T21:35:00
1712,192,3,4,800.85,2025-02-21T15:35:00
1713,202,109,4,3343.84,2025-08-26T22:15:00
1714,50,199,2,1595.19,2025-03-10T12:49:00
1715,168,145,4,2986.71,2025-10-01T02:22:00
1716,251,14,2,4428.51,2025-04-02T07:23:00
1717,186,175,1,3054.78,2025-07-23T02:41:00
1718,118,71,4,943.91,2025-04-19T09:27:00
1719,48,174,4,3271.95,2025-08-06T04:18:00
1720,160,199,4,178.96,2025-08-04T05:10:00
1721,204,265,1,2327.29,2025-02-12T11:43:00
1722,52,208,1,808.61,2025-03-07T18:32:00
1723,197,233,1,2433.27,2025-07-25T13:49:00
1724,28,156,4,1296.95,2025-03-01T19:51:00
1725,231,258,3,3906.11,2025-06-21T17:23:00
1726,58,92,4,2660.9,2025-07-16T21:05:00
1727,77,4,3,4741.27,2025-05-13T06:32:00
1728,233,223,1,2326.49,2025-01-21T03:55:00
1729,251,236,3,255.12,2025-07-09T08:27:00
1730,173,152,1,2716.03,2025-04-02T09:22:00
1731,214,9,4,1626.54,2025-01-19T19:07:00
1732,183,19,4,1246.89,2025-02-13T17:06:00
1733,65,75,4,2158.35,2025-05-21T11:29:00
1734,125,269,4,208.0,2025-06-17T11:02:00
1735,76,52,4,2565.6,2025-02-10T10:59:00
1736,155,217,4,116.81,2025-05-12T23:41:00
1737,41,222,1,3969.26,2025-10-20T08:19:00
1738,264,277,2,3472.81,2025-01-26T11:36:00
1739,243,111,4,1377.56,2025-04-06T08:32:00
1740,24,205,2,3392.65,2025-05-20T00:26:00
1741,107,10,4,3287.78,2025-05-21T08:29:00
1742,163,50,2,1128.0,2025-06-16T07:04:00
1743,148,236,4,3175.69,2025-06-18T17:24:00
1744,244,286,1,1718.04,2025-06-13T11:52:00
1745,228,78,4,4272.51,2025-09-13T06:34:00
1746,88,200,3,2017.68,2025-10-20T02:40:00
1747,250,288,3,420.04,2025-09-29T11:19:00
1748,150,162,4,3374.13,2025-01-16T04:39:00
1749,300,86,3,2826.64,2025-08-01T00:48:00
1750,146,285,4,4948.45,2025-07-12T17:08:00
1751,194,64,1,1981.77,2025-04-19T03:36:00
1752,149,92,2,3835.54,2025-07-25T17:26:00
1753,181,112,4,4502.79,2025-05-23T10:49:00
1754,186,55,3,2514.01,2025-09-30T12:14:00
1755,207,254,4,1434.99,2025-08-19T05:59:00
1756,91,205,3,21.67,2025-06-21T14:41:00
1757,89,51,4,2902.89,2025-08-03T13:26:00
1758,97,15,2,697.17,2025-09-15T02:38:00
1759,293,210,1,1628.48,2025-05-08T05:36:00
1760,242,47,3,118.48,2025-07-19T17:32:00
1761,99,83,4,1848.48,2025-05-03T05:30:00
1762,103,166,2,1468.44,2025-01-16T06:36:00
1763,237,236,2,3419.94,2025-08-16T07:50:00
1764,91,237,1,4019.42,2025-06-19T05:15:00
1765,237,36,1,3744.3,2025-07-28T16:30:00
1766,198,37,4,4788.09,2025-10-03T03:45:00
1767,274,13,4,2406.63,2025-01-31T09:51:00
1768,204,21,3,2000.15,2025-09-19T20:41:00
1769,226,220,1,522.6,2025-05-15T18:48:00
1770,58,87,3,2067.4,2025-06-23T04:58:00
1771,125,248,2,1326.22,2025-06-18T20:44:00
1772,38,235,4,3763.75,2025-05-14T10:18:00
1773,228,170,4,3499.31,2025-10-18T08:38:00
1774,19,72,2,2611.29,2025-01-14T07:56:00
1775,190,289,3,3570.45,2025-06-07T22:10:00
1776,291,157,4,3566.83,2025-05-31T04:47:00
1777,66,76,3,4296.44,2025-05-12T20:14:00
1778,15,109,3,746.08,2025-01-07T08:23:00
1779,261,265,4,2387.49,2025-03-29T11:41:00
1780,80,257,3,2619.07,2025-07-13T15:41:00
1781,87,269,4,881.06,2025-07-14T00:42:00
1782,34,176,2,1549.99,2025-04-25T04:17:00
1783,62,101,3,2496.46,2025-10-19T20:58:00
1784,7,269,2,3708.18,2025-07-06T21:02:00
1785,205,51,3,2539.55,2025-05-19T17:34:00
1786,276,41,1,2235.93,2025-09-25T07:15:00
1787,132,94,2,1145.56,2025-08-22T05:02:00
1788,137,283,3,461.34,2025-04-08T23:53:00
1789,33,68,3,309.02,2025-04-27T07:37:00
1790,298,245,4,495.86,2025-01-27T10:50:00
1791,38,101,4,586.45,2025-02-12T15:12:00
1792,52,278,2,2993.48,2025-06-03T18:00:00
1793,298,221,1,3601.31,2025-08-15T20:12:00
1794,234,1,3,3774.03,2025-05-19T15:40:00
1795,91,169,4,2573.43,2025-06-03T08:55:00
1796,273,128,3,1380.07,2025-10-15T16:19:00
1797,226,58,2,2440.46,2025-06-13T16:30:00
1798,254,84,2,332.47,2025-08-10T21:19:00
1799,49,227,3,3191.23,2025-10-03T05:12:00
1800,56,119,2,1539.47,2025-06-06T10:49:00
1801,272,242,1,3425.31,2025-04-18T18:43:00
1802,80,166,2,963.56,2025-07-22T05:54:00
1803,81,167,4,3269.19,2025-08-02T23:17:00
1804,118,135,4,4671.98,2025-06-05T11:09:00
1805,157,171,3,4147.01,2025-06-11T14:19:00
1806,218,289,4,3814.66,2025-01-03T12:03:00
1807,210,182,2,4875.05,2025-05-21T00:52:00
1808,104,107,3,1477.51,2025-07-11T00:20:00
1809,219,196,3,2792.55,2025-04-13T06:39:00
1810,258,226,3,538.64,2025-05-05T05:20:00
1811,246,241,1,3907.23,2025-07-19T22:58:00
1812,250,128,3,4934.71,2025-10-28T12:03:00
1813,52,29,3,1383.85,2025-07-09T14:59:00
1814,146,57,4,675.75,2025-02-07T10:49:00
1815,212,78,2,2951.09,2025-10-21T06:35:00
1816,46,225,2,1642.57,2025-10-07T21:16:00
1817,286,272,3,3449.4,2025-03-13T02:55:00
1818,161,185,4,3737.63,2025-04-20T05:20:00
1819,240,117,4,1814.21,2025-04-12T21:45:00
1820,133,131,1,705.65,2025-07-30T13:25:00
1821,250,25,1,4565.35,2025-09-20T11:01:00
1822,290,224,1,4799.14,2025-06-17T17:31:00
1823,145,295,3,3173.7,2025-02-08T18:05:00
1824,286,58,2,3993.96,2025-02-14T18:59:00
1825,240,98,1,3836.74,2025-08-09T08:29:00
1826,232,78,3,369.76,2025-10-22T10:29:00
1827,271,222,1,2010.32,2025-05-31T00:39:00
1828,200,10,1,1130.02,2025-08-07T04:16:00
1829,115,300,3,2664.16,2025-04-13T18:59:00
1830,182,296,2,948.29,2025-03-17T06:19:00
1831,93,52,1,2669.44,2025-01-21T04:34:00
1832,179,36,3,4353.43,2025-04-28T21:13:00
1833,104,156,2,2124.3,2025-05-19T07:59:00
1834,112,182,1,690.87,2025-08-14T03:53:00
1835,193,14,4,4338.33,2025-04-17T12:03:00
1836,229,225,4,997.2,2025-07-14T18:52:00
1837,64,48,2,2535.98,2025-10-24T23:33:00
1838,63,84,2,606.19,2025-09-08T23:38:00
1839,184,163,4,958.95,2025-02-16T16:23:00
1840,245,131,1,4724.76,2025-01-09T00:24:00
1841,216,205,1,1776.63,2025-06-08T02:27:00
1842,154,118,1,3253.91,2025-07-19T15:01:00
1843,141,166,1,707.98,2025-05-08T05:36:00
1844,5,66,2,705.4,2025-08-29T01:03:00
1845,108,151,3,3089.69,2025-03-22T13:11:00
1846,90,266,2,3711.12,2025-04-03T11:56:00
1847,57,84,1,2490.29,2025-06-06T12:40:00
1848,192,136,3,147.25,2025-01-14T10:01:00
1849,241,18,2,4568.32,2025-01-24T17:24:00
1850,269,87,2,505.08,2025-06-28T07:05:00
1851,215,34,1,4843.81,2025-08-26T13:54:00
1852,275,226,2,4285.29,2025-01-01T09:30:00
1853,241,132,2,1617.77,2025-10-04T11:39:00
1854,50,245,4,3744.85,2025-10-20T06:08:00
1855,113,264,2,4028.21,2025-03-15T07:42:00
1856,43,49,4,1415.09,2025-02-23T07:14:00
1857,129,95,3,1646.49,2025-08-25T21:37:00
1858,267,265,3,3800.67,2025-03-09T10:27:00
1859,192,75,1,3740.94,2025-07-17T20:03:00
1860,102,94,1,719.06,2025-01-18T07:10:00
1861,204,166,1,2862.57,2025-09-05T11:12:00
1862,296,208,4,4963.53,2025-08-21T19:16:00
1863,280,226,1,3726.08,2025-09-21T10:21:00
1864,96,131,3,4035.91,2025-09-07T17:29:00
1865,50,176,3,320.27,2025-07-07T13:41:00
1866,14,279,2,477.44,2025-08-23T03:07:00
1867,282,152,2,4367.17,2025-06-07T14:27:00
1868,284,43,2,1990.8,2025-09-19T06:09:00
1869,114,9,2,3668.39,2025-07-01T16:38:00
1870,78,289,1,4002.3,2025-07-05T17:14:00
1871,272,86,3,797.96,2025-03-26T20:40:00
1872,116,78,4,4292.18,2025-05-23T01:25:00
1873,152,200,4,4469.25,2025-08-28T10:08:00
1874,154,1,1,1260.39,2025-10-12T21:19:00
1875,107,35,1,3777.07,2025-03-13T04:30:00
1876,83,125,4,3932.63,2025-08-03T12:37:00
1877,100,128,3,357.31,2025-05-22T04:57:00
1878,206,64,2,1033.13,2025-03-14T21:17:00
1879,168,6,1,2605.5,2025-09-26T03:49:00
1880,242,119,4,1497.62,2025-03-05T17:47:00
1881,233,79,1,4401.73,2025-06-24T08:02:00
1882,196,131,1,3136.36,2025-08-07T18:10:00
1883,250,150,2,2616.58,2025-02-15T23:38:00
1884,186,124,4,4184.36,2025-08-10T13:03:00
1885,54,144,3,4524.13,2025-09-18T10:26:00
1886,129,183,1,69.57,2025-09-06T07:37:00
1887,254,114,4,3329.81,2025-02-23T22:31:00
1888,288,290,4,3035.11,2025-07-15T01:38:00
1889,56,51,1,591.78,2025-05-03T11:37:00
1890,216,202,1,1739.79,2025-08-14T14:36:00
1891,268,20,4,4066.74,2025-08-10T21:58:00
1892,14,111,2,125.6,2025-06-18T03:18:00
1893,212,15,4,4247.9,2025-05-10T11:52:00
1894,177,181,2,1386.78,2025-01-25T10:29:00
1895,135,83,2,2794.6,2025-10-08T20:20:00
1896,206,179,2,4224.38,2025-02-15T10:22:00
1897,276,117,3,4144.27,2025-02-21T23:05:00
1898,208,161,4,3199.18,2025-07-15T06:16:00
1899,249,180,3,4030.46,2025-07-05T05:10:00
1900,166,9,1,953.0,2025-06-08T16:44:00
1901,287,152,2,1992.87,2025-02-08T06:05:00
1902,47,208,3,733.1,2025-06-24T17:22:00
1903,204,69,4,522.61,2025-05-31T19:36:00
1904,43,166,2,2215.47,2025-01-21T07:35:00
1905,80,141,1,2474.99,2025-04-23T07:56:00
1906,116,226,2,731.16,2025-06-01T07:01:00
1907,248,225,4,2783.83,2025-10-18T06:26:00
1908,96,266,4,3138.14,2025-07-18T23:16:00
1909,187,135,4,1854.29,2025-05-01T10:34:00
1910,183,40,2,1611.7,2025-05-07T17:37:00
1911,66,50,4,2679.12,2025-02-23T19:14:00
1912,179,284,2,2329.11,2025-10-22T01:29:00
1913,225,255,4,327.97,2025-03-29T00:35:00
1914,230,287,1,4479.73,2025-09-02T22:09:00
1915,33,182,1,4773.9,2025-05-22T18:16:00
1916,15,252,4,3522.57,2025-03-10T12:13:00
1917,232,159,3,1656.01,2025-10-19T16:26:00
1918,74,277,3,4314.36,2025-01-28T22:48:00
1919,184,62,1,3071.18,2025-09-29T13:46:00
1920,83,100,2,4899.01,2025-04-02T05:01:00
1921,254,62,3,450.08,2025-07-26T18:44:00
1922,199,209,4,3483.59,2025-03-12T10:11:00
1923,50,160,3,891.17,2025-08-09T08:31:00
1924,47,95,3,2010.13,2025-04-27T11:41:00
1925,42,174,4,3760.32,2025-09-26T08:01:00
1926,32,286,1,3415.14,2025-02-18T05:00:00
1927,271,7,1,1637.66,2025-06-06T00:51:00
1928,291,289,3,4297.5,2025-03-30T06:40:00
1929,256,94,2,4878.99,2025-02-19T21:58:00
1930,80,192,2,4457.73,2025-04-01T16:09:00
1931,228,16,1,4676.79,2025-03-03T09:59:00
1932,150,56,3,3416.75,2025-09-23T05:57:00
1933,52,255,2,3019.5,2025-06-22T14:59:00
1934,281,200,4,4720.34,2025-10-11T02:21:00
1935,127,188,2,1201.06,2025-09-09T06:50:00
1936,207,22,3,297.83,2025-09-03T21:45:00
1937,51,267,1,3319.25,2025-06-14T16:36:00
1938,295,273,4,3785.83,2025-04-13T09:20:00
1939,70,230,2,1468.33,2025-08-07T12:27:00
1940,194,43,4,124.05,2025-02-23T10:35:00
1941,248,200,3,2490.58,2025-05-28T21:44:00
1942,29,271,1,944.45,2025-02-15T09:57:00
1943,293,278,2,3206.46,2025-01-25T17:01:00
1944,25,156,4,945.25,2025-10-03T01:52:00
1945,223,261,2,2546.18,2025-01-23T06:06:00
1946,235,96,2,3563.49,2025-02-07T22:13:00
1947,254,106,1,230.94,2025-07-15T06:57:00
1948,60,149,1,4522.46,2025-06-19T05:24:00
1949,117,191,4,228.56,2025-03-14T19:15:00
1950,133,217,3,1028.36,2025-05-20T13:44:00
1951,6,213,4,1888.77,2025-04-08T15:16:00
1952,6,203,1,3481.53,2025-08-18T04:42:00
1953,115,37,1,580.82,2025-09-08T02:11:00
1954,275,168,2,4717.8,2025-05-12T21:45:00
1955,204,146,3,1427.1,2025-10-19T08:06:00
1956,62,203,2,4751.29,2025-10-12T15:12:00
1957,66,266,1,2347.44,2025-02-25T03:14:00
1958,20,199,2,422.62,2025-02-04T07:27:00
1959,190,225,2,2212.91,2025-01-22T21:59:00
1960,258,97,2,3625.93,2025-01-23T18:00:00
1961,79,175,3,4609.59,2025-06-29T14:12:00
1962,29,201,4,769.72,2025-05-30T16:04:00
1963,116,95,2,1682.76,2025-08-13T00:55:00
1964,226,36,2,3010.29,2025-05-28T17:10:00
1965,74,281,3,288.28,2025-02-03T13:33:00
1966,274,9,2,3621.78,2025-06-14T11:02:00
1967,74,54,2,34.48,2025-01-02T18:03:00
1968,199,291,1,4285.73,2025-01-19T18:34:00
1969,38,11,4,4686.37,2025-07-17T09:43:00
1970,199,231,2,3415.99,2025-05-09T11:40:00
1971,233,246,2,2273.84,2025-07-04T07:09:00
1972,147,90,4,4995.71,2025-03-24T11:47:00
1973,11,222,3,724.2,2025-08-24T13:45:00
1974,278,117,4,629.5,2025-06-30T06:25:00
1975,216,214,4,3668.58,2025-08-16T12:29:00
1976,187,173,3,3328.54,2025-03-10T23:33:00
1977,106,126,2,3564.39,2025-10-19T06:55:00
1978,187,238,4,1877.21,2025-06-07T06:25:00
1979,73,241,1,2716.43,2025-08-20T09:57:00
1980,212,27,2,1089.8,2025-10-10T05:42:00
1981,197,265,4,905.67,2025-08-15T00:44:00
1982,106,198,2,1370.23,2025-10-16T04:41:00
1983,206,295,2,757.66,2025-06-12T14:15:00
1984,67,250,3,3053.74,2025-09-29T23:40:00
1985,19,50,1,433.32,2025-01-05T01:21:00
1986,47,161,3,1019.02,2025-03-19T06:19:00
1987,34,186,3,2919.33,2025-08-17T15:21:00
1988,90,149,3,511.99,2025-10-15T05:57:00
1989,78,84,4,596.61,2025-07-29T05:35:00
1990,283,241,3,3451.37,2025-05-08T03:42:00
1991,76,228,1,3779.59,2025-03-11T12:30:00
1992,195,245,2,3836.85,2025-10-28T22:52:00
1993,186,226,2,2239.43,2025-01-11T15:42:00
1994,291,177,3,4939.14,2025-07-09T02:11:00
1995,70,154,4,4584.24,2025-02-26T21:12:00
1996,165,150,1,1776.79,2025-09-11T00:39:00
1997,214,87,3,4257.01,2025-04-09T16:17:00
1998,267,13,4,1596.24,2025-03-27T01:41:00
1999,123,157,3,2247.41,2025-08-10T10:02:00
2000,140,235,1,1667.93,2025-01-17T04:55:00
2001,6,294,1,1517.04,2025-04-13T15:24:00
2002,199,19,3,3485.8,2025-06-21T11:51:00
2003,263,218,4,3537.87,2025-03-09T11:46:00
2004,134,283,2,2446.71,2025-05-17T02:58:00
2005,231,44,3,4308.09,2025-02-28T00:51:00
2006,66,55,2,376.7,2025-07-11T02:09:00
2007,293,122,1,4319.13,2025-01-05T23:00:00
2008,175,37,2,2915.86,2025-08-24T20:55:00
2009,170,55,1,285.55,2025-03-13T06:58:00
2010,42,96,1,3592.68,2025-02-16T00:27:00
2011,120,108,1,3586.31,2025-07-18T10:40:00
2012,272,99,4,4088.67,2025-09-11T19:45:00
2013,96,241,3,3659.17,2025-02-01T14:11:00
2014,260,4,1,883.38,2025-04-12T08:09:00
2015,278,295,2,3501.34,2025-02-08T06:11:00
2016,165,117,2,1976.37,2025-06-01T19:26:00
2017,260,147,2,2135.48,2025-06-26T23:15:00
2018,272,4,3,1410.84,2025-03-24T02:03:00
2019,33,253,3,4513.95,2025-01-31T19:48:00
2020,221,41,4,64.93,2025-02-15T10:37:00
2021,186,34,3,3637.11,2025-06-13T14:22:00
2022,246,190,4,1504.73,2025-09-08T10:34:00
2023,98,117,2,218.28,2025-06-30T13:29:00
2024,237,167,4,2320.8,2025-08-26T14:09:00
2025,73,198,4,4748.42,2025-03-13T10:24:00
2026,77,205,3,74.68,2025-03-30T04:37:00
2027,95,112,1,86.86,2025-08-30T04:17:00
2028,173,102,1,2489.13,2025-03-23T09:53:00
2029,282,143,2,953.78,2025-09-13T13:27:00
2030,82,250,1,1770.08,2025-02-24T02:20:00
2031,245,149,2,1179.59,2025-09-11T06:26:00
2032,252,7,3,3159.39,2025-06-23T20:19:00
2033,220,63,2,2650.54,2025-06-24T23:23:00
2034,66,190,4,320.31,2025-08-17T11:26:00
2035,127,108,3,3442.97,2025-06-10T20:58:00
2036,244,144,3,2888.21,2025-06-19T22:12:00
2037,66,165,2,3541.98,2025-05-02T07:31:00
2038,289,241,1,1570.73,2025-02-18T12:48:00
2039,76,165,1,2648.53,2025-08-25T19:57:00
2040,137,35,4,1950.93,2025-04-09T08:45:00
2041,74,187,1,2371.37,2025-04-25T20:00:00
2042,168,183,4,2811.58,2025-05-20T10:31:00
2043,161,275,2,4121.56,2025-04-07T19:38:00
2044,62,152,1,3678.8,2025-04-10T16:51:00
2045,259,145,2,3954.59,2025-08-05T22:52:00
2046,6,153,3,1025.18,2025-06-01T00:01:00
2047,216,41,3,2327.37,2025-03-17T14:40:00
2048,196,285,2,2971.26,2025-06-10T03:59:00
2049,141,234,3,992.91,2025-08-21T09:10:00
2050,66,166,1,623.96,2025-06-17T17:30:00
2051,189,73,3,4159.86,2025-07-12T17:01:00
2052,223,166,4,894.1,2025-01-18T20:18:00
2053,166,290,1,4416.88,2025-01-29T23:45:00
2054,68,255,1,4635.11,2025-03-13T04:06:00
2055,268,84,2,463.84,2025-07-04T11:21:00
2056,42,212,3,3755.5,2025-09-10T12:34:00
2057,32,269,4,3210.88,2025-07-22T22:09:00
2058,281,46,2,2245.25,2025-03-01T08:14:00
2059,123,29,1,267.15,2025-04-26T15:02:00
2060,22,113,2,4750.08,2025-03-12T16:20:00
2061,166,199,4,101.18,2025-05-29T15:01:00
2062,213,282,1,205.45,2025-01-19T06:14:00
2063,299,252,1,1750.16,2025-02-11T18:56:00
2064,189,261,2,1988.92,2025-03-19T17:00:00
2065,145,137,3,2556.84,2025-03-23T06:48:00
2066,132,172,2,1638.66,2025-05-14T12:07:00
2067,147,232,1,2230.49,2025-09-20T12:13:00
2068,95,58,1,1940.32,2025-02-24T23:59:00
2069,106,103,3,4165.48,2025-04-20T18:52:00
2070,156,185,4,276.57,2025-04-28T18:56:00
2071,130,112,1,1552.96,2025-04-21T05:55:00
2072,171,106,4,4734.24,2025-07-18T23:20:00
2073,235,201,2,4604.49,2025-09-03T17:38:00
2074,147,128,1,3083.77,2025-01-01T00:39:00
2075,26,6,3,4651.15,2025-06-05T14:24:00
2076,291,82,1,272.42,2025-04-21T20:12:00
2077,217,191,1,1403.49,2025-01-12T09:49:00
2078,18,62,3,713.48,2025-08-22T06:07:00
2079,16,244,2,76.65,2025-02-14T23:15:00
2080,234,297,3,1353.98,2025-10-16T15:04:00
2081,79,111,1,1990.71,2025-07-13T00:02:00
2082,255,222,4,2065.06,2025-01-07T18:57:00
2083,23,33,3,3550.96,2025-09-03T06:51:00
2084,137,13,3,4816.13,2025-04-07T07:44:00
2085,230,1,1,4368.24,2025-08-11T17:44:00
2086,251,119,1,1436.15,2025-02-15T19:23:00
2087,234,242,2,1869.47,2025-07-10T23:35:00
2088,277,75,3,3677.3,2025-06-27T13:11:00
2089,298,206,3,2340.08,2025-06-27T09:09:00
2090,254,278,4,1804.84,2025-08-10T02:38:00
2091,130,71,3,4623.97,2025-08-27T14:48:00
2092,277,85,1,1720.55,2025-03-16T19:21:00
2093,277,82,2,4886.27,2025-04-16T22:25:00
2094,42,215,1,4952.57,2025-10-06T01:33:00
2095,54,295,1,1277.31,2025-10-09T21:10:00
2096,117,172,4,589.02,2025-07-11T17:59:00
2097,203,268,4,1099.26,2025-06-29T23:26:00
2098,55,116,4,782.73,2025-04-07T22:00:00
2099,259,56,4,726.06,2025-02-06T22:19:00
2100,124,208,3,4127.03,2025-10-05T20:06:00
2101,98,13,1,160.33,2025-03-03T06:11:00
2102,37,35,3,2265.73,2025-03-02T13:22:00
2103,207,6,3,1719.13,2025-07-11T06:19:00
2104,220,245,1,3397.19,2025-01-17T15:20:00
2105,180,16,3,3504.65,2025-07-16T17:49:00
2106,51,217,3,4745.87,2025-09-09T00:24:00
2107,20,250,1,2376.98,2025-10-06T02:05:00
2108,126,49,4,1902.36,2025-06-22T07:38:00
2109,241,18,3,1552.52,2025-08-20T06:39:00
2110,211,49,1,3420.7,2025-01-15T16:28:00
2111,36,258,2,2318.58,2025-10-17T12:51:00
2112,275,25,3,2930.38,2025-09-22T15:11:00
2113,232,151,2,203.88,2025-06-19T13:07:00
2114,80,40,2,2413.32,2025-05-08T00:24:00
2115,91,193,1,1514.87,2025-04-25T10:55:00
2116,299,253,2,3570.57,2025-03-01T03:10:00
2117,72,68,1,2193.3,2025-07-07T22:27:00
2118,11,269,3,3175.99,2025-02-24T13:30:00
2119,18,143,4,2788.62,2025-08-05T02:04:00
2120,45,135,3,2375.75,2025-09-17T07:58:00
2121,71,62,1,814.17,2025-10-20T05:42:00
2122,101,229,3,2789.06,2025-09-02T02:50:00
2123,95,299,4,583.67,2025-01-21T07:12:00
2124,76,154,2,3734.48,2025-07-20T00:23:00
2125,31,262,1,568.2,2025-05-17T18:33:00
2126,5,156,2,1601.05,2025-05-05T15:51:00
2127,110,97,4,2393.99,2025-04-20T03:11:00
2128,199,284,1,734.83,2025-03-07T16:09:00
2129,35,245,1,2832.96,2025-05-07T20:48:00
2130,212,186,2,4140.74,2025-07-28T01:48:00
2131,222,22,3,3904.26,2025-01-15T06:42:00
2132,192,201,4,3034.15,2025-04-26T23:58:00
2133,66,246,4,3231.97,2025-03-22T07:38:00
2134,267,148,4,3866.63,2025-08-10T19:01:00
2135,214,34,1,3523.85,2025-03-16T20:02:00
2136,190,143,4,1407.76,2025-06-24T09:53:00
2137,275,168,3,4277.62,2025-08-29T16:31:00
2138,198,287,2,2349.29,2025-02-16T22:31:00
2139,176,273,1,1261.71,2025-05-18T08:55:00
2140,148,263,2,1568.69,2025-06-15T07:36:00
2141,98,179,3,963.27,2025-06-21T16:43:00
2142,211,143,3,2990.81,2025-04-07T19:56:00
2143,72,152,2,3437.08,2025-07-05T22:34:00
2144,284,165,2,3991.16,2025-10-25T16:11:00
2145,61,150,2,1032.64,2025-06-22T05:56:00
2146,255,192,2,1961.19,2025-05-19T18:29:00
2147,276,175,2,1277.35,2025-02-06T08:07:00
2148,193,282,4,21.32,2025-04-07T08:59:00
2149,254,233,3,2558.04,2025-08-04T06:17:00
2150,27,219,4,2978.38,2025-09-01T13:24:00
2151,161,62,2,909.62,2025-07-05T01:02:00
2152,36,143,1,2744.71,2025-05-18T04:50:00
2153,50,217,2,204.49,2025-10-18T01:00:00
2154,58,173,3,1424.52,2025-05-04T07:14:00
2155,293,137,3,4204.64,2025-03-19T00:35:00
2156,300,163,2,863.35,2025-07-16T06:34:00
2157,9,83,1,2858.35,2025-05-19T15:07:00
2158,49,127,4,1108.76,2025-08-24T19:10:00
2159,89,113,3,541.4,2025-05-03T21:19:00
2160,223,297,4,2233.6,2025-04-29T03:54:00
2161,42,210,4,2215.43,2025-07-16T19:48:00
2162,195,12,3,1029.62,2025-09-09T13:50:00
2163,269,176,3,108.48,2025-09-17T19:24:00
2164,227,106,3,726.86,2025-02-09T19:53:00
2165,194,87,4,1039.62,2025-06-10T11:25:00
2166,141,128,3,4492.77,2025-07-14T19:56:00
2167,241,13,2,3229.16,2025-02-03T14:45:00
2168,12,200,3,1800.81,2025-01-11T15:27:00
2169,229,218,1,2189.62,2025-06-28T07:17:00
2170,188,134,4,794.7,2025-04-23T18:41:00
2171,265,272,2,4230.28,2025-07-15T11:03:00
2172,118,47,2,466.42,2025-10-11T01:16:00
2173,41,269,3,2268.24,2025-05-31T04:54:00
2174,224,143,2,1149.3,2025-06-09T05:33:00
2175,35,119,1,3106.62,2025-10-21T20:50:00
2176,91,148,4,4710.37,2025-03-27T07:01:00
2177,101,40,1,3865.32,2025-05-18T05:34:00
2178,64,237,3,3617.43,2025-03-20T17:59:00
2179,96,126,1,1630.76,2025-03-29T08:32:00
2180,11,257,1,1972.06,2025-03-27T01:30:00
2181,80,68,2,4309.13,2025-07-08T18:50:00
2182,143,237,2,2277.45,2025-02-26T22:15:00
2183,83,22,1,4914.37,2025-03-11T00:18:00
2184,236,271,4,3389.24,2025-07-22T17:34:00
2185,207,269,4,4810.71,2025-09-24T11:50:00
2186,296,208,3,2619.73,2025-07-28T05:32:00
2187,256,65,1,1038.43,2025-07-08T09:07:00
2188,212,196,4,1501.09,2025-01-13T10:31:00
2189,102,9,2,2180.51,2025-03-17T14:55:00
2190,72,155,4,1226.24,2025-01-09T07:57:00
2191,225,130,4,1999.2,2025-08-27T11:56:00
2192,105,238,2,2081.92,2025-01-27T07:09:00
2193,52,152,3,270.33,2025-08-27T12:56:00
2194,222,40,3,1777.1,2025-09-20T17:30:00
2195,21,246,1,1765.65,2025-04-10T09:59:00
2196,260,85,1,4960.54,2025-03-16T23:45:00
2197,288,139,1,128.29,2025-04-22T20:33:00
2198,191,13,4,2020.04,2025-08-24T11:39:00
2199,168,146,3,259.33,2025-09-22T18:07:00
2200,225,250,4,3819.38,2025-01-19T21:49:00
2201,281,290,1,4993.23,2025-03-20T12:21:00
2202,226,137,2,715.35,2025-04-11T02:39:00
2203,197,142,4,1105.09,2025-01-23T09:00:00
2204,69,100,4,2848.63,2025-08-02T04:27:00
2205,281,291,3,4952.18,2025-04-18T00:04:00
2206,84,20,3,3637.55,2025-02-03T07:29:00
2207,85,253,1,404.45,2025-08-24T10:39:00
2208,191,241,3,2887.33,2025-10-08T23:21:00
2209,168,270,2,3340.42,2025-09-24T21:17:00
2210,126,116,1,2172.2,2025-05-20T10:32:00
2211,154,256,4,261.18,2025-06-03T08:06:00
2212,76,285,2,4223.22,2025-04-23T07:29:00
2213,79,51,3,2066.16,2025-07-24T13:36:00
2214,170,154,1,1216.26,2025-09-04T21:04:00
2215,161,30,4,2032.59,2025-08-10T04:26:00
2216,243,16,3,4688.28,2025-03-02T09:15:00
2217,250,252,4,2944.17,2025-07-27T13:54:00
2218,121,147,2,3054.81,2025-03-26T10:10:00
2219,168,193,1,507.8,2025-02-12T23:00:00
2220,77,277,4,2465.78,2025-02-17T22:41:00
2221,78,27,1,2358.68,2025-01-17T04:18:00
2222,188,183,1,206.95,2025-06-08T10:06:00
2223,20,299,1,4940.98,2025-01-01T06:50:00
2224,88,201,4,542.15,2025-05-30T19:53:00
2225,270,37,3,697.39,2025-08-25T19:54:00
2226,134,81,1,2484.6,2025-04-25T22:18:00
2227,17,202,3,3326.72,2025-08-31T14:22:00
2228,261,157,3,3269.18,2025-07-25T13:51:00
2229,121,159,3,1056.68,2025-08-25T04:45:00
2230,80,19,1,298.45,2025-03-02T04:06:00
2231,230,65,2,3615.23,2025-05-25T10:44:00
2232,164,297,2,3594.61,2025-08-11T13:07:00
2233,283,155,2,4478.47,2025-01-18T11:10:00
2234,201,99,3,334.95,2025-01-17T08:24:00
2235,96,255,4,3293.36,2025-07-23T22:55:00
2236,166,231,2,4079.83,2025-08-05T21:20:00
2237,291,95,1,4346.52,2025-03-26T08:26:00
2238,48,250,3,745.1,2025-03-13T07:32:00
2239,254,143,2,3605.32,2025-08-02T01:49:00
2240,5,185,3,4002.04,2025-07-10T10:00:00
2241,54,248,2,1059.25,2025-06-20T21:42:00
2242,259,141,4,4448.48,2025-04-11T13:49:00
2243,21,233,3,2696.27,2025-08-22T01:18:00
2244,171,10,4,2948.65,2025-02-02T15:53:00
2245,214,238,2,4615.83,2025-04-25T14:16:00
2246,154,20,2,3343.82,2025-10-24T08:25:00
2247,136,3,2,207.52,2025-08-19T07:25:00
2248,2,221,1,4793.39,2025-05-21T17:52:00
2249,280,214,1,2511.25,2025-06-06T19:42:00
2250,27,255,2,2672.78,2025-10-10T09:49:00
2251,60,121,4,2805.97,2025-06-18T05:34:00
2252,103,8,4,402.99,2025-05-06T15:01:00
2253,51,67,3,849.27,2025-05-30T21:16:00
2254,213,83,4,1024.45,2025-03-25T11:06:00
2255,148,159,1,385.75,2025-03-21T03:54:00
2256,2,123,1,3894.43,2025-05-19T05:07:00
2257,232,173,1,2504.81,2025-10-01T14:32:00
2258,63,247,3,3928.56,2025-07-02T02:22:00
2259,91,199,2,2728.8,2025-05-09T23:01:00
2260,45,33,2,733.34,2025-03-24T16:52:00
2261,274,100,4,4955.61,2025-06-29T00:21:00
2262,200,222,1,4037.34,2025-07-26T06:10:00
2263,98,248,1,4880.81,2025-04-27T21:59:00
2264,254,286,4,1939.44,2025-07-08T06:57:00
2265,22,19,4,944.46,2025-10-20T11:01:00
2266,191,174,4,3749.91,2025-01-04T10:55:00
2267,238,44,2,4215.9,2025-09-24T17:49:00
2268,60,70,4,2474.26,2025-10-10T23:48:00
2269,175,62,1,3931.8,2025-06-12T07:19:00
2270,275,218,3,199.5,2025-02-24T01:19:00
2271,71,133,4,4996.41,2025-05-24T10:54:00
2272,211,39,3,380.18,2025-06-07T23:19:00
2273,209,12,1,4906.36,2025-06-17T05:45:00
2274,48,71,1,1815.85,2025-02-18T08:49:00
2275,171,163,1,917.18,2025-04-19T18:51:00
2276,41,119,1,1386.19,2025-10-09T17:58:00
2277,41,282,3,4532.07,2025-06-02T03:57:00
2278,207,21,3,4594.6,2025-08-04T02:42:00
2279,171,138,1,688.77,2025-02-18T18:00:00
2280,55,245,1,2348.77,2025-07-04T12:34:00
2281,55,136,2,2956.32,2025-10-15T07:05:00
2282,172,87,2,3244.19,2025-10-19T22:55:00
2283,54,9,4,1096.0,2025-03-06T05:47:00
2284,261,123,4,31.41,2025-09-25T08:36:00
2285,97,253,2,301.56,2025-04-19T19:42:00
2286,199,99,3,1724.62,2025-07-27T18:26:00
2287,297,148,3,1248.91,2025-03-05T22:26:00
2288,131,255,1,4889.19,2025-07-27T18:12:00
2289,130,66,2,4073.16,2025-10-25T03:42:00
2290,128,68,1,1158.12,2025-05-08T23:02:00
2291,37,203,2,4826.27,2025-05-22T03:36:00
2292,2,108,1,4150.7,2025-01-08T13:06:00
2293,175,106,4,726.2,2025-03-05T11:20:00
2294,211,194,3,2219.84,2025-04-14T20:09:00
2295,106,200,3,944.06,2025-05-05T15:31:00
2296,141,224,1,1264.3,2025-08-10T14:10:00
2297,32,31,4,2623.79,2025-04-15T13:07:00
2298,148,73,3,1400.24,2025-08-07T00:30:00
2299,272,34,4,1742.48,2025-04-25T14:12:00
2300,142,245,4,1351.85,2025-09-03T07:28:00
2301,69,9,2,3227.88,2025-07-16T07:35:00
2302,261,75,1,1342.04,2025-07-09T16:16:00
2303,51,140,3,3733.28,2025-01-11T02:36:00
2304,55,124,3,1264.23,2025-05-06T21:59:00
2305,285,295,2,3139.46,2025-09-28T00:09:00
2306,11,168,4,2841.92,2025-01-01T15:12:00
2307,96,56,3,3605.8,2025-08-06T08:44:00
2308,140,103,4,3350.83,2025-10-17T18:22:00
2309,50,195,4,3124.97,2025-05-06T10:02:00
2310,173,183,4,3795.84,2025-09-30T10:31:00
2311,117,221,1,3450.2,2025-02-22T18:57:00
2312,71,119,4,4333.43,2025-04-15T14:26:00
2313,274,38,1,3406.4,2025-10-08T14:45:00
2314,70,114,2,1096.26,2025-02-19T01:16:00
2315,6,210,1,4956.62,2025-08-19T06:05:00
2316,175,122,1,472.08,2025-05-09T19:34:00
2317,124,23,4,3446.54,2025-10-05T05:42:00
2318,4,251,2,3979.63,2025-06-19T03:05:00
2319,258,299,2,4624.43,2025-05-23T00:27:00
2320,179,183,4,2783.65,2025-03-26T00:47:00
2321,50,293,1,3338.16,2025-04-09T05:52:00
2322,81,120,1,3663.54,2025-04-11T06:12:00
2323,68,152,4,311.07,2025-08-19T07:39:00
2324,69,17,1,3630.09,2025-04-15T11:40:00
2325,154,222,2,3441.15,2025-03-23T15:24:00
2326,4,88,3,180.47,2025-03-31T21:53:00
2327,216,56,1,3823.27,2025-04-19T02:09:00
2328,213,56,4,1150.14,2025-03-27T08:45:00
2329,267,285,3,4432.51,2025-03-22T19:34:00
2330,291,111,4,2127.31,2025-08-16T08:20:00
2331,134,110,1,985.37,2025-06-01T12:49:00
2332,275,239,1,4374.25,2025-03-01T22:08:00
2333,28,118,1,2802.52,2025-07-22T20:37:00
2334,70,28,2,2697.43,2025-04-29T04:15:00
2335,26,261,1,1211.27,2025-10-10T02:21:00
2336,269,276,1,1301.99,2025-06-20T17:08:00
2337,92,23,4,2455.09,2025-04-16T04:51:00
2338,113,46,2,3126.08,2025-02-06T13:46:00
2339,280,42,3,2307.19,2025-05-22T10:01:00
2340,17,6,1,3877.64,2025-01-13T23:01:00
2341,43,166,2,3789.0,2025-10-27T02:05:00
2342,98,247,1,2197.7,2025-10-03T20:23:00
2343,30,14,2,4942.07,2025-06-10T12:43:00
2344,59,259,3,3763.88,2025-05-14T05:05:00
2345,280,76,4,1439.48,2025-09-25T02:09:00
2346,90,148,1,1574.0,2025-08-29T01:32:00
2347,223,240,1,225.51,2025-01-26T00:42:00
2348,134,126,4,1730.03,2025-06-24T02:23:00
2349,265,141,2,2028.89,2025-10-16T03:15:00
2350,212,77,3,2560.85,2025-06-14T11:42:00
2351,26,188,3,4108.78,2025-10-23T12:46:00
2352,22,283,1,3126.96,2025-01-28T13:13:00
2353,124,211,4,3092.37,2025-01-09T19:49:00
2354,270,95,2,327.25,2025-05-18T01:59:00
2355,63,201,3,4175.32,2025-03-05T17:58:00
2356,271,3,3,3129.76,2025-05-13T20:11:00
2357,281,243,4,4402.87,2025-05-08T16:12:00
2358,194,97,1,2001.55,2025-05-05T04:43:00
2359,34,73,4,3097.28,2025-06-01T23:10:00
2360,268,293,3,2041.17,2025-03-23T00:15:00
2361,215,67,3,3612.64,2025-09-28T13:13:00
2362,54,159,3,415.43,2025-01-21T12:18:00
2363,200,81,3,4730.98,2025-07-11T09:55:00
2364,22,96,4,3944.35,2025-07-08T10:34:00
2365,96,151,2,4796.3,2025-01-12T21:05:00
2366,241,194,3,2058.9,2025-05-24T09:32:00
2367,295,272,1,3861.32,2025-02-25T11:15:00
2368,285,257,2,4152.93,2025-05-22T10:46:00
2369,69,239,1,3370.02,2025-06-24T01:18:00
2370,30,150,2,1027.18,2025-04-21T06:48:00
2371,182,100,3,2937.67,2025-03-04T12:46:00
2372,114,73,1,454.84,2025-08-21T16:29:00
2373,64,279,1,3034.25,2025-04-12T07:37:00
2374,47,102,4,1087.83,2025-07-27T20:20:00
2375,116,21,4,4274.79,2025-02-09T02:58:00
2376,259,255,3,4957.15,2025-02-18T14:32:00
2377,209,283,1,58.31,2025-04-05T06:52:00
2378,14,16,1,1676.27,2025-08-01T03:35:00
2379,66,269,1,1225.71,2025-07-13T10:30:00
2380,255,136,3,4116.09,2025-03-03T23:58:00
2381,213,2,2,1961.85,2025-06-27T04:56:00
2382,30,40,3,3020.44,2025-03-05T16:40:00
2383,295,147,1,2698.45,2025-04-26T07:25:00
2384,272,245,3,4191.14,2025-10-28T04:48:00
2385,209,100,2,4075.66,2025-03-22T06:38:00
2386,259,76,1,1204.51,2025-05-21T10:21:00
2387,215,40,1,1279.46,2025-01-19T22:47:00
2388,151,67,4,4703.64,2025-01-22T11:40:00
2389,11,173,2,2464.42,2025-07-22T13:27:00
2390,24,266,1,586.98,2025-03-07T13:49:00
2391,10,22,2,4374.77,2025-01-29T16:56:00
2392,105,185,4,1992.16,2025-02-15T00:24:00
2393,79,234,1,1605.29,2025-04-19T03:11:00
2394,112,131,3,1782.2,2025-08-09T16:35:00
2395,94,224,1,2429.5,2025-09-06T13:48:00
2396,288,74,2,4919.68,2025-05-16T09:47:00
2397,21,60,2,1523.51,2025-10-11T00:50:00
2398,271,230,2,1716.33,2025-05-02T15:55:00
2399,282,271,2,2040.25,2025-04-19T07:41:00
2400,192,64,1,516.86,2025-07-09T14:44:00
2401,10,25,3,4965.99,2025-10-25T22:04:00
2402,149,147,2,4675.13,2025-08-20T08:37:00
2403,85,207,4,3834.31,2025-10-21T12:55:00
2404,152,283,4,452.83,2025-09-25T09:09:00
2405,275,188,4,3185.7,2025-10-19T07:09:00
2406,170,290,1,1475.57,2025-09-14T09:36:00
2407,100,90,2,546.23,2025-04-25T09:49:00
2408,73,221,4,2821.76,2025-01-29T13:39:00
2409,12,286,4,779.23,2025-03-02T14:48:00
2410,214,16,4,873.7,2025-04-21T09:35:00
2411,117,267,2,1632.26,2025-07-05T20:15:00
2412,267,71,1,4180.68,2025-05-26T00:57:00
2413,177,209,1,4908.08,2025-10-17T19:27:00
2414,175,16,2,2034.12,2025-07-03T17:43:00
2415,76,223,3,472.02,2025-10-09T12:36:00
2416,194,177,4,3153.61,2025-04-21T00:35:00
2417,247,219,1,3361.7,2025-03-16T06:51:00
2418,271,161,3,4902.47,2025-03-03T08:53:00
2419,99,137,4,2709.63,2025-05-04T18:50:00
2420,160,261,3,3132.08,2025-01-21T00:53:00
2421,85,245,2,9.89,2025-09-21T13:38:00
2422,201,200,1,4992.23,2025-03-01T12:32:00
2423,104,39,1,3343.23,2025-06-21T00:03:00
2424,34,193,1,3062.28,2025-05-23T02:18:00
2425,38,165,1,2268.42,2025-04-01T20:33:00
2426,101,299,4,3212.16,2025-03-15T01:46:00
2427,189,113,3,1354.26,2025-09-11T14:28:00
2428,145,201,2,295.62,2025-08-18T04:46:00
2429,207,211,2,2983.58,2025-06-26T00:35:00
2430,48,252,4,4614.53,2025-01-25T05:36:00
2431,35,135,1,1989.41,2025-09-26T21:34:00
2432,135,35,2,996.2,2025-08-21T07:05:00
2433,68,161,3,3576.02,2025-03-29T06:22:00
2434,206,56,4,2725.7,2025-02-10T14:00:00
2435,105,85,1,397.58,2025-03-25T00:24:00
2436,58,113,4,1193.68,2025-09-20T21:20:00
2437,68,240,4,2732.83,2025-06-26T12:07:00
2438,98,112,4,376.31,2025-10-07T09:19:00
2439,136,26,2,4323.47,2025-06-15T01:09:00
2440,203,151,1,4865.53,2025-02-18T13:17:00
2441,146,28,2,2261.43,2025-05-09T03:25:00
2442,241,274,1,4638.78,2025-08-26T23:50:00
2443,256,263,2,4576.28,2025-02-08T00:53:00
2444,83,48,4,4471.86,2025-10-02T05:06:00
2445,100,134,4,862.24,2025-10-07T10:47:00
2446,252,225,2,3790.6,2025-04-29T17:15:00
2447,59,264,2,2719.84,2025-06-13T13:01:00
2448,174,118,4,4799.04,2025-01-12T15:50:00
2449,279,220,4,3405.32,2025-03-02T14:30:00
2450,32,207,4,1183.57,2025-07-27T16:49:00
2451,76,8,3,3823.86,2025-07-12T17:09:00
2452,44,88,2,1123.42,2025-06-28T10:43:00
2453,82,45,4,3395.34,2025-07-07T00:49:00
2454,172,277,4,4685.61,2025-05-16T12:36:00
2455,77,38,2,368.4,2025-10-20T04:20:00
2456,291,204,4,3776.04,2025-01-21T17:37:00
2457,274,138,2,2152.66,2025-10-05T09:50:00
2458,280,9,2,638.74,2025-01-20T10:51:00
2459,18,118,4,4875.17,2025-05-09T16:18:00
2460,67,153,3,4231.45,2025-09-20T17:40:00
2461,34,44,3,1737.16,2025-10-07T16:29:00
2462,19,226,1,1787.9,2025-04-02T07:57:00
2463,279,206,4,1955.53,2025-04-11T17:49:00
2464,96,14,4,1378.13,2025-02-09T19:04:00
2465,237,254,4,1925.45,2025-03-18T19:36:00
2466,224,259,4,3594.11,2025-03-20T04:20:00
2467,265,296,2,2472.07,2025-01-20T20:34:00
2468,163,269,1,1995.98,2025-04-06T21:40:00
2469,122,189,1,3479.03,2025-01-16T21:57:00
2470,185,200,4,3639.8,2025-06-19T21:29:00
2471,292,20,1,3366.69,2025-03-27T08:57:00
2472,278,91,3,4263.15,2025-05-18T08:11:00
2473,269,202,4,2970.01,2025-04-11T04:22:00
2474,151,96,2,3171.58,2025-03-10T21:34:00
2475,295,138,4,4152.39,2025-04-24T06:34:00
2476,294,53,3,2027.48,2025-05-14T02:43:00
2477,168,96,3,3613.49,2025-09-05T05:58:00
2478,176,200,2,4843.3,2025-03-29T12:37:00
2479,114,176,3,515.59,2025-09-16T03:35:00
2480,201,190,3,133.17,2025-09-08T16:16:00
2481,198,287,3,83.08,2025-06-14T15:49:00
2482,148,134,2,42.97,2025-06-06T20:39:00
2483,62,263,1,4631.96,2025-02-27T15:38:00
2484,248,85,1,999.74,2025-06-20T18:15:00
2485,138,20,1,4193.62,2025-04-18T12:19:00
2486,46,167,3,2271.12,2025-06-17T10:12:00
2487,55,111,2,1833.72,2025-04-20T13:30:00
2488,269,50,2,3995.02,2025-08-18T10:02:00
2489,9,137,2,3487.14,2025-02-25T09:49:00
2490,45,19,3,890.74,2025-07-16T19:33:00
2491,63,269,4,2809.62,2025-03-09T15:00:00
2492,140,185,2,1178.87,2025-09-21T16:35:00
2493,179,206,2,4451.48,2025-06-19T17:51:00
2494,220,214,1,4777.95,2025-10-26T16:26:00
2495,231,276,4,1401.29,2025-03-27T04:31:00
2496,173,262,3,4915.85,2025-05-24T17:40:00
2497,174,217,3,3984.03,2025-06-12T22:53:00
2498,148,92,2,1526.19,2025-03-02T02:51:00
2499,220,171,1,684.95,2025-01-04T01:02:00
2500,80,158,3,3197.63,2025-10-28T20:56:00
2501,119,38,2,659.98,2025-03-01T10:55:00
2502,163,36,2,32.82,2025-06-24T15:02:00
2503,268,105,4,2779.95,2025-04-04T21:06:00
2504,146,156,3,4256.36,2025-09-26T19:24:00
2505,198,252,2,2500.42,2025-04-24T13:28:00
2506,226,150,4,752.77,2025-01-04T04:23:00
2507,264,86,3,1443.13,2025-02-05T16:13:00
2508,89,279,1,3686.55,2025-04-08T02:08:00
2509,103,74,1,3136.43,2025-02-17T01:24:00
2510,5,47,2,2079.76,2025-09-08T05:13:00
2511,284,238,3,126.01,2025-03-26T15:25:00
2512,266,45,4,888.82,2025-04-03T11:30:00
2513,238,165,3,3735.4,2025-07-05T17:40:00
2514,137,248,2,1897.65,2025-10-20T01:20:00
2515,73,47,4,1915.15,2025-10-11T07:46:00
2516,53,201,1,2749.12,2025-04-04T22:28:00
2517,62,241,2,321.29,2025-04-21T06:28:00
2518,112,290,2,4783.67,2025-01-15T10:11:00
2519,89,80,2,3706.27,2025-03-29T03:46:00
2520,219,168,1,3203.59,2025-05-01T17:35:00
2521,74,122,2,1628.89,2025-07-06T22:15:00
2522,296,277,2,1604.42,2025-06-07T08:26:00
2523,63,251,4,3686.89,2025-09-10T07:10:00
2524,202,149,2,4709.78,2025-10-20T10:16:00
2525,130,296,4,3058.01,2025-03-01T05:57:00
2526,229,299,4,18.43,2025-10-20T05:28:00
2527,36,83,1,1658.89,2025-08-28T16:58:00
2528,255,58,2,2454.19,2025-06-17T04:37:00
2529,286,266,2,657.69,2025-01-15T21:48:00
2530,51,69,3,1988.67,2025-01-28T17:12:00
2531,89,20,1,1330.23,2025-10-11T15:38:00
2532,239,266,4,1749.82,2025-04-18T22:47:00
2533,191,264,3,927.36,2025-10-01T12:59:00
2534,32,21,2,91.6,2025-06-04T07:59:00
2535,199,42,3,551.86,2025-02-04T11:53:00
2536,84,108,1,119.09,2025-03-18T20:36:00
2537,86,179,1,466.91,2025-04-12T15:17:00
2538,262,99,1,3062.34,2025-04-11T00:36:00
2539,213,241,1,1056.03,2025-09-13T02:38:00
2540,59,75,4,246.84,2025-03-19T23:09:00
2541,60,107,2,594.81,2025-08-24T13:29:00
2542,72,28,1,3031.16,2025-02-15T03:07:00
2543,196,207,1,651.86,2025-04-03T01:07:00
2544,17,229,2,3616.38,2025-09-28T14:59:00
2545,128,102,2,189.93,2025-10-20T06:27:00
2546,195,173,2,2683.06,2025-04-02T14:41:00
2547,155,267,1,752.41,2025-05-25T05:06:00
2548,47,146,1,3950.24,2025-07-22T20:33:00
2549,72,173,1,2884.27,2025-06-17T04:09:00
2550,147,193,2,90.49,2025-04-10T22:54:00
2551,188,180,4,4199.03,2025-02-03T23:47:00
2552,1,110,3,645.38,2025-10-26T15:52:00
2553,9,50,2,4844.58,2025-03-02T04:17:00
2554,98,218,3,2750.73,2025-10-04T11:24:00
2555,158,67,2,4232.48,2025-05-13T02:56:00
2556,80,14,2,4950.55,2025-01-28T13:07:00
2557,186,83,4,1157.88,2025-09-11T08:03:00
2558,86,32,4,3595.61,2025-02-13T13:27:00
2559,12,212,2,654.29,2025-05-25T16:41:00
2560,55,176,3,1309.0,2025-03-23T21:40:00
2561,4,114,3,166.75,2025-01-31T03:01:00
2562,186,208,4,2824.32,2025-08-20T11:27:00
2563,158,34,3,2216.85,2025-06-28T11:18:00
2564,218,89,2,1260.15,2025-02-24T04:53:00
2565,129,237,4,18.65,2025-01-23T17:03:00
2566,61,264,1,198.46,2025-01-14T23:50:00
2567,212,284,2,506.38,2025-07-24T08:48:00
2568,47,251,2,2121.91,2025-01-22T17:00:00
2569,265,50,3,2241.57,2025-03-17T18:01:00
2570,56,176,1,2319.96,2025-04-11T16:02:00
2571,210,232,1,1236.28,2025-08-25T22:14:00
2572,171,41,1,4065.92,2025-05-28T11:33:00
2573,142,252,3,1001.48,2025-07-25T05:07:00
2574,101,13,1,2827.83,2025-04-04T11:34:00
2575,271,182,4,2132.41,2025-08-08T19:16:00
2576,255,16,2,606.88,2025-01-03T10:12:00
2577,103,207,2,4113.81,2025-08-14T08:53:00
2578,224,202,4,4116.85,2025-02-10T11:37:00
2579,33,269,2,4154.31,2025-09-01T00:02:00
2580,30,137,4,2076.95,2025-02-21T09:21:00
2581,13,35,1,257.63,2025-09-06T21:29:00
2582,64,130,1,103.14,2025-05-15T18:15:00
2583,279,283,1,4103.63,2025-10-16T22:54:00
2584,139,294,1,1578.66,2025-02-03T10:50:00
2585,89,22,3,3054.74,2025-09-14T01:51:00
2586,153,255,4,3917.71,2025-09-28T15:40:00
2587,115,34,2,2318.92,2025-08-13T21:07:00
2588,213,196,3,514.77,2025-07-15T03:09:00
2589,111,249,3,4762.97,2025-09-06T15:36:00
2590,137,128,2,4155.43,2025-06-15T13:11:00
2591,108,264,3,2916.41,2025-02-28T19:28:00
2592,8,35,3,829.89,2025-08-09T21:08:00
2593,14,110,4,259.65,2025-08-24T17:54:00
2594,88,55,1,2056.66,2025-03-23T21:42:00
2595,15,133,1,4248.85,2025-10-07T02:15:00
2596,190,293,4,4504.66,2025-02-27T02:28:00
2597,12,276,3,4639.38,2025-09-18T00:52:00
2598,37,280,4,4471.35,2025-06-05T17:08:00
2599,83,62,4,4734.28,2025-07-02T16:32:00
2600,120,293,4,4862.73,2025-07-11T14:59:00
2601,6,277,2,313.26,2025-01-14T08:34:00
2602,24,215,4,1604.39,2025-02-17T05:53:00
2603,97,195,1,1501.28,2025-07-26T02:48:00
2604,44,81,4,3373.33,2025-05-19T05:38:00
2605,217,287,2,2319.48,2025-07-20T18:42:00
2606,245,26,3,220.46,2025-07-01T07:45:00
2607,61,133,1,3951.63,2025-08-05T03:22:00
2608,219,23,4,4498.44,2025-05-08T05:31:00
2609,146,284,2,1669.87,2025-07-13T11:06:00
2610,236,298,4,912.72,2025-01-24T19:59:00
2611,216,145,4,1921.73,2025-05-08T23:16:00
2612,220,14,3,2268.03,2025-06-09T04:04:00
2613,228,6,2,2806.36,2025-02-22T12:09:00
2614,82,183,2,4128.47,2025-07-28T08:34:00
2615,280,65,1,2515.15,2025-10-21T07:17:00
2616,274,205,2,3072.33,2025-08-12T04:16:00
2617,203,246,2,4953.02,2025-09-27T14:38:00
2618,295,35,4,115.16,2025-02-02T02:19:00
2619,38,110,1,2934.56,2025-05-08T11:42:00
2620,84,105,4,544.26,2025-04-20T15:46:00
2621,209,1,3,936.97,2025-05-08T01:58:00
2622,131,165,1,2006.04,2025-01-12T05:23:00
2623,143,155,4,727.5,2025-03-05T19:06:00
2624,220,163,1,4365.84,2025-05-29T08:01:00
2625,291,214,4,4226.41,2025-08-29T23:30:00
2626,34,265,2,3502.47,2025-10-03T18:48:00
2627,280,22,1,4332.16,2025-08-25T17:09:00
2628,50,140,1,2217.04,2025-07-31T16:54:00
2629,54,116,3,3114.62,2025-07-21T20:24:00
2630,136,280,4,3084.26,2025-10-03T19:51:00
2631,128,298,4,3483.91,2025-10-09T14:19:00
2632,260,196,3,3445.0,2025-02-16T10:21:00
2633,134,161,1,557.68,2025-03-11T23:38:00
2634,93,30,4,4973.45,2025-05-07T22:59:00
2635,196,23,3,571.38,2025-08-31T02:27:00
2636,32,117,4,1039.67,2025-06-10T07:26:00
2637,65,52,3,1641.63,2025-01-29T12:31:00
2638,4,26,1,2972.62,2025-10-21T09:51:00
2639,70,153,3,898.74,2025-05-31T12:24:00
2640,141,286,4,2159.54,2025-07-30T01:20:00
2641,224,135,2,76.7,2025-06-09T10:27:00
2642,187,251,4,1702.88,2025-01-15T18:28:00
2643,158,164,2,965.48,2025-09-17T19:01:00
2644,218,67,2,4285.9,2025-07-09T08:51:00
2645,208,196,2,4272.17,2025-04-05T13:21:00
2646,149,28,1,1985.47,2025-06-21T19:38:00
2647,178,118,1,50.73,2025-08-06T05:54:00
2648,96,61,2,765.02,2025-04-03T14:27:00
2649,245,243,3,2009.17,2025-06-11T19:04:00
2650,200,15,1,399.93,2025-05-24T22:06:00
2651,48,191,3,2669.38,2025-09-22T20:24:00
2652,31,4,1,546.2,2025-09-22T12:30:00
2653,254,287,2,983.44,2025-02-10T05:36:00
2654,184,228,1,4655.27,2025-05-20T14:08:00
2655,210,135,2,3194.78,2025-08-06T02:09:00
2656,57,85,1,1023.44,2025-05-09T07:47:00
2657,246,176,2,2153.27,2025-07-17T17:03:00
2658,237,284,3,4868.65,2025-03-28T11:16:00
2659,264,90,3,643.94,2025-10-13T22:48:00
2660,120,258,3,4393.86,2025-07-05T08:03:00
2661,17,220,3,1530.99,2025-07-08T09:41:00
2662,240,174,2,4350.0,2025-02-09T03:08:00
2663,100,79,4,1430.9,2025-10-03T19:48:00
2664,252,44,4,2194.75,2025-07-23T06:15:00
2665,151,86,4,852.76,2025-04-09T17:34:00
2666,195,87,1,4489.21,2025-07-01T22:00:00
2667,278,32,1,3035.67,2025-07-18T07:52:00
2668,22,131,3,3575.22,2025-04-10T01:24:00
2669,118,167,2,1337.49,2025-04-28T10:54:00
2670,118,157,1,183.64,2025-02-23T16:04:00
2671,203,226,4,2528.26,2025-09-21T02:53:00
2672,218,177,2,1397.88,2025-05-11T21:23:00
2673,134,135,4,272.17,2025-09-30T06:52:00
2674,274,186,1,2378.18,2025-04-22T14:45:00
2675,283,55,1,3210.73,2025-06-14T07:41:00
2676,64,76,4,4801.92,2025-09-20T21:16:00
2677,276,198,4,4940.92,2025-09-28T16:49:00
2678,80,32,3,4966.07,2025-06-11T15:37:00
2679,69,246,1,1374.83,2025-08-19T21:08:00
2680,130,193,2,186.96,2025-02-15T23:38:00
2681,277,196,3,879.27,2025-03-09T06:53:00
2682,286,116,4,817.86,2025-05-01T07:36:00
2683,53,78,1,4926.73,2025-10-09T15:01:00
2684,201,81,2,4917.11,2025-09-22T16:59:00
2685,26,296,2,843.08,2025-03-04T01:52:00
2686,60,8,2,1153.95,2025-01-02T00:04:00
2687,268,198,4,2172.68,2025-02-28T01:58:00
2688,16,261,4,3575.76,2025-03-04T00:35:00
2689,43,152,2,1866.49,2025-02-17T09:03:00
2690,121,284,3,4643.14,2025-05-05T20:05:00
2691,262,25,4,1385.44,2025-10-09T20:08:00
2692,100,162,3,2046.3,2025-06-11T21:50:00
2693,51,18,1,996.79,2025-01-09T14:53:00
2694,207,94,1,1853.44,2025-05-23T10:47:00
2695,195,225,1,1660.38,2025-01-24T13:27:00
2696,200,217,3,464.68,2025-01-07T20:25:00
2697,190,154,1,3546.25,2025-04-26T09:00:00
2698,229,278,3,507.36,2025-05-18T19:30:00
2699,22,268,1,1839.58,2025-10-15T06:27:00
2700,215,281,2,1474.53,2025-03-14T12:34:00
2701,291,290,4,800.73,2025-08-24T00:33:00
2702,120,277,4,2792.36,2025-09-24T20:36:00
2703,61,242,4,3909.04,2025-02-07T11:01:00
2704,190,220,2,1818.29,2025-02-09T18:29:00
2705,194,12,2,636.89,2025-02-14T04:27:00
2706,184,233,2,1903.8,2025-06-04T02:35:00
2707,3,293,3,4672.95,2025-02-07T14:23:00
2708,172,262,3,4857.72,2025-03-02T14:31:00
2709,234,149,1,3356.47,2025-03-12T15:18:00
2710,198,95,1,487.38,2025-10-10T04:17:00
2711,48,207,2,2181.53,2025-04-01T05:09:00
2712,245,172,1,2249.15,2025-05-16T23:46:00
2713,188,137,2,530.65,2025-10-11T11:43:00
2714,151,191,4,4168.03,2025-01-24T10:27:00
2715,259,65,1,4225.38,2025-03-14T04:54:00
2716,188,255,1,3552.98,2025-01-10T23:03:00
2717,33,205,2,4627.08,2025-06-25T13:17:00
2718,28,236,2,1060.3,2025-03-11T08:54:00
2719,241,91,2,4598.11,2025-06-17T23:56:00
2720,144,3,1,449.35,2025-09-24T20:58:00
2721,265,94,2,3445.79,2025-08-20T07:05:00
2722,70,215,1,1950.48,2025-10-05T11:00:00
2723,247,34,1,3932.57,2025-10-15T20:44:00
2724,31,47,1,2873.93,2025-01-01T19:11:00
2725,238,56,1,1578.34,2025-08-07T02:47:00
2726,23,186,2,4735.29,2025-08-14T01:52:00
2727,292,70,2,224.03,2025-08-25T02:51:00
2728,221,161,1,27.99,2025-09-05T08:57:00
2729,45,259,3,2811.06,2025-06-17T22:18:00
2730,117,73,4,2068.96,2025-10-12T18:13:00
2731,212,177,2,2977.91,2025-05-23T15:49:00
2732,60,212,1,4796.88,2025-09-21T04:30:00
2733,104,160,1,1070.02,2025-02-06T01:16:00
2734,171,24,2,1762.22,2025-10-15T21:39:00
2735,207,114,2,348.26,2025-06-01T06:56:00
2736,185,225,3,2622.47,2025-05-04T10:55:00
2737,78,216,1,2031.13,2025-05-20T17:27:00
2738,20,220,4,972.81,2025-10-08T07:45:00
2739,129,154,2,2738.08,2025-04-01T10:51:00
2740,117,196,3,2032.43,2025-03-12T17:03:00
2741,170,172,1,2230.35,2025-08-16T08:45:00
2742,26,202,3,2247.68,2025-06-21T11:05:00
2743,187,204,2,1033.92,2025-04-04T23:52:00
2744,5,18,3,4512.06,2025-06-16T03:02:00
2745,253,159,1,3332.08,2025-02-22T07:06:00
2746,43,52,4,3895.65,2025-07-18T03:38:00
2747,10,73,3,4028.18,2025-08-16T21:24:00
2748,28,91,2,3171.06,2025-07-27T22:39:00
2749,190,120,3,4088.78,2025-05-18T22:05:00
2750,91,1,1,3335.97,2025-04-04T14:57:00
2751,161,290,3,4360.26,2025-01-31T00:10:00
2752,214,26,1,1600.94,2025-06-22T06:55:00
2753,94,178,3,2203.57,2025-06-23T01:28:00
2754,145,23,4,503.97,2025-08-15T22:12:00
2755,67,238,1,4654.1,2025-07-07T20:01:00
2756,119,34,1,53.57,2025-07-21T09:43:00
2757,111,156,1,1020.3,2025-10-24T03:00:00
2758,143,179,2,4688.75,2025-04-20T13:02:00
2759,260,146,1,364.68,2025-06-03T20:39:00
2760,49,114,3,4403.1,2025-03-31T17:22:00
2761,178,125,3,3431.69,2025-06-24T04:02:00
2762,186,199,1,171.12,2025-07-28T15:36:00
2763,296,7,1,1991.93,2025-08-08T17:03:00
2764,38,280,4,3587.06,2025-09-02T08:02:00
2765,124,246,3,3473.47,2025-03-06T22:56:00
2766,112,100,3,1537.25,2025-07-11T07:01:00
2767,2,202,4,2295.09,2025-03-22T10:20:00
2768,5,112,2,3166.25,2025-01-06T02:31:00
2769,109,195,3,1279.24,2025-07-20T05:18:00
2770,55,236,3,922.93,2025-02-01T20:11:00
2771,294,77,2,3947.44,2025-06-07T10:54:00
2772,49,36,1,3687.46,2025-01-17T18:02:00
2773,216,24,3,1225.21,2025-10-04T17:58:00
2774,212,262,3,1218.66,2025-03-19T03:05:00
2775,197,202,4,1103.62,2025-03-11T19:59:00
2776,4,145,3,4788.65,2025-08-22T10:48:00
2777,289,285,4,1619.77,2025-10-17T05:05:00
2778,88,217,3,841.6,2025-01-24T07:53:00
2779,124,215,2,3987.71,2025-03-14T14:23:00
2780,182,267,2,393.3,2025-08-25T14:56:00
2781,13,65,1,4537.12,2025-02-28T02:51:00
2782,177,83,2,3569.9,2025-10-09T00:11:00
2783,97,221,2,499.38,2025-03-29T02:22:00
2784,269,64,4,3615.33,2025-07-07T18:06:00
2785,223,55,1,2518.15,2025-04-19T17:23:00
2786,171,282,1,3653.0,2025-06-10T18:47:00
2787,238,241,2,3521.37,2025-02-18T12:35:00
2788,265,23,1,3753.31,2025-06-23T07:30:00
2789,274,111,1,2739.71,2025-07-12T19:09:00
2790,261,298,4,4496.58,2025-09-18T08:21:00
2791,160,28,1,4977.17,2025-03-12T05:46:00
2792,245,84,1,274.6,2025-10-10T06:39:00
2793,151,275,2,3128.23,2025-04-28T04:42:00
2794,80,31,3,447.96,2025-05-23T15:17:00
2795,109,68,1,334.86,2025-07-04T18:38:00
2796,101,6,2,3679.92,2025-01-07T04:02:00
2797,107,26,3,4685.84,2025-03-18T07:54:00
2798,68,67,4,2492.64,2025-03-07T22:56:00
2799,53,125,3,3590.67,2025-01-22T04:32:00
2800,48,214,3,4432.25,2025-07-28T08:25:00
2801,101,2,1,1725.45,2025-04-29T14:29:00
2802,236,183,4,4515.95,2025-02-19T19:34:00
2803,115,68,1,3420.52,2025-03-24T19:05:00
2804,213,38,4,1496.2,2025-01-21T05:37:00
2805,272,112,1,4720.84,2025-01-15T08:15:00
2806,278,142,1,3102.34,2025-07-20T05:09:00
2807,291,42,2,4694.74,2025-08-03T15:00:00
2808,257,29,3,2032.28,2025-07-08T13:53:00
2809,202,236,1,1918.91,2025-07-21T04:05:00
2810,293,263,4,1813.44,2025-01-31T09:37:00
2811,147,131,3,3281.86,2025-08-14T13:25:00
2812,101,157,2,3587.81,2025-10-18T13:22:00
2813,5,155,4,840.54,2025-04-08T04:54:00
2814,87,198,2,2172.03,2025-03-02T02:18:00
2815,76,131,2,3930.22,2025-03-12T23:21:00
2816,285,165,3,3369.16,2025-02-21T21:32:00
2817,263,21,4,4745.97,2025-02-20T23:39:00
2818,209,76,2,3623.15,2025-02-13T21:38:00
2819,293,195,3,1106.91,2025-10-14T10:51:00
2820,123,69,3,4736.44,2025-04-06T11:42:00
2821,30,187,2,1128.44,2025-05-14T06:52:00
2822,18,124,1,398.03,2025-07-07T21:33:00
2823,256,208,1,1872.44,2025-05-17T11:55:00
2824,240,200,3,2499.4,2025-08-21T12:37:00
2825,138,172,2,1805.66,2025-05-03T13:23:00
2826,289,242,3,1968.17,2025-09-15T12:51:00
2827,33,221,2,4530.19,2025-03-06T02:11:00
2828,176,147,3,115.52,2025-01-05T18:21:00
2829,157,261,1,4074.76,2025-04-05T12:38:00
2830,74,166,3,2880.7,2025-07-23T09:54:00
2831,229,94,1,4267.98,2025-05-03T00:29:00
2832,142,70,2,1842.87,2025-03-02T08:11:00
2833,198,63,3,267.93,2025-05-16T20:34:00
2834,299,101,2,3964.23,2025-03-22T13:52:00
2835,60,155,3,4431.22,2025-04-20T22:51:00
2836,29,232,4,1103.95,2025-08-23T07:06:00
2837,10,16,1,2480.93,2025-09-29T11:58:00
2838,86,73,1,401.61,2025-10-09T14:05:00
2839,286,144,3,786.31,2025-07-05T21:17:00
2840,91,222,4,1302.51,2025-09-13T01:07:00
2841,255,100,2,4349.12,2025-01-13T22:33:00
2842,211,175,2,1116.71,2025-08-16T14:28:00
2843,68,296,4,2004.52,2025-06-15T13:12:00
2844,100,240,1,561.82,2025-02-01T20:52:00
2845,24,183,2,4069.29,2025-10-02T02:01:00
2846,189,167,1,186.65,2025-03-19T15:54:00
2847,92,66,1,1549.4,2025-06-13T14:42:00
2848,100,62,4,137.22,2025-06-04T07:36:00
2849,64,112,4,2647.79,2025-02-14T15:10:00
2850,18,102,1,994.59,2025-06-27T11:45:00
2851,79,266,4,884.17,2025-01-14T19:41:00
2852,96,295,4,3921.54,2025-06-26T04:46:00
2853,192,181,2,4548.18,2025-03-17T05:09:00
2854,227,117,2,4468.64,2025-03-31T00:18:00
2855,187,243,2,3910.38,2025-04-26T04:14:00
2856,217,219,1,2538.84,2025-01-18T15:25:00
2857,47,26,4,232.58,2025-04-06T12:38:00
2858,255,62,2,4149.68,2025-04-13T12:02:00
2859,51,8,4,627.78,2025-07-22T03:22:00
2860,284,114,2,3531.9,2025-09-10T21:50:00
2861,223,135,3,3897.86,2025-09-02T06:20:00
2862,227,135,2,730.02,2025-04-21T22:09:00
2863,73,83,1,3175.53,2025-05-30T08:09:00
2864,178,287,2,3588.19,2025-04-05T05:46:00
2865,182,208,1,1888.25,2025-06-22T06:23:00
2866,26,200,2,4166.42,2025-09-03T07:04:00
2867,59,273,1,1361.42,2025-09-09T08:06:00
2868,121,4,4,3346.67,2025-04-28T17:19:00
2869,63,288,3,746.74,2025-02-06T07:49:00
2870,198,90,4,3307.19,2025-09-18T09:42:00
2871,205,118,4,3285.97,2025-07-17T02:20:00
2872,142,244,1,1810.85,2025-05-09T18:04:00
2873,90,35,3,436.96,2025-05-18T02:04:00
2874,290,176,3,2144.18,2025-01-09T18:59:00
2875,47,296,4,2964.16,2025-04-19T18:20:00
2876,231,281,4,1791.97,2025-04-05T01:30:00
2877,1,71,1,1271.84,2025-08-11T05:42:00
2878,8,37,4,484.99,2025-02-15T04:19:00
2879,38,104,2,3760.73,2025-08-09T19:25:00
2880,237,273,4,2032.89,2025-10-17T16:30:00
2881,111,38,2,2134.68,2025-09-05T07:05:00
2882,95,68,4,3261.91,2025-01-15T14:21:00
2883,296,272,4,3245.5,2025-08-04T11:15:00
2884,107,293,3,1019.06,2025-02-16T20:49:00
2885,196,169,3,945.94,2025-09-20T21:46:00
2886,297,172,2,1169.71,2025-03-16T01:10:00
2887,62,36,3,4211.61,2025-06-28T15:51:00
2888,194,140,3,2817.39,2025-08-22T09:30:00
2889,4,26,1,705.7,2025-10-15T14:25:00
2890,157,159,4,2484.58,2025-06-02T18:28:00
2891,231,159,1,2101.85,2025-04-14T12:56:00
2892,178,219,1,1288.37,2025-06-19T01:01:00
2893,209,126,3,1577.1,2025-04-23T15:12:00
2894,20,198,3,2827.41,2025-04-06T14:28:00
2895,41,57,3,691.08,2025-07-14T07:20:00
2896,106,26,3,2969.85,2025-01-05T05:23:00
2897,180,57,2,2647.44,2025-08-25T13:43:00
2898,106,219,3,1177.68,2025-02-10T10:39:00
2899,149,269,3,3060.56,2025-06-28T09:26:00
2900,223,127,3,4862.01,2025-05-15T09:47:00
2901,114,158,3,3928.9,2025-06-06T19:07:00
2902,203,292,2,3766.14,2025-05-05T22:54:00
2903,133,142,4,1429.02,2025-10-22T08:56:00
2904,210,136,1,2631.49,2025-10-15T05:09:00
2905,115,25,3,2505.02,2025-03-07T19:46:00
2906,245,112,3,503.3,2025-03-22T03:00:00
2907,293,229,2,310.71,2025-03-30T03:55:00
2908,246,23,4,1637.48,2025-09-23T11:12:00
2909,147,212,3,1686.71,2025-10-27T04:54:00
2910,65,20,2,55.75,2025-06-04T08:36:00
2911,222,156,4,4644.86,2025-03-17T23:39:00
2912,115,291,1,4115.69,2025-03-14T23:55:00
2913,183,55,2,3895.03,2025-04-15T23:55:00
2914,237,171,4,4322.27,2025-09-28T22:38:00
2915,201,98,3,2913.84,2025-08-30T00:35:00
2916,221,41,2,4722.19,2025-05-14T22:23:00
2917,283,153,2,1300.58,2025-06-17T12:24:00
2918,114,44,1,1118.0,2025-10-05T17:23:00
2919,25,105,3,4451.79,2025-04-08T13:10:00
2920,70,18,2,978.54,2025-08-23T09:11:00
2921,136,209,2,3281.84,2025-01-10T09:14:00
2922,231,297,4,2524.65,2025-07-22T17:53:00
2923,15,17,3,3555.22,2025-03-14T18:55:00
2924,144,196,1,769.19,2025-02-15T20:42:00
2925,250,225,3,326.73,2025-05-15T06:02:00
2926,155,107,3,296.93,2025-04-27T17:50:00
2927,188,25,2,814.13,2025-10-14T19:17:00
2928,217,201,3,909.96,2025-06-22T23:55:00
2929,82,102,2,671.72,2025-03-20T19:50:00
2930,120,5,2,86.13,2025-06-19T12:36:00
2931,56,111,2,4389.68,2025-04-28T00:14:00
2932,102,130,4,2344.89,2025-02-04T23:44:00
2933,63,220,4,1829.17,2025-01-06T14:54:00
2934,219,73,4,3050.31,2025-06-27T10:15:00
2935,30,89,3,3210.57,2025-04-18T01:05:00
2936,89,119,3,4081.24,2025-03-29T07:01:00
2937,111,139,2,238.1,2025-10-04T09:29:00
2938,35,298,1,458.88,2025-03-25T05:42:00
2939,68,150,1,4405.99,2025-01-30T14:52:00
2940,212,133,4,3649.59,2025-02-22T15:41:00
2941,254,165,3,2072.53,2025-04-04T08:03:00
2942,198,185,2,2686.43,2025-08-14T04:50:00
2943,241,76,3,2531.42,2025-02-02T05:09:00
2944,163,21,3,1929.46,2025-10-01T09:45:00
2945,131,260,2,4736.04,2025-09-06T07:40:00
2946,97,232,1,3973.17,2025-02-21T04:05:00
2947,45,25,1,2656.92,2025-09-20T01:15:00
2948,178,284,4,4037.68,2025-01-26T21:58:00
2949,38,233,1,4315.45,2025-09-06T09:44:00
2950,19,116,2,1765.85,2025-10-28T19:39:00
2951,129,182,2,2992.9,2025-02-26T15:06:00
2952,89,90,2,4527.05,2025-07-18T23:16:00
2953,128,113,4,913.03,2025-01-11T11:54:00
2954,149,77,2,569.37,2025-04-01T12:43:00
2955,165,134,4,4250.74,2025-04-09T06:47:00
2956,1,277,2,1015.77,2025-05-29T09:19:00
2957,227,10,3,2513.51,2025-09-23T15:32:00
2958,298,170,1,1358.46,2025-01-11T05:00:00
2959,192,194,3,361.5,2025-06-10T06:50:00
2960,230,255,3,3121.45,2025-04-04T12:27:00
2961,108,82,3,2073.5,2025-05-18T05:28:00
2962,255,243,3,3974.98,2025-03-23T11:36:00
2963,79,9,4,407.36,2025-07-24T11:34:00
2964,43,73,2,143.75,2025-07-08T18:46:00
2965,81,78,3,589.54,2025-06-15T13:13:00
2966,22,78,3,1582.44,2025-10-25T12:14:00
2967,224,126,4,3343.53,2025-03-20T20:26:00
2968,89,152,2,218.51,2025-07-13T02:21:00
2969,133,264,1,3233.3,2025-10-10T10:06:00
2970,100,105,1,1119.06,2025-10-03T01:02:00
2971,140,294,2,3523.34,2025-03-22T02:52:00
2972,43,91,2,476.33,2025-03-30T02:23:00
2973,152,262,1,3557.59,2025-10-03T04:55:00
2974,223,279,4,2681.25,2025-07-25T09:57:00
2975,5,54,1,2656.54,2025-05-15T17:34:00
2976,30,200,3,4944.16,2025-03-10T21:00:00
2977,22,199,2,2852.24,2025-09-15T15:28:00
2978,269,246,2,4160.38,2025-09-24T10:49:00
2979,199,206,3,4728.93,2025-07-24T23:19:00
2980,61,223,2,1092.47,2025-04-03T03:39:00
2981,73,224,2,899.33,2025-04-09T05:01:00
2982,157,33,1,1425.19,2025-05-10T17:13:00
2983,58,145,4,4688.62,2025-10-18T22:55:00
2984,58,47,4,4314.19,2025-08-17T04:52:00
2985,209,143,1,3260.18,2025-09-21T22:12:00
2986,57,282,1,289.78,2025-08-10T13:26:00
2987,11,87,1,316.63,2025-06-28T06:47:00
2988,83,277,3,970.99,2025-07-22T06:55:00
2989,50,2,3,3160.88,2025-06-17T05:17:00
2990,126,272,2,2751.42,2025-01-01T11:35:00
2991,83,214,2,3301.62,2025-10-17T19:03:00
2992,31,231,4,2672.24,2025-08-10T05:52:00
2993,235,224,2,4289.68,2025-04-01T17:56:00
2994,106,257,4,3367.51,2025-04-15T06:52:00
2995,248,209,1,2530.76,2025-02-28T20:34:00
2996,207,91,4,2277.1,2025-05-07T13:35:00
2997,157,56,1,4865.87,2025-04-08T04:42:00
2998,259,81,2,4500.84,2025-03-20T03:43:00
2999,277,261,2,1749.89,2025-04-06T14:47:00
3000,33,271,4,1630.21,2025-01-11T12:57:00
3001,247,253,4,479.38,2025-01-23T13:48:00
3002,190,298,2,36.34,2025-10-03T16:06:00
3003,137,127,1,3107.74,2025-08-28T19:28:00
3004,210,60,4,4591.51,2025-02-26T11:37:00
3005,215,297,2,2707.38,2025-06-03T11:42:00
3006,255,92,1,4953.43,2025-03-19T22:25:00
3007,193,189,4,2671.66,2025-03-29T19:55:00
3008,182,295,1,696.14,2025-08-18T06:19:00
3009,260,290,2,1720.43,2025-04-25T19:17:00
3010,223,5,4,3692.18,2025-03-11T18:55:00
3011,12,228,3,3138.87,2025-03-15T19:26:00
3012,217,156,1,3823.53,2025-10-21T19:25:00
3013,249,12,1,2768.46,2025-08-23T09:43:00
3014,255,131,3,3429.49,2025-10-20T09:25:00
3015,142,39,2,4014.62,2025-09-16T09:07:00
3016,211,237,2,1448.43,2025-08-23T16:40:00
3017,176,106,4,3666.72,2025-10-02T17:06:00
3018,195,150,1,1329.78,2025-06-11T00:50:00
3019,86,264,4,4379.81,2025-06-17T05:07:00
3020,17,84,4,702.01,2025-08-23T01:25:00
3021,205,149,1,95.3,2025-10-06T05:17:00
3022,274,130,3,2602.82,2025-04-24T00:35:00
3023,277,294,2,4375.3,2025-01-22T10:30:00
3024,157,277,2,3096.18,2025-08-31T08:53:00
3025,55,284,3,2082.89,2025-05-02T00:09:00
3026,229,190,1,240.98,2025-04-19T01:43:00
3027,177,200,4,513.6,2025-07-02T20:13:00
3028,9,184,4,1467.46,2025-10-13T08:49:00
3029,290,99,4,4893.85,2025-05-31T13:28:00
3030,292,27,4,4570.33,2025-01-10T20:07:00
3031,272,242,2,2075.15,2025-01-18T00:07:00
3032,105,219,3,4443.34,2025-03-04T01:14:00
3033,139,152,3,4748.72,2025-05-10T04:38:00
3034,23,202,4,1374.92,2025-06-25T13:35:00
3035,206,192,2,1507.91,2025-01-20T12:09:00
3036,65,60,3,4551.26,2025-08-12T15:08:00
3037,162,218,2,925.26,2025-04-03T03:38:00
3038,5,170,2,1081.2,2025-05-31T14:50:00
3039,16,133,4,1539.98,2025-07-19T09:34:00
3040,148,167,3,2988.45,2025-08-12T10:10:00
3041,50,119,2,1566.14,2025-09-08T02:08:00
3042,148,171,3,1094.72,2025-03-27T22:53:00
3043,29,2,2,1974.96,2025-04-05T02:59:00
3044,35,242,2,4616.06,2025-03-15T20:29:00
3045,254,81,4,3863.14,2025-10-02T20:34:00
3046,127,178,3,3563.27,2025-06-14T17:20:00
3047,88,93,3,855.7,2025-06-27T04:45:00
3048,161,52,4,582.7,2025-09-15T10:31:00
3049,189,44,4,337.47,2025-06-22T01:33:00
3050,25,186,3,2998.44,2025-05-13T14:29:00
3051,158,138,4,1155.45,2025-07-07T20:13:00
3052,183,73,3,2194.61,2025-09-28T23:47:00
3053,152,58,4,599.82,2025-10-25T09:44:00
3054,293,236,2,1303.49,2025-04-15T01:21:00
3055,119,251,1,1115.12,2025-03-05T16:13:00
3056,216,43,1,3443.46,2025-05-03T20:33:00
3057,94,219,1,2567.33,2025-09-17T17:56:00
3058,90,286,1,1766.37,2025-03-31T15:34:00
3059,244,101,1,1429.78,2025-10-12T13:11:00
3060,162,33,3,911.79,2025-08-16T22:19:00
3061,210,168,2,4633.28,2025-04-26T15:51:00
3062,263,26,1,2561.86,2025-02-24T11:27:00
3063,245,97,3,1399.69,2025-07-15T15:05:00
3064,246,227,4,4667.91,2025-07-23T18:59:00
3065,34,159,2,1053.45,2025-07-22T04:37:00
3066,295,132,4,3147.38,2025-08-09T08:57:00
3067,175,27,1,3449.02,2025-02-27T01:34:00
3068,284,175,4,1143.24,2025-01-09T17:57:00
3069,120,175,2,480.52,2025-02-13T17:38:00
3070,210,268,3,4523.49,2025-03-29T20:18:00
3071,200,142,3,3098.17,2025-08-23T18:23:00
3072,225,88,3,4120.31,2025-09-09T10:40:00
3073,293,179,2,4727.51,2025-02-26T18:03:00
3074,92,74,1,2208.33,2025-10-26T14:46:00
3075,276,38,2,1499.7,2025-10-04T06:40:00
3076,232,42,4,76.87,2025-06-18T18:33:00
3077,154,135,3,4055.37,2025-05-17T06:27:00
3078,255,82,4,4910.3,2025-02-23T02:11:00
3079,112,16,2,2643.17,2025-06-24T13:54:00
3080,275,59,1,2892.72,2025-09-09T17:05:00
3081,141,173,1,4438.1,2025-01-12T23:50:00
3082,294,86,1,2229.25,2025-10-23T01:23:00
3083,162,76,4,4623.44,2025-10-27T06:14:00
3084,192,46,3,3723.85,2025-10-03T00:48:00
3085,238,7,3,979.82,2025-07-22T00:47:00
3086,63,295,2,3937.39,2025-02-10T00:15:00
3087,273,65,4,1540.33,2025-06-11T11:07:00
3088,125,219,1,2871.97,2025-09-29T10:52:00
3089,274,52,1,218.37,2025-06-17T01:56:00
3090,70,154,2,3574.6,2025-04-16T12:04:00
3091,176,272,4,1032.18,2025-07-25T04:58:00
3092,226,41,2,3452.58,2025-09-18T23:38:00
3093,206,291,2,1048.88,2025-05-04T19:03:00
3094,4,171,3,4877.26,2025-08-09T02:23:00
3095,150,231,2,434.31,2025-06-21T12:52:00
3096,193,123,4,2842.66,2025-07-02T11:50:00
3097,60,52,4,1454.44,2025-07-21T21:39:00
3098,22,69,2,2360.33,2025-04-04T14:01:00
3099,82,279,4,4983.86,2025-07-13T13:00:00
3100,176,128,3,889.56,2025-02-12T12:51:00
3101,131,132,1,4085.92,2025-07-31T02:02:00
3102,54,237,3,3174.86,2025-04-15T10:34:00
3103,154,210,3,219.05,2025-07-11T03:02:00
3104,97,287,1,681.17,2025-04-20T00:16:00
3105,74,250,4,1046.61,2025-03-10T16:55:00
3106,53,135,3,3383.78,2025-08-21T03:33:00
3107,297,118,3,3972.26,2025-01-12T18:26:00
3108,295,23,4,2479.01,2025-05-14T22:48:00
3109,2,292,2,869.8,2025-10-02T08:39:00
3110,261,233,3,4356.49,2025-06-29T03:54:00
3111,122,169,4,683.24,2025-09-09T03:29:00
3112,137,101,1,3210.81,2025-08-06T17:35:00
3113,62,55,4,4196.52,2025-05-19T23:49:00
3114,18,104,3,4735.82,2025-09-15T16:57:00
3115,34,260,4,1031.7,2025-08-29T14:41:00
3116,184,263,2,3662.83,2025-04-20T12:18:00
3117,244,231,1,4147.85,2025-02-18T07:45:00
3118,5,7,1,4710.69,2025-06-28T06:32:00
3119,215,12,2,2727.03,2025-07-22T04:22:00
3120,136,86,1,4619.53,2025-02-04T20:54:00
3121,88,120,1,3058.01,2025-07-02T14:29:00
3122,69,4,3,3791.02,2025-02-03T00:03:00
3123,254,140,1,2827.31,2025-03-23T08:23:00
3124,123,283,1,302.19,2025-09-05T22:39:00
3125,159,51,2,725.27,2025-05-22T17:29:00
3126,15,286,4,759.36,2025-07-19T08:55:00
3127,295,209,2,920.74,2025-07-11T02:31:00
3128,153,74,2,1451.61,2025-05-16T22:41:00
3129,110,89,4,502.9,2025-10-01T19:03:00
3130,19,99,3,1915.95,2025-08-09T03:44:00
3131,196,111,1,2377.08,2025-03-18T17:25:00
3132,230,87,1,4671.58,2025-03-19T01:02:00
3133,172,122,4,4466.85,2025-08-01T23:08:00
3134,36,293,3,986.99,2025-10-06T18:01:00
3135,6,174,4,2381.6,2025-06-10T00:03:00
3136,50,254,2,687.12,2025-10-16T00:01:00
3137,237,111,4,451.93,2025-01-18T20:28:00
3138,88,83,1,550.24,2025-10-04T12:36:00
3139,22,261,4,4423.57,2025-07-19T15:09:00
3140,96,62,1,4022.3,2025-05-10T10:55:00
3141,144,209,1,4993.97,2025-02-26T18:10:00
3142,281,36,4,4172.0,2025-08-21T08:19:00
3143,126,209,1,4916.34,2025-03-16T07:48:00
3144,155,151,2,922.42,2025-03-15T02:41:00
3145,204,8,2,1714.89,2025-04-20T18:17:00
3146,43,73,1,2918.79,2025-06-06T23:52:00
3147,229,243,2,1882.26,2025-01-12T06:43:00
3148,94,216,3,1582.45,2025-04-26T04:30:00
3149,210,41,4,3015.38,2025-06-03T23:35:00
3150,13,69,3,4740.35,2025-07-03T18:34:00
3151,180,58,4,190.09,2025-02-24T03:36:00
3152,57,164,1,857.79,2025-08-09T17:56:00
3153,208,147,4,1280.22,2025-10-12T13:50:00
3154,264,216,2,1073.4,2025-07-14T01:58:00
3155,5,257,3,1563.25,2025-05-13T00:32:00
3156,119,225,1,4883.72,2025-02-26T18:02:00
3157,252,150,2,433.34,2025-06-03T01:03:00
3158,207,293,2,1968.23,2025-03-07T06:50:00
3159,167,118,3,2703.96,2025-09-19T13:17:00
3160,230,21,2,590.76,2025-10-21T16:26:00
3161,164,141,4,941.52,2025-01-05T05:04:00
3162,86,103,4,3433.16,2025-03-17T00:22:00
3163,169,1,2,3808.01,2025-01-02T01:01:00
3164,10,281,4,1247.09,2025-05-30T23:45:00
3165,207,233,2,2970.75,2025-01-03T00:33:00
3166,267,293,1,610.98,2025-03-02T12:51:00
3167,2,12,1,1925.49,2025-03-19T07:08:00
3168,254,104,4,3712.11,2025-10-25T21:34:00
3169,296,236,1,1944.08,2025-10-05T23:21:00
3170,154,279,1,4714.3,2025-10-08T13:30:00
3171,133,199,2,207.95,2025-01-12T19:52:00
3172,264,142,2,1248.96,2025-03-02T03:46:00
3173,126,229,1,4648.2,2025-09-25T02:20:00
3174,48,285,3,3473.04,2025-06-18T16:09:00
3175,294,159,2,4864.03,2025-04-07T20:16:00
3176,7,36,3,1021.25,2025-05-03T08:26:00
3177,211,16,4,1611.65,2025-10-22T19:38:00
3178,129,146,3,4316.83,2025-08-10T14:09:00
3179,28,49,1,2754.93,2025-05-17T20:46:00
3180,9,72,1,3445.15,2025-03-19T04:41:00
3181,114,263,4,2984.34,2025-05-28T00:09:00
3182,201,73,1,2656.74,2025-09-14T02:31:00
3183,135,167,2,2340.51,2025-07-03T20:12:00
3184,211,160,2,4755.42,2025-04-24T11:29:00
3185,9,5,3,440.51,2025-02-18T17:08:00
3186,283,170,1,2747.02,2025-08-03T02:40:00
3187,91,168,3,2824.48,2025-05-27T21:55:00
3188,204,59,1,308.86,2025-03-30T07:03:00
3189,136,219,4,122.54,2025-02-13T04:35:00
3190,125,268,2,2294.11,2025-01-16T02:46:00
3191,90,103,2,2841.15,2025-08-07T02:22:00
3192,46,65,1,3276.05,2025-05-16T17:45:00
3193,192,6,4,3678.47,2025-08-11T10:14:00
3194,133,160,4,3628.4,2025-06-06T20:11:00
3195,74,226,4,4937.94,2025-06-03T12:52:00
3196,13,55,1,1667.82,2025-01-04T11:31:00
3197,105,159,4,4227.49,2025-05-13T07:22:00
3198,286,216,1,2458.39,2025-07-29T17:10:00
3199,84,163,1,3748.52,2025-03-06T14:42:00
3200,94,202,4,4934.39,2025-09-18T12:54:00
3201,215,199,3,4659.75,2025-07-24T04:54:00
3202,67,142,1,4782.18,2025-08-15T13:54:00
3203,280,227,3,3951.58,2025-05-31T15:29:00
3204,42,82,1,3197.36,2025-07-05T00:02:00
3205,212,56,3,2505.49,2025-09-05T09:09:00
3206,65,121,3,4321.15,2025-04-18T09:03:00
3207,158,215,4,2740.68,2025-02-26T04:05:00
3208,173,222,3,3024.98,2025-07-02T05:22:00
3209,132,295,2,90.87,2025-07-24T21:44:00
3210,142,145,1,3833.24,2025-02-21T21:45:00
3211,253,101,1,2658.33,2025-08-26T07:00:00
3212,220,120,3,1130.61,2025-10-28T09:32:00
3213,258,92,1,2643.53,2025-05-22T18:51:00
3214,215,275,1,4965.4,2025-07-27T08:55:00
3215,10,178,1,4083.71,2025-01-23T05:05:00
3216,83,190,3,984.39,2025-05-23T02:51:00
3217,96,127,1,596.73,2025-07-25T01:19:00
3218,271,218,1,4119.86,2025-05-03T15:09:00
3219,52,259,4,269.09,2025-01-30T06:10:00
3220,32,104,1,2975.4,2025-10-09T18:39:00
3221,26,42,1,4038.9,2025-01-17T00:13:00
3222,153,244,1,1207.31,2025-09-12T23:06:00
3223,239,285,4,232.71,2025-02-23T20:48:00
3224,199,80,3,3420.3,2025-01-27T23:32:00
3225,133,51,3,4227.78,2025-08-27T16:21:00
3226,187,5,1,389.82,2025-08-13T10:14:00
3227,173,272,2,3532.31,2025-01-12T15:59:00
3228,86,286,4,2615.32,2025-01-02T15:08:00
3229,240,29,2,2342.4,2025-08-01T03:27:00
3230,15,283,1,3897.09,2025-08-29T04:08:00
3231,104,197,3,2408.2,2025-03-03T17:12:00
3232,249,174,2,206.39,2025-08-03T17:55:00
3233,55,4,2,3992.35,2025-10-08T00:43:00
3234,282,188,3,2330.28,2025-09-14T01:00:00
3235,87,132,3,974.8,2025-03-11T06:56:00
3236,203,96,2,4851.54,2025-03-04T12:37:00
3237,20,197,4,2759.67,2025-08-22T08:25:00
3238,242,11,4,4005.23,2025-07-02T02:27:00
3239,61,126,3,3486.42,2025-03-14T02:20:00
3240,29,60,4,4473.77,2025-03-16T12:04:00
3241,3,246,1,1091.84,2025-07-06T01:52:00
3242,268,133,2,1413.94,2025-04-19T22:47:00
3243,58,276,2,2891.55,2025-05-28T17:54:00
3244,150,258,1,1105.85,2025-01-06T09:58:00
3245,55,218,1,4071.17,2025-06-11T07:02:00
3246,76,52,3,4558.4,2025-07-13T15:46:00
3247,187,282,4,3492.94,2025-07-26T22:50:00
3248,126,119,3,1167.2,2025-10-09T02:05:00
3249,2,167,1,4101.83,2025-05-22T15:26:00
3250,133,80,4,2530.29,2025-10-27T13:54:00
3251,63,164,4,1237.68,2025-06-22T10:47:00
3252,57,71,1,4529.64,2025-09-10T10:51:00
3253,51,69,2,2963.42,2025-10-16T15:32:00
3254,51,175,3,1301.69,2025-07-12T20:02:00
3255,237,83,2,3673.09,2025-01-10T04:18:00
3256,150,223,3,3859.65,2025-08-05T14:29:00
3257,73,19,3,327.97,2025-02-22T00:29:00
3258,105,32,4,616.9,2025-07-16T08:48:00
3259,247,273,2,2408.37,2025-02-01T06:06:00
3260,250,163,3,4893.61,2025-09-29T00:49:00
3261,96,227,3,4107.58,2025-06-04T16:54:00
3262,167,236,2,1919.7,2025-03-24T18:11:00
3263,171,133,4,3427.83,2025-07-26T04:57:00
3264,231,96,3,4985.17,2025-08-18T13:27:00
3265,129,70,1,2229.37,2025-07-13T21:13:00
3266,74,245,1,4299.04,2025-04-16T10:13:00
3267,281,206,4,2090.76,2025-03-12T11:38:00
3268,65,112,4,3611.57,2025-09-01T19:03:00
3269,209,16,3,2587.48,2025-09-25T12:37:00
3270,120,91,1,3471.14,2025-07-09T07:16:00
3271,4,178,1,3438.08,2025-03-16T15:12:00
3272,296,215,1,4785.18,2025-06-17T19:54:00
3273,231,220,3,3883.68,2025-06-10T06:43:00
3274,165,211,4,293.58,2025-08-31T16:38:00
3275,238,256,3,1724.59,2025-03-23T13:54:00
3276,40,15,2,4156.71,2025-09-27T08:09:00
3277,93,245,2,4302.27,2025-03-08T14:46:00
3278,106,93,1,3532.3,2025-03-31T20:09:00
3279,247,53,1,3809.08,2025-08-26T11:41:00
3280,251,219,1,4843.72,2025-02-24T13:10:00
3281,30,151,2,3085.86,2025-10-06T11:07:00
3282,148,138,4,2887.74,2025-04-30T01:23:00
3283,90,54,4,4776.99,2025-01-05T06:37:00
3284,92,96,1,4492.95,2025-07-31T18:50:00
3285,282,8,1,4984.44,2025-05-17T05:43:00
3286,204,138,4,4144.98,2025-02-01T13:34:00
3287,13,37,4,2325.44,2025-01-10T06:51:00
3288,42,205,2,2231.01,2025-01-21T10:43:00
3289,6,17,3,2918.6,2025-04-17T05:26:00
3290,235,94,3,4584.52,2025-07-12T18:14:00
3291,58,226,2,2818.19,2025-08-16T13:15:00
3292,285,3,2,4789.72,2025-01-17T23:25:00
3293,167,134,1,785.59,2025-06-29T19:46:00
3294,282,167,1,3495.91,2025-04-23T23:38:00
3295,116,66,4,3505.07,2025-09-10T05:34:00
3296,45,82,1,4112.12,2025-04-24T11:41:00
3297,25,153,4,302.2,2025-08-09T22:26:00
3298,232,203,3,4121.19,2025-08-21T05:35:00
3299,156,183,2,2942.62,2025-05-16T19:47:00
3300,192,12,4,3615.32,2025-09-16T17:27:00
3301,155,2,4,3742.18,2025-07-06T13:54:00
3302,12,87,1,2730.47,2025-02-22T18:53:00
3303,88,24,2,934.92,2025-02-09T11:49:00
3304,154,122,1,1401.07,2025-10-05T18:58:00
3305,18,300,2,870.9,2025-03-22T11:12:00
3306,127,106,2,37.77,2025-03-27T07:22:00
3307,35,21,2,4048.89,2025-06-19T11:54:00
3308,31,59,2,4946.61,2025-05-26T10:50:00
3309,18,116,4,2906.57,2025-10-11T17:18:00
3310,107,100,2,967.78,2025-03-25T09:54:00
3311,127,202,2,2962.52,2025-03-09T00:51:00
3312,276,14,3,2823.83,2025-10-03T20:14:00
3313,63,65,3,3764.53,2025-02-16T05:56:00
3314,297,30,4,3901.48,2025-07-21T10:58:00
3315,69,29,1,717.5,2025-09-12T12:12:00
3316,39,247,4,1548.41,2025-07-10T08:10:00
3317,34,8,4,915.35,2025-05-18T20:05:00
3318,290,105,4,1712.78,2025-02-20T18:08:00
3319,93,203,4,384.69,2025-04-28T03:30:00
3320,191,119,4,644.9,2025-08-05T08:30:00
3321,164,78,4,1263.11,2025-02-22T04:44:00
3322,14,218,1,2245.6,2025-04-28T00:00:00
3323,293,82,3,1580.45,2025-03-12T08:03:00
3324,98,86,1,318.66,2025-04-28T10:22:00
3325,6,163,1,1358.17,2025-03-13T03:37:00
3326,54,154,2,3332.62,2025-01-26T16:54:00
3327,227,249,4,3190.37,2025-05-14T14:38:00
3328,65,192,3,4300.55,2025-03-20T02:32:00
3329,280,121,3,3143.27,2025-06-14T22:59:00
3330,277,57,2,3681.09,2025-01-04T09:49:00
3331,278,248,4,212.03,2025-09-10T20:24:00
3332,295,102,2,4403.73,2025-03-29T18:37:00
3333,286,221,3,480.9,2025-01-30T05:21:00
3334,240,278,3,4800.37,2025-05-21T01:56:00
3335,267,171,3,3677.53,2025-09-29T06:53:00
3336,278,88,3,3498.86,2025-09-02T04:25:00
3337,89,10,3,1992.5,2025-03-06T21:37:00
3338,87,186,3,4620.27,2025-06-13T23:23:00
3339,42,300,4,848.02,2025-03-23T05:11:00
3340,180,5,1,2668.75,2025-06-30T23:50:00
3341,208,87,3,2238.87,2025-10-10T13:12:00
3342,129,93,1,457.75,2025-03-28T05:15:00
3343,141,45,3,2850.81,2025-03-31T19:00:00
3344,7,214,4,855.35,2025-08-16T01:08:00
3345,210,205,1,1315.07,2025-06-25T01:37:00
3346,185,221,2,929.63,2025-09-02T09:41:00
3347,21,10,2,3074.54,2025-01-26T23:48:00
3348,44,295,2,1231.82,2025-04-13T17:39:00
3349,91,69,2,1492.9,2025-08-26T02:05:00
3350,114,196,1,3475.67,2025-08-03T00:59:00
3351,271,74,4,2431.84,2025-01-20T10:25:00
3352,144,205,1,4617.73,2025-08-03T01:30:00
3353,224,67,4,1410.49,2025-09-27T22:22:00
3354,6,8,3,1145.2,2025-03-30T06:17:00
3355,217,47,4,4131.68,2025-03-17T07:43:00
3356,57,106,2,3933.57,2025-02-28T00:41:00
3357,133,145,1,4825.16,2025-06-03T04:12:00
3358,51,200,3,1383.73,2025-05-28T03:58:00
3359,101,236,2,2322.29,2025-07-18T16:23:00
3360,245,216,1,2112.84,2025-04-17T08:38:00
3361,150,93,1,4094.85,2025-08-08T02:30:00
3362,168,175,1,2560.43,2025-08-14T00:05:00
3363,254,290,2,866.32,2025-04-04T01:56:00
3364,87,147,2,2229.26,2025-05-17T08:04:00
3365,255,87,2,1347.0,2025-08-08T10:50:00
3366,101,257,4,2865.13,2025-08-18T18:48:00
3367,6,85,3,4371.36,2025-10-02T11:47:00
3368,116,194,2,2093.02,2025-10-18T01:17:00
3369,240,89,2,2581.01,2025-05-17T02:41:00
3370,7,2,3,1139.55,2025-06-22T20:56:00
3371,161,247,3,876.03,2025-07-20T23:17:00
3372,121,165,1,4176.97,2025-01-17T18:49:00
3373,113,245,1,1312.94,2025-08-07T01:19:00
3374,251,211,1,1471.53,2025-08-22T16:58:00
3375,268,135,3,1065.33,2025-01-27T12:46:00
3376,193,43,4,4216.99,2025-06-29T13:16:00
3377,213,240,2,3398.79,2025-07-18T07:25:00
3378,284,35,3,3297.31,2025-02-14T16:23:00
3379,265,293,1,4692.22,2025-03-18T14:30:00
3380,86,296,1,60.41,2025-09-22T09:21:00
3381,21,233,4,107.07,2025-05-01T11:26:00
3382,220,18,3,4497.63,2025-04-27T22:15:00
3383,228,137,4,2962.74,2025-05-06T06:01:00
3384,203,248,4,3331.03,2025-01-12T12:30:00
3385,62,281,2,919.27,2025-04-04T13:26:00
3386,244,295,3,3881.63,2025-01-09T16:28:00
3387,261,260,4,1648.84,2025-09-15T10:43:00
3388,24,199,4,3758.39,2025-10-21T13:13:00
3389,156,87,4,4937.12,2025-01-13T23:54:00
3390,162,166,1,4219.99,2025-06-04T18:08:00
3391,72,61,4,298.12,2025-10-15T13:48:00
3392,40,280,4,3415.56,2025-08-15T00:26:00
3393,201,106,2,4195.48,2025-02-05T12:48:00
3394,84,296,1,2375.46,2025-10-25T18:11:00
3395,261,42,2,2455.24,2025-10-15T04:26:00
3396,166,105,2,2320.93,2025-08-23T23:58:00
3397,4,274,4,4112.68,2025-06-07T19:16:00
3398,88,208,3,792.89,2025-04-16T22:44:00
3399,275,121,1,3374.49,2025-05-02T10:19:00
3400,10,58,3,1797.17,2025-10-17T19:26:00
3401,231,14,4,2996.08,2025-02-02T19:21:00
3402,276,225,2,14.95,2025-05-13T19:33:00
3403,84,140,2,2809.25,2025-09-20T23:49:00
3404,143,126,1,3488.39,2025-02-08T14:46:00
3405,276,58,4,2360.02,2025-01-03T12:40:00
3406,193,139,2,3390.62,2025-06-25T20:33:00
3407,297,27,1,1901.17,2025-05-10T18:58:00
3408,73,262,1,1646.2,2025-04-13T14:49:00
3409,24,59,4,276.72,2025-03-21T13:40:00
3410,153,22,4,4399.78,2025-04-15T00:32:00
3411,277,17,1,2274.04,2025-07-25T04:33:00
3412,85,213,2,3258.15,2025-06-01T09:53:00
3413,270,168,1,3304.26,2025-01-10T14:09:00
3414,265,260,3,4757.29,2025-04-05T20:41:00
3415,240,142,1,380.93,2025-10-04T00:27:00
3416,58,198,1,861.6,2025-08-30T12:25:00
3417,68,8,1,2654.27,2025-01-09T07:39:00
3418,62,234,1,3179.84,2025-03-31T13:12:00
3419,136,144,3,1095.62,2025-07-15T20:41:00
3420,95,130,3,4991.61,2025-09-06T00:05:00
3421,92,6,3,4053.48,2025-03-15T09:10:00
3422,192,111,4,2985.37,2025-10-27T02:59:00
3423,80,115,4,1824.34,2025-01-05T05:35:00
3424,137,292,4,2028.32,2025-01-31T07:39:00
3425,193,230,1,663.64,2025-05-31T07:24:00
3426,163,69,3,214.93,2025-07-01T07:44:00
3427,218,131,1,3501.06,2025-08-14T11:49:00
3428,143,9,2,4369.15,2025-05-20T16:34:00
3429,76,61,3,4372.02,2025-10-19T14:31:00
3430,128,266,3,1385.84,2025-07-24T13:09:00
3431,102,66,2,2142.3,2025-07-15T12:51:00
3432,238,271,4,1422.1,2025-02-07T04:23:00
3433,298,159,4,4839.11,2025-03-31T04:47:00
3434,26,132,2,3026.14,2025-07-18T05:10:00
3435,211,289,2,60.34,2025-08-02T12:04:00
3436,233,292,4,888.72,2025-06-26T12:39:00
3437,80,281,2,1080.6,2025-10-11T23:30:00
3438,205,285,4,3552.03,2025-08-19T19:11:00
3439,191,223,1,1509.03,2025-05-07T08:33:00
3440,89,26,3,4476.59,2025-05-07T03:20:00
3441,103,271,2,4880.36,2025-02-13T04:08:00
3442,207,6,1,27.07,2025-02-04T09:19:00
3443,26,239,4,738.24,2025-02-04T09:47:00
3444,117,18,3,3656.79,2025-10-16T02:13:00
3445,154,61,1,1024.61,2025-10-22T15:20:00
3446,78,279,4,666.31,2025-10-04T13:41:00
3447,168,197,3,803.05,2025-03-11T09:58:00
3448,6,169,2,282.78,2025-04-04T07:21:00
3449,119,16,4,4966.66,2025-08-08T19:51:00
3450,53,134,4,629.89,2025-10-19T17:58:00
3451,18,190,4,2672.07,2025-01-03T02:30:00
3452,187,126,1,2245.61,2025-07-29T13:06:00
3453,270,221,3,4890.96,2025-03-20T20:58:00
3454,149,4,3,1243.3,2025-06-07T15:16:00
3455,62,84,3,1131.56,2025-02-07T21:12:00
3456,247,162,4,489.18,2025-01-27T15:31:00
3457,254,101,2,371.01,2025-06-29T01:14:00
3458,215,45,2,4830.16,2025-03-17T22:21:00
3459,299,37,2,2580.6,2025-04-10T06:29:00
3460,21,98,3,3660.15,2025-05-31T09:17:00
3461,230,147,1,3899.75,2025-09-10T13:01:00
3462,228,274,4,4330.68,2025-04-26T10:04:00
3463,3,241,4,1610.16,2025-02-06T15:40:00
3464,18,286,3,453.69,2025-05-03T21:10:00
3465,276,178,1,1343.58,2025-07-16T06:16:00
3466,19,38,3,2546.87,2025-06-26T11:34:00
3467,41,49,3,4476.51,2025-08-20T08:17:00
3468,201,188,2,3013.38,2025-03-01T12:03:00
3469,252,243,1,257.64,2025-01-06T18:15:00
3470,7,160,3,4464.48,2025-03-02T17:17:00
3471,10,128,2,895.16,2025-10-04T00:43:00
3472,108,196,4,3845.88,2025-01-21T07:32:00
3473,191,279,4,3424.04,2025-05-23T20:44:00
3474,11,228,1,762.0,2025-06-14T05:38:00
3475,174,47,4,1416.01,2025-08-12T22:38:00
3476,106,105,2,1716.02,2025-08-02T04:12:00
3477,29,98,4,1503.41,2025-01-11T16:58:00
3478,260,28,4,2439.47,2025-09-16T23:38:00
3479,286,248,1,2984.92,2025-01-22T21:45:00
3480,61,48,3,4328.94,2025-02-10T02:12:00
3481,75,200,4,505.8,2025-06-21T17:17:00
3482,284,174,1,1717.84,2025-07-24T07:11:00
3483,62,58,4,166.58,2025-08-21T21:43:00
3484,82,76,1,1571.13,2025-08-29T21:00:00
3485,244,245,3,1819.98,2025-05-23T09:30:00
3486,30,273,2,4593.08,2025-04-11T02:28:00
3487,33,149,4,3730.76,2025-10-21T10:46:00
3488,125,296,3,2109.02,2025-09-06T12:26:00
3489,68,209,2,1244.74,2025-10-23T12:59:00
3490,2,187,2,4881.23,2025-03-12T23:24:00
3491,38,274,3,87.14,2025-07-11T15:52:00
3492,285,230,1,1084.33,2025-07-18T16:25:00
3493,25,170,1,1969.89,2025-01-22T12:25:00
3494,123,223,1,1857.97,2025-03-08T23:33:00
3495,45,220,3,4187.91,2025-10-07T18:07:00
3496,6,111,1,2963.86,2025-03-26T01:51:00
3497,122,15,2,1827.36,2025-01-12T19:16:00
3498,174,81,2,3838.13,2025-08-24T11:36:00
3499,240,188,2,4288.05,2025-10-22T20:52:00
3500,96,201,1,252.45,2025-10-01T13:02:00
3501,69,238,3,4586.57,2025-09-10T09:42:00
3502,165,132,3,4907.5,2025-03-12T01:20:00
3503,147,286,3,3468.96,2025-06-18T07:32:00
3504,47,64,1,3154.96,2025-03-03T22:35:00
3505,200,179,3,2649.32,2025-05-26T09:48:00
3506,170,204,4,788.72,2025-03-27T19:50:00
3507,190,77,1,2469.15,2025-09-11T01:20:00
3508,209,195,1,1177.5,2025-07-29T03:51:00
3509,216,72,3,2711.1,2025-01-16T14:00:00
3510,152,230,2,3790.06,2025-07-27T00:08:00
3511,101,181,1,1833.03,2025-07-06T00:04:00
3512,192,102,1,343.92,2025-04-28T21:46:00
3513,47,217,4,4045.77,2025-06-11T13:03:00
3514,178,270,4,2862.55,2025-07-11T04:11:00
3515,131,155,1,1049.9,2025-06-17T09:28:00
3516,291,136,1,3549.73,2025-05-16T23:47:00
3517,188,110,1,3401.65,2025-06-13T22:58:00
3518,240,299,1,1599.99,2025-08-24T03:36:00
3519,41,269,4,2176.46,2025-06-03T22:25:00
3520,298,110,4,1653.84,2025-03-05T17:15:00
3521,100,166,4,1322.9,2025-10-14T14:25:00
3522,281,4,3,3434.89,2025-01-26T05:15:00
3523,245,243,1,2712.59,2025-05-06T00:51:00
3524,52,289,2,823.89,2025-07-04T13:31:00
3525,124,112,2,4252.29,2025-03-15T22:45:00
3526,246,109,2,1055.61,2025-07-27T09:16:00
3527,21,96,2,1614.19,2025-03-25T12:59:00
3528,236,193,2,1295.15,2025-08-13T15:58:00
3529,122,82,2,3606.05,2025-06-23T20:09:00
3530,24,70,2,3431.62,2025-01-12T18:06:00
3531,129,1,1,2119.28,2025-04-07T07:48:00
3532,90,265,3,1470.21,2025-04-19T09:31:00
3533,37,269,2,4447.84,2025-01-05T21:30:00
3534,170,165,1,1644.64,2025-05-18T22:21:00
3535,65,200,1,4574.62,2025-08-15T10:27:00
3536,292,36,2,2757.82,2025-04-24T03:01:00
3537,2,202,3,4923.48,2025-04-20T21:09:00
3538,95,222,2,4568.49,2025-09-10T14:29:00
3539,240,112,2,4696.47,2025-08-01T23:32:00
3540,18,204,4,4643.26,2025-09-02T00:59:00
3541,227,2,2,2794.77,2025-01-27T07:24:00
3542,18,172,3,851.48,2025-09-15T09:08:00
3543,148,44,1,3203.36,2025-06-02T23:03:00
3544,68,254,3,97.42,2025-08-11T15:50:00
3545,188,260,2,2143.0,2025-08-04T04:23:00
3546,292,2,4,4152.88,2025-01-08T01:15:00
3547,208,98,3,3173.29,2025-07-26T08:26:00
3548,37,145,4,1339.99,2025-09-06T20:37:00
3549,107,54,2,4904.8,2025-10-20T21:31:00
3550,295,278,3,4211.36,2025-02-09T08:38:00
3551,260,219,1,2948.44,2025-06-11T10:00:00
3552,145,107,2,4118.61,2025-08-12T09:13:00
3553,66,68,2,4876.92,2025-05-12T12:06:00
3554,67,52,2,3594.41,2025-10-27T22:59:00
3555,274,39,1,1651.07,2025-05-28T17:59:00
3556,174,117,3,86.34,2025-02-07T05:43:00
3557,231,224,2,691.67,2025-04-09T18:33:00
3558,156,255,3,867.26,2025-03-24T10:25:00
3559,237,259,4,325.75,2025-09-20T16:33:00
3560,73,66,2,2254.0,2025-10-07T20:30:00
3561,30,169,3,341.63,2025-09-25T01:24:00
3562,40,103,3,2879.8,2025-07-09T12:19:00
3563,240,295,3,1960.12,2025-06-16T16:27:00
3564,228,138,4,968.02,2025-10-05T07:00:00
3565,228,79,2,1977.88,2025-03-03T01:53:00
3566,279,31,2,2088.82,2025-07-16T12:08:00
3567,4,51,4,1616.64,2025-06-13T23:28:00
3568,260,209,3,1656.07,2025-09-25T12:20:00
3569,168,184,4,1763.56,2025-03-30T08:30:00
3570,221,141,1,39.21,2025-07-17T16:28:00
3571,173,267,4,4042.74,2025-03-09T09:43:00
3572,30,183,1,2076.54,2025-06-30T08:20:00
3573,55,79,2,4459.41,2025-06-04T08:04:00
3574,263,242,3,29.67,2025-04-14T06:33:00
3575,209,274,4,89.86,2025-04-30T10:52:00
3576,241,22,1,2265.91,2025-05-06T13:12:00
3577,24,153,3,773.65,2025-04-19T16:41:00
3578,211,32,2,230.88,2025-06-20T23:03:00
3579,277,274,2,156.83,2025-05-23T23:04:00
3580,109,138,1,2921.49,2025-08-10T20:04:00
3581,244,249,4,678.97,2025-05-20T10:09:00
3582,285,138,1,1052.68,2025-07-19T19:17:00
3583,270,7,3,1592.28,2025-01-22T14:13:00
3584,182,194,4,1499.28,2025-09-18T00:36:00
3585,165,256,2,2867.32,2025-01-10T10:37:00
3586,281,24,2,3291.02,2025-08-10T00:10:00
3587,129,139,2,3255.11,2025-01-23T07:05:00
3588,182,272,2,1663.96,2025-05-24T19:53:00
3589,9,240,2,4222.7,2025-03-20T01:14:00
3590,50,289,4,3326.61,2025-08-30T09:34:00
3591,224,236,3,3050.26,2025-02-28T21:19:00
3592,35,263,4,3690.38,2025-09-25T23:10:00
3593,104,2,2,4196.3,2025-06-13T20:33:00
3594,203,264,3,534.58,2025-08-04T05:15:00
3595,113,87,4,160.48,2025-07-04T23:35:00
3596,193,144,2,2298.94,2025-09-04T09:59:00
3597,265,108,1,4247.29,2025-08-16T06:44:00
3598,2,197,4,913.06,2025-04-20T21:41:00
3599,45,191,1,4908.72,2025-09-29T02:29:00
3600,277,257,2,1478.03,2025-03-17T12:52:00
3601,186,175,3,2074.53,2025-10-08T18:53:00
3602,12,216,2,1181.65,2025-08-24T23:09:00
3603,113,243,1,2254.3,2025-09-15T18:01:00
3604,78,88,2,2360.27,2025-10-21T01:02:00
3605,220,162,3,4365.24,2025-10-05T20:40:00
3606,230,29,3,4050.55,2025-08-17T18:20:00
3607,133,37,4,2106.49,2025-06-10T10:12:00
3608,269,40,1,4215.75,2025-04-18T14:32:00
3609,34,181,1,1605.43,2025-01-30T17:37:00
3610,155,190,4,842.4,2025-10-09T06:32:00
3611,135,282,4,2058.07,2025-09-26T00:55:00
3612,80,9,4,1995.98,2025-03-19T07:37:00
3613,205,56,2,577.01,2025-01-15T20:54:00
3614,171,46,1,777.66,2025-10-18T20:50:00
3615,277,268,4,4237.44,2025-02-20T16:49:00
3616,69,14,4,40.18,2025-07-25T12:45:00
3617,19,61,1,2276.13,2025-03-09T07:30:00
3618,76,285,2,1941.17,2025-04-29T07:17:00
3619,262,224,3,3039.32,2025-08-21T01:15:00
3620,162,23,4,2456.69,2025-08-24T16:39:00
3621,212,266,2,4982.74,2025-04-08T10:22:00
3622,229,7,4,2214.08,2025-02-21T05:53:00
3623,112,52,3,1649.7,2025-01-22T21:54:00
3624,163,226,1,1790.59,2025-02-17T16:30:00
3625,114,265,3,3555.99,2025-05-24T08:02:00
3626,160,189,2,527.83,2025-02-09T09:04:00
3627,158,248,1,3258.75,2025-02-22T04:59:00
3628,117,166,1,996.27,2025-10-02T14:07:00
3629,167,202,1,3719.55,2025-10-26T20:28:00
3630,231,229,1,4369.18,2025-03-14T07:40:00
3631,155,137,3,2134.63,2025-05-30T08:26:00
3632,243,295,3,128.57,2025-04-29T13:46:00
3633,219,153,1,336.64,2025-04-22T04:39:00
3634,164,246,2,3793.12,2025-09-17T21:13:00
3635,61,182,4,1833.43,2025-03-24T19:58:00
3636,76,225,2,526.78,2025-07-21T17:49:00
3637,107,20,2,2826.85,2025-02-15T10:35:00
3638,189,156,2,4979.67,2025-04-27T07:11:00
3639,154,47,4,4273.41,2025-07-10T02:35:00
3640,178,131,2,2917.47,2025-07-19T00:29:00
3641,107,154,3,3974.57,2025-08-30T22:16:00
3642,200,91,1,1730.16,2025-10-21T11:34:00
3643,146,43,4,1342.34,2025-02-28T13:04:00
3644,227,2,3,70.57,2025-03-24T05:04:00
3645,263,49,4,2824.9,2025-02-06T20:53:00
3646,147,51,2,3939.74,2025-06-03T08:42:00
3647,246,198,1,3527.64,2025-05-11T17:13:00
3648,250,231,3,134.02,2025-03-07T18:51:00
3649,65,275,4,1446.63,2025-05-04T06:49:00
3650,15,78,4,4808.91,2025-06-28T23:01:00
3651,295,300,4,3536.87,2025-04-06T03:35:00
3652,97,213,4,2264.84,2025-03-05T19:47:00
3653,194,213,4,2180.36,2025-02-09T00:08:00
3654,161,202,2,1393.03,2025-01-17T04:50:00
3655,66,69,2,1346.98,2025-10-06T01:04:00
3656,107,225,4,2770.87,2025-08-04T15:22:00
3657,9,49,4,4321.9,2025-02-06T10:09:00
3658,156,142,4,605.89,2025-05-31T00:39:00
3659,85,109,2,3885.44,2025-06-29T02:29:00
3660,156,203,3,2174.23,2025-06-07T04:55:00
3661,193,27,1,2750.18,2025-05-07T15:48:00
3662,66,195,2,337.09,2025-10-27T11:47:00
3663,196,172,3,2915.33,2025-03-22T20:11:00
3664,249,225,4,4254.79,2025-05-15T02:19:00
3665,24,14,2,4636.83,2025-10-08T10:00:00
3666,92,172,3,322.41,2025-04-17T08:49:00
3667,148,131,4,2408.15,2025-04-03T17:58:00
3668,275,118,1,1506.95,2025-05-04T07:04:00
3669,130,185,3,1892.96,2025-02-12T11:43:00
3670,247,150,2,748.34,2025-02-17T03:16:00
3671,235,270,4,2950.28,2025-06-12T06:04:00
3672,69,5,3,74.75,2025-06-14T09:15:00
3673,226,254,4,2127.5,2025-09-21T06:03:00
3674,271,192,1,303.57,2025-10-02T15:15:00
3675,44,160,2,2913.57,2025-06-16T02:04:00
3676,129,118,4,2409.5,2025-07-31T05:40:00
3677,54,8,4,3993.17,2025-02-09T17:29:00
3678,50,24,4,3156.15,2025-06-13T13:19:00
3679,66,170,4,4195.55,2025-07-28T20:35:00
3680,2,74,4,4110.73,2025-04-12T07:59:00
3681,37,191,3,900.13,2025-04-11T00:25:00
3682,18,28,2,980.21,2025-04-05T16:27:00
3683,172,10,3,4577.98,2025-03-12T05:18:00
3684,49,50,3,3942.37,2025-01-14T12:26:00
3685,246,19,1,1578.61,2025-05-12T10:47:00
3686,290,73,1,481.77,2025-07-25T13:57:00
3687,128,106,2,647.98,2025-03-11T08:02:00
3688,17,164,2,4345.96,2025-10-28T04:11:00
3689,91,25,3,1892.01,2025-01-15T03:42:00
3690,24,39,1,3792.03,2025-05-12T17:19:00
3691,108,115,1,966.25,2025-03-31T11:11:00
3692,265,194,1,3984.05,2025-03-23T07:46:00
3693,131,172,4,3397.98,2025-06-20T04:13:00
3694,156,96,4,1495.51,2025-06-02T19:28:00
3695,220,3,2,1322.23,2025-09-20T13:27:00
3696,99,138,2,3728.39,2025-10-26T11:15:00
3697,224,233,4,3127.39,2025-05-05T08:42:00
3698,294,282,3,890.85,2025-08-30T07:22:00
3699,208,48,3,3443.35,2025-07-16T12:23:00
3700,171,289,1,1341.22,2025-07-19T05:23:00
3701,127,262,1,3099.84,2025-08-02T13:19:00
3702,54,137,4,3914.87,2025-07-09T07:15:00
3703,208,298,3,800.47,2025-08-15T08:59:00
3704,202,223,3,3336.28,2025-06-23T06:35:00
3705,298,209,2,3810.64,2025-10-23T17:56:00
3706,174,128,2,1451.73,2025-07-18T15:59:00
3707,78,153,1,1697.08,2025-02-11T05:41:00
3708,235,215,2,3726.01,2025-10-08T07:20:00
3709,139,109,3,2057.07,2025-06-18T16:47:00
3710,220,127,1,2067.73,2025-02-21T12:46:00
3711,276,76,3,2829.71,2025-05-02T19:38:00
3712,280,40,4,485.43,2025-04-25T21:32:00
3713,43,52,4,4485.2,2025-09-21T20:12:00
3714,237,46,1,1227.99,2025-09-12T06:30:00
3715,67,195,1,2360.29,2025-03-27T00:06:00
3716,141,275,4,4073.52,2025-10-11T22:01:00
3717,285,72,4,3660.92,2025-10-21T06:07:00
3718,68,63,3,1994.17,2025-04-11T18:49:00
3719,153,227,4,923.8,2025-05-23T04:47:00
3720,297,85,4,4213.03,2025-06-01T11:48:00
3721,208,106,2,2991.25,2025-08-24T04:47:00
3722,300,154,1,1080.08,2025-10-21T08:32:00
3723,41,57,2,3211.95,2025-07-16T22:18:00
3724,291,236,1,3104.01,2025-08-20T21:01:00
3725,211,282,2,1096.16,2025-04-23T19:07:00
3726,17,54,4,541.64,2025-06-29T18:01:00
3727,59,206,2,2840.59,2025-05-20T23:37:00
3728,18,42,2,1135.97,2025-05-20T08:13:00
3729,244,215,4,3285.67,2025-04-16T21:17:00
3730,274,52,3,232.72,2025-10-16T17:51:00
3731,136,46,1,4775.29,2025-08-11T15:38:00
3732,111,20,1,4969.91,2025-10-06T02:06:00
3733,206,6,3,2893.82,2025-02-12T00:03:00
3734,160,83,1,756.86,2025-10-15T13:54:00
3735,214,61,4,4580.31,2025-01-17T23:04:00
3736,21,127,3,726.18,2025-04-13T08:32:00
3737,169,155,3,4441.34,2025-01-31T06:20:00
3738,102,39,4,311.61,2025-09-02T18:42:00
3739,50,249,1,1031.02,2025-10-06T12:03:00
3740,41,166,4,498.92,2025-02-14T15:07:00
3741,105,70,1,2916.92,2025-06-08T00:08:00
3742,156,238,1,812.05,2025-09-24T17:51:00
3743,46,149,1,600.56,2025-10-01T14:54:00
3744,154,163,2,4543.65,2025-02-08T19:13:00
3745,224,244,3,2456.84,2025-05-31T13:12:00
3746,37,123,1,192.36,2025-09-13T09:39:00
3747,57,195,1,3913.37,2025-05-27T05:15:00
3748,78,61,3,1423.37,2025-01-25T02:45:00
3749,122,43,3,1092.89,2025-01-27T13:38:00
3750,222,95,4,336.81,2025-10-08T08:52:00
3751,177,173,2,4991.71,2025-03-31T20:31:00
3752,160,39,1,698.96,2025-07-06T09:31:00
3753,34,239,3,2605.38,2025-07-03T13:24:00
3754,145,260,2,4905.9,2025-01-16T11:06:00
3755,175,222,4,1742.6,2025-07-25T06:23:00
3756,187,259,3,4433.13,2025-04-05T14:40:00
3757,45,234,2,1951.63,2025-03-10T20:23:00
3758,208,188,1,1298.66,2025-01-05T15:01:00
3759,22,43,3,4295.81,2025-05-21T03:53:00
3760,114,3,4,2548.67,2025-08-04T05:16:00
3761,21,263,4,3891.26,2025-02-22T00:00:00
3762,211,210,1,3363.22,2025-02-21T15:08:00
3763,275,73,1,2361.2,2025-03-28T06:32:00
3764,57,63,3,4351.56,2025-03-24T04:14:00
3765,74,283,2,909.0,2025-10-12T04:18:00
3766,7,275,3,2357.86,2025-03-21T16:12:00
3767,184,153,1,11.44,2025-02-17T01:46:00
3768,284,138,4,3028.67,2025-03-01T07:23:00
3769,53,60,2,1738.41,2025-01-16T10:12:00
3770,164,227,2,827.84,2025-09-29T18:08:00
3771,4,224,3,592.71,2025-07-04T15:35:00
3772,21,238,2,150.91,2025-10-04T00:54:00
3773,38,13,3,516.12,2025-05-28T22:21:00
3774,125,155,1,3068.26,2025-03-06T16:48:00
3775,49,135,3,2350.31,2025-07-29T14:18:00
3776,66,282,1,880.55,2025-09-19T21:35:00
3777,115,12,4,1113.96,2025-06-26T15:58:00
3778,287,13,2,2325.97,2025-10-27T03:42:00
3779,75,50,2,4120.42,2025-08-16T08:59:00
3780,123,207,1,1598.09,2025-06-19T17:20:00
3781,177,253,3,2963.82,2025-06-06T22:49:00
3782,11,279,3,936.93,2025-01-01T13:38:00
3783,221,291,1,3448.9,2025-07-03T04:33:00
3784,279,220,1,1889.42,2025-01-25T12:21:00
3785,216,236,2,1171.47,2025-05-20T11:28:00
3786,23,43,4,1595.15,2025-08-16T13:05:00
3787,115,215,1,1497.71,2025-10-10T01:08:00
3788,184,113,1,2562.58,2025-04-10T15:46:00
3789,205,83,4,1482.33,2025-06-04T14:49:00
3790,256,93,3,4014.52,2025-01-05T17:18:00
3791,95,124,2,4505.27,2025-03-31T06:19:00
3792,263,3,1,1373.16,2025-08-21T22:08:00
3793,158,57,3,1713.33,2025-07-23T19:06:00
3794,168,274,3,1580.05,2025-05-25T18:59:00
3795,15,197,2,4171.31,2025-10-16T12:00:00
3796,84,143,2,1847.77,2025-02-01T07:48:00
3797,110,114,2,3104.81,2025-06-23T21:38:00
3798,150,184,2,4654.93,2025-02-12T10:40:00
3799,276,72,4,1135.67,2025-05-24T00:58:00
3800,72,223,4,923.19,2025-02-16T14:10:00
3801,51,249,3,4756.64,2025-03-13T04:01:00
3802,155,45,4,2322.73,2025-04-01T03:22:00
3803,124,91,4,1915.34,2025-04-18T15:54:00
3804,3,203,2,4931.08,2025-07-01T01:13:00
3805,63,119,2,2503.06,2025-06-04T17:49:00
3806,184,4,2,760.36,2025-08-03T03:42:00
3807,300,25,1,2884.39,2025-05-05T06:23:00
3808,116,251,4,428.34,2025-02-01T00:03:00
3809,12,95,3,2154.28,2025-07-12T04:11:00
3810,175,193,3,3501.57,2025-02-02T16:47:00
3811,189,182,3,17.27,2025-08-19T18:39:00
3812,74,117,1,1431.85,2025-06-26T23:51:00
3813,112,70,2,418.8,2025-07-17T20:40:00
3814,240,239,1,1427.89,2025-07-12T09:28:00
3815,148,126,4,69.18,2025-03-02T19:18:00
3816,181,101,1,4600.38,2025-08-20T15:27:00
3817,216,220,3,296.77,2025-04-01T21:30:00
3818,215,35,2,137.38,2025-10-22T05:35:00
3819,45,165,4,2739.46,2025-07-28T21:04:00
3820,31,80,2,1233.3,2025-02-28T12:30:00
3821,281,227,1,1934.98,2025-09-02T20:27:00
3822,105,172,2,681.74,2025-04-12T21:31:00
3823,64,277,3,2930.94,2025-02-06T04:24:00
3824,265,146,3,2073.35,2025-09-12T02:05:00
3825,147,78,3,966.86,2025-01-21T00:47:00
3826,126,233,3,3865.68,2025-05-06T18:48:00
3827,276,290,2,4369.14,2025-02-07T06:09:00
3828,133,224,3,2999.19,2025-09-15T12:24:00
3829,107,65,4,3776.05,2025-10-02T22:16:00
3830,53,252,2,4008.23,2025-09-12T13:21:00
3831,292,37,3,4478.11,2025-09-26T04:02:00
3832,49,51,3,3338.16,2025-01-16T12:51:00
3833,181,84,4,1967.63,2025-04-05T13:28:00
3834,113,189,1,4028.38,2025-09-07T05:17:00
3835,162,177,2,4811.37,2025-05-08T15:53:00
3836,188,201,3,4652.11,2025-07-17T19:30:00
3837,211,134,4,2558.99,2025-08-07T05:10:00
3838,143,296,3,3542.25,2025-03-03T00:19:00
3839,209,71,3,34.04,2025-07-31T18:08:00
3840,291,215,3,1918.47,2025-06-20T03:09:00
3841,28,216,2,3754.72,2025-08-02T22:31:00
3842,92,119,3,3512.26,2025-08-14T18:49:00
3843,111,132,3,4333.03,2025-02-07T04:36:00
3844,57,155,4,4344.04,2025-07-10T00:11:00
3845,76,101,3,4465.43,2025-08-25T17:54:00
3846,4,147,3,4862.47,2025-10-18T14:54:00
3847,71,192,1,4320.77,2025-05-30T22:41:00
3848,27,235,1,1022.04,2025-09-29T04:05:00
3849,150,232,2,3871.99,2025-04-09T14:41:00
3850,80,29,3,1586.7,2025-07-22T15:25:00
3851,228,7,4,989.67,2025-04-23T21:08:00
3852,267,219,2,26.7,2025-02-04T04:56:00
3853,78,14,1,4457.25,2025-09-23T09:32:00
3854,138,65,4,4086.45,2025-10-06T06:13:00
3855,109,217,4,3380.1,2025-07-15T00:50:00
3856,261,86,4,2496.33,2025-02-13T22:13:00
3857,196,5,3,3202.37,2025-05-10T19:58:00
3858,147,223,2,125.01,2025-07-09T13:17:00
3859,291,27,1,4336.1,2025-03-16T08:39:00
3860,190,48,2,1874.13,2025-01-01T02:06:00
3861,170,150,4,553.07,2025-06-26T16:45:00
3862,31,277,1,1087.6,2025-09-26T23:32:00
3863,296,19,3,1280.13,2025-02-04T01:18:00
3864,32,140,2,324.05,2025-07-27T12:57:00
3865,261,175,1,3437.08,2025-06-19T06:33:00
3866,53,141,2,2389.17,2025-08-23T10:22:00
3867,259,26,2,215.1,2025-01-07T03:59:00
3868,207,265,3,1910.26,2025-08-18T03:31:00
3869,231,282,3,185.28,2025-01-20T04:56:00
3870,237,53,4,4487.8,2025-09-27T22:35:00
3871,105,248,1,2182.48,2025-02-24T11:33:00
3872,200,218,4,568.55,2025-10-19T18:30:00
3873,198,225,3,2897.82,2025-09-24T06:42:00
3874,102,82,4,333.04,2025-01-22T23:20:00
3875,15,171,2,1877.75,2025-05-11T11:41:00
3876,277,35,3,2112.8,2025-08-14T22:09:00
3877,280,190,2,1826.91,2025-05-03T07:37:00
3878,261,84,3,800.32,2025-07-24T21:09:00
3879,49,240,4,1679.08,2025-01-23T02:43:00
3880,170,277,3,4645.51,2025-08-08T17:31:00
3881,107,3,2,37.27,2025-09-21T10:13:00
3882,81,237,2,2397.55,2025-07-16T13:37:00
3883,287,114,3,1586.7,2025-07-09T23:45:00
3884,32,85,3,633.28,2025-09-23T11:19:00
3885,219,55,2,27.07,2025-10-06T14:52:00
3886,98,4,4,629.68,2025-01-05T20:29:00
3887,115,285,2,4750.9,2025-09-01T15:29:00
3888,60,62,3,705.34,2025-03-07T22:46:00
3889,247,259,4,996.11,2025-02-01T00:28:00
3890,43,75,1,245.01,2025-03-14T22:54:00
3891,143,73,2,1479.54,2025-05-29T15:13:00
3892,27,179,4,4244.59,2025-08-17T15:06:00
3893,219,62,4,546.14,2025-07-06T22:39:00
3894,223,180,4,2016.17,2025-08-22T13:18:00
3895,21,194,2,977.88,2025-05-17T00:01:00
3896,188,78,2,4681.16,2025-05-25T04:43:00
3897,195,187,2,3902.75,2025-04-13T22:11:00
3898,66,46,1,3802.39,2025-05-05T19:45:00
3899,7,235,1,1812.42,2025-05-26T15:42:00
3900,125,216,1,3812.5,2025-06-21T15:50:00
3901,59,43,3,190.52,2025-02-19T01:04:00
3902,204,78,4,49.52,2025-09-16T01:08:00
3903,206,179,2,3348.78,2025-08-28T10:38:00
3904,234,285,2,1107.18,2025-05-28T16:32:00
3905,106,184,4,4472.68,2025-04-06T03:18:00
3906,293,207,4,2852.82,2025-05-10T12:15:00
3907,259,212,4,4266.05,2025-05-03T04:01:00
3908,107,47,4,3464.9,2025-07-28T13:23:00
3909,75,266,2,1555.34,2025-10-03T10:16:00
3910,86,256,2,1454.04,2025-01-21T01:44:00
3911,73,11,4,3322.03,2025-02-14T09:42:00
3912,194,9,3,434.65,2025-01-13T17:49:00
3913,174,144,2,4120.39,2025-09-11T03:25:00
3914,104,30,2,4941.82,2025-06-13T13:54:00
3915,112,196,2,4060.06,2025-02-15T01:03:00
3916,20,27,2,334.5,2025-08-16T16:07:00
3917,2,159,1,871.58,2025-04-29T10:44:00
3918,143,34,3,2721.06,2025-04-03T19:43:00
3919,26,118,1,4617.69,2025-04-23T20:28:00
3920,214,218,1,1216.0,2025-08-02T12:10:00
3921,274,13,1,705.95,2025-03-12T21:40:00
3922,220,267,1,1747.21,2025-10-20T09:49:00
3923,235,132,4,4234.79,2025-06-27T22:14:00
3924,38,46,1,4897.49,2025-10-08T06:43:00
3925,126,5,4,2488.49,2025-04-14T19:28:00
3926,258,149,2,477.85,2025-10-27T03:47:00
3927,158,72,4,3033.99,2025-08-31T13:46:00
3928,183,15,1,2030.65,2025-09-06T13:30:00
3929,51,261,4,2396.19,2025-03-06T21:33:00
3930,278,111,4,4634.55,2025-08-10T17:33:00
3931,184,13,1,3644.91,2025-07-23T20:10:00
3932,236,206,2,2962.66,2025-04-05T13:27:00
3933,223,228,1,2851.53,2025-04-10T14:41:00
3934,204,44,4,4947.6,2025-06-16T05:11:00
3935,282,276,1,2321.68,2025-10-25T18:15:00
3936,163,290,1,682.22,2025-06-24T19:30:00
3937,246,239,2,2172.0,2025-09-11T12:18:00
3938,13,282,2,4561.11,2025-07-09T23:34:00
3939,13,163,1,4621.77,2025-05-29T03:49:00
3940,226,56,4,1651.66,2025-10-10T18:12:00
3941,293,36,2,2953.21,2025-06-30T12:22:00
3942,48,274,4,405.99,2025-02-28T09:33:00
3943,220,21,1,4365.82,2025-07-04T01:00:00
3944,95,135,3,2973.86,2025-04-03T16:28:00
3945,288,252,3,3199.06,2025-01-26T20:14:00
3946,9,73,2,95.0,2025-02-22T23:56:00
3947,77,175,1,323.72,2025-09-17T12:53:00
3948,19,253,3,858.72,2025-01-12T12:42:00
3949,177,77,2,814.44,2025-04-07T13:38:00
3950,108,61,1,1925.29,2025-01-22T00:50:00
3951,256,101,1,4702.4,2025-05-14T05:57:00
3952,198,217,2,1301.51,2025-10-21T14:23:00
3953,123,241,3,4970.74,2025-06-17T15:56:00
3954,48,142,3,1958.19,2025-07-08T13:43:00
3955,254,131,1,3603.2,2025-10-05T15:50:00
3956,107,186,3,1269.49,2025-07-10T07:16:00
3957,170,34,3,1907.18,2025-08-08T17:34:00
3958,215,182,2,3332.95,2025-05-18T16:12:00
3959,152,288,2,3308.45,2025-06-30T20:35:00
3960,220,82,4,4161.46,2025-04-21T13:25:00
3961,154,266,3,1205.49,2025-01-16T21:51:00
3962,236,243,3,2625.0,2025-01-03T16:57:00
3963,149,125,2,3866.83,2025-07-29T19:35:00
3964,112,129,3,1223.06,2025-08-09T19:44:00
3965,173,275,1,1783.38,2025-06-06T10:51:00
3966,31,185,1,2981.42,2025-09-30T08:25:00
3967,238,85,1,260.43,2025-04-11T08:11:00
3968,101,291,1,3486.23,2025-08-17T07:58:00
3969,251,73,3,1351.86,2025-06-26T21:40:00
3970,3,124,1,321.86,2025-03-12T10:35:00
3971,180,57,3,197.07,2025-03-09T22:44:00
3972,3,154,3,120.68,2025-04-05T17:06:00
3973,160,108,3,1138.74,2025-02-03T04:58:00
3974,238,136,2,4122.7,2025-09-09T19:54:00
3975,170,97,1,3988.45,2025-02-21T03:09:00
3976,123,181,1,1377.48,2025-03-27T12:22:00
3977,95,236,3,749.19,2025-08-11T21:24:00
3978,94,177,1,3461.04,2025-09-26T11:31:00
3979,115,271,2,2772.27,2025-06-29T11:18:00
3980,176,42,3,3161.44,2025-08-09T01:51:00
3981,42,300,2,1624.27,2025-02-10T15:42:00
3982,156,177,3,1566.76,2025-04-23T22:29:00
3983,17,214,2,2372.16,2025-10-06T03:26:00
3984,234,103,2,2214.1,2025-07-17T03:53:00
3985,72,45,3,4153.12,2025-07-11T13:46:00
3986,86,218,3,4415.44,2025-03-30T13:01:00
3987,264,132,1,2558.26,2025-08-15T12:10:00
3988,8,31,4,2857.24,2025-02-12T19:53:00
3989,221,124,1,3951.55,2025-05-01T19:38:00
3990,173,38,4,3724.93,2025-01-31T09:21:00
3991,17,169,2,4588.84,2025-03-06T21:45:00
3992,215,226,2,3385.11,2025-02-21T05:48:00
3993,111,144,2,4139.78,2025-09-29T17:33:00
3994,20,158,3,4251.79,2025-02-16T21:18:00
3995,78,30,2,1849.64,2025-05-05T12:19:00
3996,188,24,2,2767.12,2025-05-02T03:15:00
3997,131,68,4,1812.25,2025-07-09T14:24:00
3998,239,95,1,555.44,2025-06-19T09:37:00
3999,13,147,3,974.44,2025-02-13T16:54:00
4000,104,154,2,2182.21,2025-07-10T07:58:00
4001,44,20,2,3324.04,2025-10-27T15:30:00
4002,61,55,3,83.92,2025-03-17T21:37:00
4003,59,240,2,1952.19,2025-06-23T02:58:00
4004,232,110,2,2548.62,2025-08-07T04:43:00
4005,43,28,4,1146.8,2025-03-21T05:06:00
4006,282,127,4,2838.16,2025-02-08T10:28:00
4007,112,236,4,3891.18,2025-02-28T00:22:00
4008,71,290,4,2439.18,2025-08-15T20:18:00
4009,178,42,3,4317.63,2025-01-29T08:17:00
4010,163,27,1,4045.28,2025-04-01T00:08:00
4011,194,267,2,2804.5,2025-10-12T19:02:00
4012,110,159,3,4403.09,2025-03-29T19:20:00
4013,258,205,4,3807.36,2025-01-25T07:41:00
4014,25,140,1,3024.91,2025-04-16T08:26:00
4015,236,179,3,3129.04,2025-10-02T22:46:00
4016,75,123,4,2710.81,2025-02-19T01:04:00
4017,125,282,2,2234.8,2025-02-06T01:55:00
4018,161,52,2,1226.61,2025-07-12T01:06:00
4019,280,159,2,748.74,2025-02-20T07:34:00
4020,281,87,3,3981.49,2025-03-30T01:49:00
4021,282,101,1,4408.01,2025-07-18T16:07:00
4022,211,114,4,4206.28,2025-05-02T17:36:00
4023,45,246,2,3692.71,2025-01-07T14:47:00
4024,262,157,4,2144.91,2025-04-05T01:02:00
4025,12,182,2,408.56,2025-02-21T01:30:00
4026,5,234,1,2171.34,2025-05-18T17:23:00
4027,15,273,3,525.48,2025-04-21T14:00:00
4028,271,191,1,3824.92,2025-10-27T02:39:00
4029,136,156,3,1301.41,2025-07-06T13:38:00
4030,242,73,4,1723.87,2025-07-19T03:38:00
4031,96,233,4,2495.09,2025-05-01T14:28:00
4032,60,257,4,3751.67,2025-08-06T07:37:00
4033,182,206,1,676.69,2025-07-25T12:59:00
4034,226,279,2,4700.08,2025-07-10T11:31:00
4035,107,235,1,982.01,2025-09-26T15:47:00
4036,147,24,2,3648.55,2025-04-22T21:41:00
4037,148,195,1,1513.12,2025-07-20T12:11:00
4038,254,218,2,3638.97,2025-01-01T09:43:00
4039,57,37,4,2083.4,2025-02-19T21:19:00
4040,90,53,3,931.92,2025-09-19T07:07:00
4041,204,273,4,1040.01,2025-08-01T08:30:00
4042,14,129,4,1569.4,2025-10-03T18:24:00
4043,262,248,1,1086.17,2025-10-10T17:49:00
4044,119,2,1,1395.13,2025-04-23T15:43:00
4045,117,206,2,3452.03,2025-02-10T11:36:00
4046,93,75,1,3308.3,2025-03-27T15:59:00
4047,30,197,3,2993.56,2025-05-24T02:02:00
4048,136,26,4,3715.42,2025-03-16T18:06:00
4049,42,279,4,855.84,2025-09-20T05:17:00
4050,246,64,2,107.01,2025-10-02T03:28:00
4051,299,206,1,4240.67,2025-09-03T10:43:00
4052,230,270,3,4163.99,2025-09-02T09:37:00
4053,230,30,3,810.34,2025-03-11T03:31:00
4054,64,57,3,2733.69,2025-07-29T10:26:00
4055,183,265,1,2766.7,2025-10-01T21:06:00
4056,5,222,1,2465.12,2025-06-10T13:55:00
4057,125,49,4,1004.58,2025-02-18T05:38:00
4058,237,188,3,2245.91,2025-04-02T23:55:00
4059,213,53,4,2985.43,2025-07-30T06:31:00
4060,288,260,1,447.96,2025-04-19T16:54:00
4061,298,300,1,1962.86,2025-03-27T22:03:00
4062,59,107,1,2500.46,2025-08-07T15:22:00
4063,97,88,1,1948.14,2025-04-10T13:58:00
4064,62,124,1,2353.68,2025-09-27T10:17:00
4065,297,19,1,1555.81,2025-01-29T07:30:00
4066,84,183,3,1861.0,2025-06-20T16:14:00
4067,175,216,2,3402.01,2025-10-28T17:48:00
4068,64,79,4,4253.8,2025-04-22T19:40:00
4069,79,75,3,3887.09,2025-06-25T03:28:00
4070,140,36,2,1616.74,2025-02-04T20:47:00
4071,131,253,4,4490.66,2025-02-24T22:11:00
4072,97,208,1,611.96,2025-10-05T12:14:00
4073,293,134,3,1294.75,2025-04-17T23:49:00
4074,285,129,3,1172.6,2025-06-10T12:13:00
4075,27,125,1,4474.31,2025-08-29T19:25:00
4076,267,173,1,3254.81,2025-08-08T22:42:00
4077,157,186,4,682.38,2025-05-23T23:02:00
4078,288,91,1,2307.21,2025-04-07T10:41:00
4079,48,215,4,2543.57,2025-02-04T06:13:00
4080,241,99,4,2266.84,2025-09-02T22:08:00
4081,62,246,2,3534.53,2025-01-06T22:58:00
4082,93,157,2,3254.03,2025-03-29T23:54:00
4083,139,49,2,4054.74,2025-02-01T13:43:00
4084,126,95,2,2172.23,2025-06-07T00:06:00
4085,279,52,3,1454.5,2025-03-28T09:48:00
4086,284,139,2,3348.66,2025-01-16T05:44:00
4087,144,126,3,41.58,2025-06-07T14:26:00
4088,180,47,1,3343.2,2025-09-21T13:42:00
4089,34,173,4,4948.52,2025-01-05T19:51:00
4090,295,146,1,1548.1,2025-06-29T06:39:00
4091,277,34,2,2339.95,2025-06-13T09:53:00
4092,69,154,3,4950.64,2025-01-29T16:58:00
4093,92,198,1,3338.65,2025-02-06T00:41:00
4094,103,163,4,1601.03,2025-05-17T05:47:00
4095,296,90,1,3172.7,2025-03-31T07:30:00
4096,196,222,4,3001.74,2025-03-27T18:22:00
4097,120,119,4,470.89,2025-05-09T02:53:00
4098,34,278,2,3046.1,2025-01-09T19:50:00
4099,119,157,2,1405.81,2025-03-18T09:00:00
4100,194,218,2,2564.37,2025-04-07T08:26:00
4101,98,104,3,3374.36,2025-10-03T19:14:00
4102,122,132,2,2365.84,2025-02-22T23:33:00
4103,196,224,3,3659.62,2025-09-17T13:49:00
4104,186,148,2,1424.97,2025-10-15T05:24:00
4105,69,284,3,1720.91,2025-08-19T08:13:00
4106,175,12,3,819.63,2025-10-14T20:57:00
4107,268,192,3,4396.29,2025-09-03T20:55:00
4108,5,128,4,4034.31,2025-08-05T09:20:00
4109,108,166,1,4198.34,2025-08-29T12:21:00
4110,23,133,4,627.38,2025-10-09T16:12:00
4111,3,20,3,1373.47,2025-10-09T16:29:00
4112,109,141,3,3699.16,2025-07-25T21:24:00
4113,265,223,4,2252.62,2025-10-03T19:37:00
4114,133,234,1,2045.87,2025-02-24T14:44:00
4115,12,222,1,429.59,2025-05-14T19:28:00
4116,43,42,1,4817.05,2025-04-21T16:16:00
4117,230,53,3,1963.98,2025-07-03T13:27:00
4118,167,1,3,387.49,2025-09-16T13:01:00
4119,50,197,4,3312.62,2025-05-14T18:56:00
4120,93,105,3,3473.0,2025-07-08T19:56:00
4121,223,295,3,98.14,2025-05-23T10:48:00
4122,9,172,4,2045.6,2025-10-23T07:31:00
4123,176,160,1,682.89,2025-05-16T05:50:00
4124,288,223,1,2360.79,2025-10-02T18:10:00
4125,170,229,1,1506.81,2025-01-18T04:21:00
4126,29,124,3,4357.11,2025-09-09T13:47:00
4127,89,193,3,2573.24,2025-02-06T20:26:00
4128,128,265,3,2866.99,2025-07-28T17:55:00
4129,27,198,2,1618.77,2025-06-29T07:01:00
4130,44,12,1,4251.52,2025-03-14T14:35:00
4131,296,194,3,424.88,2025-04-17T00:48:00
4132,151,258,3,741.41,2025-09-08T14:22:00
4133,269,193,4,248.62,2025-04-21T12:20:00
4134,213,76,1,4727.05,2025-08-05T06:16:00
4135,156,145,2,3146.2,2025-05-13T12:32:00
4136,194,126,2,529.23,2025-02-06T21:09:00
4137,101,114,3,2201.52,2025-08-04T02:30:00
4138,25,230,2,4191.8,2025-08-17T09:17:00
4139,183,237,4,4431.28,2025-03-30T21:26:00
4140,70,199,2,4716.29,2025-08-16T17:20:00
4141,22,261,4,4069.52,2025-05-16T15:49:00
4142,192,140,3,3252.07,2025-05-27T16:45:00
4143,172,71,3,4242.97,2025-08-17T23:29:00
4144,130,15,2,2383.61,2025-08-27T13:35:00
4145,244,145,1,1329.37,2025-03-18T00:55:00
4146,246,216,4,1776.68,2025-06-07T19:28:00
4147,180,103,3,445.89,2025-06-12T15:49:00
4148,107,31,1,3944.89,2025-01-24T18:54:00
4149,143,18,4,1866.14,2025-07-02T23:32:00
4150,77,124,3,3613.15,2025-06-25T07:33:00
4151,171,217,3,1233.78,2025-04-03T06:55:00
4152,67,211,4,4919.35,2025-01-07T01:16:00
4153,239,15,1,355.35,2025-05-06T09:37:00
4154,186,216,1,397.93,2025-09-14T18:37:00
4155,205,161,1,438.38,2025-02-22T21:56:00
4156,163,258,2,3745.63,2025-08-18T08:25:00
4157,219,40,3,3652.18,2025-08-29T14:27:00
4158,48,262,4,2558.05,2025-01-01T08:46:00
4159,237,299,4,2002.48,2025-07-16T17:56:00
4160,76,9,3,3561.51,2025-07-08T12:21:00
4161,192,9,1,1384.75,2025-03-26T22:14:00
4162,119,2,2,2873.39,2025-04-06T15:27:00
4163,147,9,3,1394.81,2025-09-04T21:15:00
4164,274,217,2,4573.56,2025-02-04T08:03:00
4165,182,35,2,4378.97,2025-09-30T12:24:00
4166,17,158,4,1541.1,2025-05-05T06:35:00
4167,47,130,4,3667.5,2025-09-14T10:10:00
4168,134,234,3,4324.4,2025-03-07T00:12:00
4169,168,135,3,520.04,2025-03-27T23:14:00
4170,259,247,2,4192.32,2025-02-12T17:58:00
4171,209,212,3,4628.73,2025-09-12T15:19:00
4172,49,105,1,4847.03,2025-07-07T02:32:00
4173,97,5,2,1779.93,2025-07-11T06:17:00
4174,215,163,1,1749.56,2025-09-27T17:23:00
4175,86,61,4,2754.13,2025-06-17T10:56:00
4176,30,296,3,3530.88,2025-02-08T05:35:00
4177,193,170,3,4039.22,2025-02-26T12:29:00
4178,177,92,2,2692.49,2025-02-19T18:14:00
4179,160,273,1,2740.92,2025-01-22T23:03:00
4180,101,273,1,4096.53,2025-07-17T06:16:00
4181,66,89,3,4574.07,2025-02-22T22:38:00
4182,190,295,4,3724.09,2025-05-04T01:53:00
4183,53,89,1,2577.48,2025-03-21T15:57:00
4184,99,152,1,4950.78,2025-06-01T23:25:00
4185,46,101,2,423.82,2025-07-02T11:12:00
4186,28,33,3,1121.17,2025-04-08T01:51:00
4187,158,152,1,2251.65,2025-09-30T02:42:00
4188,52,25,4,1806.01,2025-10-09T09:42:00
4189,161,164,4,2036.85,2025-08-10T07:47:00
4190,157,167,3,602.8,2025-10-13T23:11:00
4191,51,73,4,4694.1,2025-05-17T10:09:00
4192,29,214,3,3423.76,2025-02-22T00:26:00
4193,54,196,4,3451.66,2025-02-17T00:03:00
4194,270,68,2,3322.45,2025-03-10T23:07:00
4195,208,275,2,2089.93,2025-09-15T04:09:00
4196,43,256,3,4639.71,2025-07-25T05:41:00
4197,196,292,4,4773.24,2025-01-16T16:12:00
4198,139,255,1,3730.05,2025-01-06T11:36:00
4199,118,72,3,2463.92,2025-03-09T17:40:00
4200,234,26,2,793.71,2025-01-16T01:41:00
4201,238,137,3,3080.34,2025-03-07T08:51:00
4202,98,285,4,4696.68,2025-03-16T19:22:00
4203,46,152,3,935.4,2025-01-23T10:43:00
4204,263,12,2,4568.07,2025-09-22T12:01:00
4205,195,23,3,2764.33,2025-03-30T05:16:00
4206,7,215,3,4236.76,2025-09-02T08:28:00
4207,205,175,1,3591.5,2025-01-12T08:55:00
4208,43,258,3,2181.08,2025-05-13T06:02:00
4209,49,200,3,3136.89,2025-07-01T13:51:00
4210,69,113,4,2656.56,2025-09-19T14:46:00
4211,196,178,4,3487.8,2025-05-02T02:13:00
4212,200,27,4,3237.54,2025-03-12T18:01:00
4213,46,51,2,2782.28,2025-01-05T08:30:00
4214,142,229,1,3769.56,2025-01-08T06:32:00
4215,9,107,3,610.66,2025-05-12T16:37:00
4216,166,126,2,4753.94,2025-10-19T09:19:00
4217,38,63,3,2300.71,2025-10-16T23:03:00
4218,186,120,3,2205.3,2025-10-15T07:37:00
4219,184,48,4,2373.79,2025-01-29T18:21:00
4220,114,65,4,2469.65,2025-10-12T08:55:00
4221,262,265,4,4074.39,2025-09-28T23:49:00
4222,212,170,4,3445.39,2025-03-18T18:57:00
4223,86,189,2,4363.82,2025-03-23T16:57:00
4224,85,275,1,3801.88,2025-02-26T16:13:00
4225,79,126,3,1052.29,2025-08-12T16:32:00
4226,176,219,3,3409.13,2025-08-05T15:58:00
4227,210,254,1,3056.01,2025-07-24T08:20:00
4228,283,113,4,4867.96,2025-05-24T18:20:00
4229,295,244,3,737.06,2025-04-29T11:40:00
4230,103,42,4,1615.27,2025-06-26T21:50:00
4231,169,82,4,1376.32,2025-08-23T08:05:00
4232,33,150,4,3421.1,2025-03-22T13:28:00
4233,166,62,1,3950.6,2025-09-10T13:16:00
4234,172,115,3,3067.58,2025-07-02T10:04:00
4235,184,224,3,4434.17,2025-07-26T14:33:00
4236,219,122,1,4568.01,2025-01-26T18:13:00
4237,180,259,2,309.82,2025-02-26T12:50:00
4238,99,20,1,3794.21,2025-06-17T18:30:00
4239,80,89,3,727.19,2025-09-26T08:48:00
4240,278,111,3,3862.61,2025-03-27T15:24:00
4241,211,284,1,2840.79,2025-09-24T08:27:00
4242,26,43,1,1376.6,2025-04-15T06:58:00
4243,154,284,1,364.59,2025-06-20T07:28:00
4244,124,192,4,2004.22,2025-09-06T03:59:00
4245,178,168,3,1366.47,2025-01-09T11:15:00
4246,300,79,4,209.31,2025-08-12T15:54:00
4247,137,207,2,2481.38,2025-01-25T20:21:00
4248,106,203,3,3122.13,2025-02-02T03:38:00
4249,79,272,3,2046.8,2025-03-20T16:23:00
4250,22,88,1,4398.0,2025-07-02T10:46:00
4251,112,286,2,4305.17,2025-09-12T14:21:00
4252,164,282,2,451.26,2025-03-23T12:11:00
4253,214,134,2,4712.25,2025-07-09T12:30:00
4254,263,137,3,3743.2,2025-01-02T14:35:00
4255,12,247,3,415.52,2025-10-16T22:36:00
4256,52,259,1,2283.14,2025-07-11T11:04:00
4257,79,294,3,1498.18,2025-06-07T19:49:00
4258,85,174,2,3362.56,2025-08-08T08:39:00
4259,278,92,2,2589.16,2025-06-22T21:36:00
4260,244,140,4,2227.48,2025-06-29T12:49:00
4261,164,299,1,2409.64,2025-07-05T10:19:00
4262,135,108,3,1117.16,2025-08-10T17:30:00
4263,253,53,3,4299.82,2025-10-16T05:09:00
4264,2,299,3,3839.57,2025-01-28T15:25:00
4265,124,153,1,1732.14,2025-07-04T18:29:00
4266,239,64,1,3321.63,2025-02-26T03:21:00
4267,130,237,4,4294.75,2025-05-28T19:16:00
4268,124,37,3,3472.7,2025-09-05T04:11:00
4269,181,188,4,4809.81,2025-06-22T12:16:00
4270,54,115,3,1355.47,2025-09-07T09:06:00
4271,202,274,3,4378.3,2025-07-11T14:13:00
4272,161,78,2,4304.21,2025-10-02T11:23:00
4273,179,283,1,4170.78,2025-10-26T11:31:00
4274,155,250,3,4640.19,2025-02-20T20:26:00
4275,207,23,2,3938.14,2025-09-29T08:40:00
4276,61,100,4,842.38,2025-04-20T23:47:00
4277,155,228,1,1506.41,2025-08-27T03:16:00
4278,206,228,1,1276.15,2025-09-10T21:37:00
4279,251,126,3,626.81,2025-06-28T22:20:00
4280,293,175,1,2593.42,2025-04-21T15:18:00
4281,191,207,1,617.69,2025-01-14T06:38:00
4282,199,52,1,393.78,2025-06-28T19:43:00
4283,16,21,1,2194.46,2025-01-19T12:29:00
4284,294,139,1,2446.96,2025-08-10T22:38:00
4285,92,271,3,1572.51,2025-02-20T12:57:00
4286,80,57,3,2893.61,2025-05-02T21:35:00
4287,300,218,4,2012.01,2025-05-08T11:12:00
4288,220,250,2,1843.23,2025-07-02T22:33:00
4289,209,24,4,293.68,2025-03-07T04:34:00
4290,276,110,3,3896.56,2025-04-20T07:51:00
4291,177,55,2,3062.4,2025-02-08T08:12:00
4292,25,240,3,829.02,2025-06-08T19:14:00
4293,222,208,2,1571.67,2025-10-18T13:28:00
4294,33,138,1,984.11,2025-01-06T21:03:00
4295,234,117,3,3872.03,2025-08-12T11:35:00
4296,79,200,1,2570.76,2025-06-25T05:42:00
4297,213,122,4,4049.84,2025-05-16T22:49:00
4298,35,73,4,2148.68,2025-10-26T03:05:00
4299,65,66,2,3984.84,2025-03-27T02:16:00
4300,86,166,2,4026.49,2025-02-12T03:37:00
4301,251,280,2,4215.29,2025-06-06T12:48:00
4302,164,232,3,3147.74,2025-05-20T12:58:00
4303,191,110,2,1877.05,2025-06-12T08:18:00
4304,40,57,1,3987.48,2025-09-30T21:54:00
4305,176,44,2,1913.32,2025-08-19T06:32:00
4306,10,174,2,294.4,2025-10-10T20:41:00
4307,277,52,2,2225.57,2025-08-08T16:19:00
4308,52,275,3,4310.47,2025-02-11T08:24:00
4309,69,85,1,4730.86,2025-05-14T21:33:00
4310,125,102,2,1621.6,2025-01-31T03:07:00
4311,95,227,2,2710.8,2025-07-19T00:12:00
4312,1,261,4,4392.86,2025-07-22T09:29:00
4313,248,24,1,4956.97,2025-09-05T13:06:00
4314,279,122,4,1889.2,2025-07-11T00:30:00
4315,216,248,1,3184.36,2025-04-05T03:31:00
4316,76,22,3,2730.27,2025-09-22T12:35:00
4317,26,154,1,2507.51,2025-10-22T07:02:00
4318,116,83,4,4225.53,2025-06-18T12:16:00
4319,220,240,3,550.4,2025-02-12T12:02:00
4320,166,119,1,1937.58,2025-05-09T18:02:00
4321,290,250,1,1151.19,2025-03-08T10:52:00
4322,59,231,1,621.3,2025-02-05T23:55:00
4323,192,287,1,943.2,2025-10-06T04:37:00
4324,201,238,1,2314.55,2025-03-31T03:21:00
4325,127,35,2,3189.89,2025-07-23T23:08:00
4326,175,88,4,3980.47,2025-03-13T05:07:00
4327,217,293,1,2754.26,2025-09-19T14:23:00
4328,142,264,1,712.11,2025-04-29T06:49:00
4329,189,280,2,3781.25,2025-06-02T06:43:00
4330,43,3,4,1813.63,2025-05-03T10:54:00
4331,44,246,3,1693.67,2025-05-10T12:36:00
4332,112,177,1,134.86,2025-03-25T23:05:00
4333,156,25,1,756.96,2025-10-06T07:12:00
4334,45,293,3,1841.38,2025-10-26T22:30:00
4335,290,297,1,4659.0,2025-06-23T19:29:00
4336,52,253,4,411.82,2025-09-06T22:01:00
4337,99,17,3,2056.97,2025-08-20T01:57:00
4338,294,156,1,652.2,2025-07-15T00:21:00
4339,48,201,3,2706.65,2025-04-29T20:40:00
4340,285,165,2,1199.14,2025-07-17T17:16:00
4341,60,286,4,3821.0,2025-07-26T14:29:00
4342,224,32,1,1941.93,2025-04-25T09:20:00
4343,233,120,1,3197.07,2025-08-30T07:02:00
4344,117,116,2,1324.66,2025-08-04T23:53:00
4345,232,171,4,4481.2,2025-05-16T10:07:00
4346,1,155,3,4485.04,2025-01-23T18:19:00
4347,225,112,1,2709.3,2025-06-26T12:01:00
4348,175,149,2,2420.83,2025-08-21T19:49:00
4349,299,185,3,4014.72,2025-07-31T03:06:00
4350,56,27,4,4767.05,2025-10-22T15:25:00
4351,158,231,3,1453.2,2025-06-29T13:21:00
4352,237,77,4,762.74,2025-07-18T21:36:00
4353,108,152,3,1345.47,2025-01-13T06:37:00
4354,6,260,3,4783.41,2025-07-14T16:54:00
4355,179,214,1,4215.04,2025-07-14T23:37:00
4356,94,209,1,1096.33,2025-03-09T13:50:00
4357,281,244,1,3125.85,2025-08-15T14:56:00
4358,234,225,3,2344.59,2025-04-16T18:36:00
4359,209,74,4,1117.99,2025-08-28T18:11:00
4360,228,36,1,280.59,2025-08-13T07:22:00
4361,64,67,4,866.09,2025-01-17T13:34:00
4362,86,148,2,824.0,2025-04-09T21:49:00
4363,124,27,2,1082.3,2025-04-28T08:17:00
4364,195,12,4,4072.9,2025-01-15T12:36:00
4365,133,117,1,1997.14,2025-06-26T20:08:00
4366,98,175,4,2690.74,2025-07-20T10:49:00
4367,72,157,1,687.02,2025-06-25T07:30:00
4368,25,17,4,4308.12,2025-05-16T08:33:00
4369,285,173,3,2660.88,2025-06-24T07:06:00
4370,60,297,1,1283.35,2025-07-05T11:19:00
4371,74,272,1,1623.3,2025-08-16T13:48:00
4372,155,68,3,1668.44,2025-01-16T15:35:00
4373,218,282,4,2724.06,2025-01-15T21:11:00
4374,22,118,2,848.08,2025-05-08T02:58:00
4375,247,18,1,3109.05,2025-06-16T17:25:00
4376,213,107,2,2702.03,2025-08-30T18:33:00
4377,248,82,4,1018.9,2025-02-09T08:51:00
4378,81,159,3,3987.03,2025-03-30T18:52:00
4379,58,243,4,1552.0,2025-02-28T13:00:00
4380,121,100,2,2711.8,2025-09-17T00:30:00
4381,3,10,3,397.51,2025-01-22T05:33:00
4382,250,160,3,3425.45,2025-03-18T00:09:00
4383,82,2,1,3617.18,2025-09-08T11:19:00
4384,188,140,1,1994.75,2025-09-29T15:39:00
4385,71,35,1,4342.88,2025-05-18T12:26:00
4386,68,239,3,3252.92,2025-01-10T03:22:00
4387,88,208,4,1268.05,2025-03-29T01:14:00
4388,204,29,4,2675.1,2025-06-24T09:47:00
4389,278,97,2,71.92,2025-07-10T16:31:00
4390,73,122,2,1992.49,2025-01-06T13:03:00
4391,46,133,3,2229.94,2025-03-20T07:08:00
4392,206,249,1,1343.12,2025-09-30T10:32:00
4393,52,236,1,482.79,2025-01-23T23:06:00
4394,290,222,4,3048.48,2025-09-05T21:08:00
4395,15,67,3,372.7,2025-03-08T01:07:00
4396,288,80,3,636.01,2025-04-27T22:09:00
4397,290,231,1,4157.55,2025-10-22T20:54:00
4398,102,245,3,2530.08,2025-02-22T10:34:00
4399,191,166,1,391.24,2025-04-19T19:41:00
4400,228,43,3,3009.7,2025-01-10T14:21:00
4401,236,155,1,4974.62,2025-06-08T05:19:00
4402,288,240,2,2916.21,2025-03-23T12:08:00
4403,178,41,2,3467.04,2025-04-02T09:41:00
4404,295,241,4,1181.99,2025-08-11T22:50:00
4405,237,246,2,4409.93,2025-05-13T09:12:00
4406,157,102,3,4300.34,2025-08-25T16:31:00
4407,85,193,3,2385.38,2025-06-22T12:48:00
4408,158,115,1,4175.41,2025-10-20T01:48:00
4409,116,139,1,3205.33,2025-03-06T09:30:00
4410,298,215,1,3134.29,2025-01-26T18:18:00
4411,5,34,4,3496.51,2025-09-05T07:30:00
4412,213,66,3,4395.51,2025-07-27T12:44:00
4413,71,65,3,1312.19,2025-03-20T01:14:00
4414,212,119,1,2979.19,2025-02-13T22:17:00
4415,31,52,3,745.8,2025-05-04T03:45:00
4416,59,236,2,4098.86,2025-07-22T09:58:00
4417,34,133,4,4800.21,2025-06-18T13:36:00
4418,7,6,1,2610.91,2025-03-06T19:51:00
4419,115,112,3,3056.04,2025-05-20T14:51:00
4420,157,84,2,2878.17,2025-05-05T20:48:00
4421,166,214,4,4558.41,2025-09-04T15:51:00
4422,43,181,2,4315.91,2025-01-11T05:10:00
4423,221,84,3,2327.54,2025-05-01T12:20:00
4424,6,22,2,720.53,2025-10-16T00:36:00
4425,20,29,4,1506.57,2025-08-21T13:04:00
4426,160,155,2,2260.79,2025-09-08T07:53:00
4427,167,163,3,3295.0,2025-01-27T22:58:00
4428,146,91,2,629.08,2025-09-10T19:09:00
4429,32,222,4,4752.07,2025-05-18T18:14:00
4430,101,157,2,3421.13,2025-07-24T18:01:00
4431,142,164,2,3698.01,2025-04-04T22:22:00
4432,90,263,4,2791.89,2025-04-24T10:29:00
4433,102,128,1,4460.22,2025-05-07T00:59:00
4434,247,120,3,1705.23,2025-04-17T01:11:00
4435,118,217,3,511.85,2025-04-02T04:18:00
4436,244,130,1,3169.54,2025-10-03T11:12:00
4437,235,81,1,1212.43,2025-06-27T01:20:00
4438,38,205,1,631.94,2025-03-09T10:06:00
4439,15,250,1,1831.36,2025-07-02T10:34:00
4440,256,28,3,3172.08,2025-01-27T08:09:00
4441,78,154,3,1969.38,2025-02-06T02:37:00
4442,81,191,3,4279.98,2025-03-09T10:14:00
4443,262,19,4,3854.62,2025-02-08T18:05:00
4444,128,177,1,1749.74,2025-04-25T23:44:00
4445,159,131,1,3084.27,2025-08-29T03:21:00
4446,255,161,3,2483.41,2025-03-04T12:27:00
4447,119,89,2,4903.4,2025-07-29T07:01:00
4448,221,62,4,674.97,2025-02-08T21:42:00
4449,275,187,4,1191.05,2025-03-09T00:55:00
4450,1,235,4,4698.04,2025-06-10T01:18:00
4451,79,29,3,3037.53,2025-07-17T16:51:00
4452,184,216,4,2305.59,2025-02-09T09:12:00
4453,111,217,1,4564.96,2025-09-16T01:47:00
4454,20,56,1,397.84,2025-05-26T13:46:00
4455,50,26,2,3001.48,2025-09-06T16:33:00
4456,257,286,1,2692.05,2025-04-17T01:17:00
4457,201,59,4,4691.66,2025-10-12T16:07:00
4458,209,261,4,3540.07,2025-06-30T02:33:00
4459,181,216,1,4965.09,2025-01-19T21:37:00
4460,196,172,4,3794.93,2025-10-02T05:24:00
4461,246,91,1,65.1,2025-03-21T22:31:00
4462,81,1,1,3367.78,2025-05-29T14:09:00
4463,99,235,2,1761.77,2025-05-25T00:29:00
4464,265,115,1,4797.34,2025-04-24T01:49:00
4465,205,228,3,520.68,2025-05-11T11:18:00
4466,281,105,4,2309.95,2025-02-10T08:24:00
4467,247,135,1,4719.38,2025-07-14T16:32:00
4468,214,231,3,346.55,2025-10-15T10:48:00
4469,252,52,1,2127.81,2025-07-01T13:02:00
4470,180,188,4,1040.1,2025-06-05T07:59:00
4471,46,258,1,4580.94,2025-08-13T06:37:00
4472,76,9,1,677.84,2025-09-28T11:27:00
4473,170,110,2,3853.8,2025-09-02T15:50:00
4474,124,10,2,501.61,2025-09-11T22:35:00
4475,247,56,2,4199.05,2025-02-25T11:18:00
4476,281,247,2,68.01,2025-02-22T04:16:00
4477,30,71,3,4776.75,2025-05-29T10:20:00
4478,13,30,3,1482.46,2025-01-17T16:47:00
4479,19,289,2,2842.3,2025-09-11T12:40:00
4480,235,122,4,679.85,2025-07-13T03:25:00
4481,110,7,2,3992.68,2025-05-25T07:33:00
4482,113,31,1,154.39,2025-02-10T09:14:00
4483,161,81,3,3094.21,2025-04-26T00:31:00
4484,143,55,4,4957.99,2025-10-17T20:26:00
4485,161,139,4,3774.2,2025-03-20T16:39:00
4486,255,100,3,503.38,2025-07-13T05:09:00
4487,173,80,4,3891.06,2025-07-26T01:00:00
4488,85,66,2,191.59,2025-04-25T09:02:00
4489,191,196,4,2260.78,2025-02-22T05:23:00
4490,41,189,1,4131.2,2025-02-22T16:54:00
4491,85,260,1,1687.39,2025-07-31T12:27:00
4492,23,278,1,4249.75,2025-04-22T18:08:00
4493,250,270,3,3857.76,2025-09-06T20:39:00
4494,18,299,4,3999.29,2025-08-02T02:20:00
4495,72,243,4,3059.44,2025-10-10T09:19:00
4496,156,80,1,728.01,2025-05-13T22:35:00
4497,77,129,4,961.01,2025-02-06T07:55:00
4498,237,121,4,388.66,2025-07-07T01:14:00
4499,38,57,1,3478.77,2025-07-14T21:24:00
4500,63,135,1,3023.39,2025-05-08T21:36:00
4501,210,4,4,430.92,2025-05-16T14:59:00
4502,48,257,1,4154.94,2025-10-25T19:08:00
4503,162,194,2,4442.51,2025-09-06T13:35:00
4504,283,109,3,321.64,2025-01-24T07:16:00
4505,41,144,1,994.03,2025-02-05T16:06:00
4506,57,288,1,1563.69,2025-06-25T02:44:00
4507,119,81,3,3182.72,2025-08-16T18:42:00
4508,2,159,3,2254.93,2025-09-15T11:26:00
4509,1,294,3,3962.96,2025-07-17T14:06:00
4510,152,258,4,2635.2,2025-02-05T00:12:00
4511,54,135,3,3815.82,2025-07-19T08:20:00
4512,243,65,2,2291.33,2025-08-30T19:17:00
4513,28,233,3,141.47,2025-04-20T14:16:00
4514,133,298,4,23.53,2025-04-28T07:38:00
4515,55,118,4,3740.23,2025-05-28T02:11:00
4516,208,154,1,26.51,2025-07-17T00:14:00
4517,86,219,4,1756.21,2025-02-03T22:41:00
4518,285,24,3,2447.11,2025-07-23T07:05:00
4519,19,42,1,4982.27,2025-07-27T20:21:00
4520,152,209,1,832.89,2025-04-26T12:02:00
4521,199,148,1,311.86,2025-08-14T09:33:00
4522,205,238,3,4384.69,2025-07-13T20:40:00
4523,299,266,3,2546.28,2025-09-22T02:29:00
4524,7,127,4,4041.58,2025-01-13T01:58:00
4525,234,240,1,3768.7,2025-08-16T15:48:00
4526,114,247,3,2872.74,2025-06-08T19:12:00
4527,104,19,4,2641.39,2025-02-26T02:28:00
4528,55,294,4,4161.58,2025-01-19T08:39:00
4529,13,88,1,1343.91,2025-05-31T02:51:00
4530,183,172,4,2241.46,2025-04-27T07:14:00
4531,266,156,4,4924.71,2025-06-25T11:10:00
4532,118,291,1,2402.82,2025-01-14T06:46:00
4533,120,185,2,4534.82,2025-01-29T09:39:00
4534,300,299,2,1926.71,2025-07-26T11:13:00
4535,198,58,4,3239.73,2025-08-22T07:06:00
4536,233,111,3,3817.93,2025-03-21T08:32:00
4537,254,78,2,3964.94,2025-10-14T11:54:00
4538,270,193,3,4848.9,2025-05-05T19:09:00
4539,246,199,4,3320.59,2025-05-14T22:05:00
4540,124,141,2,3956.2,2025-09-04T19:24:00
4541,226,18,4,34.29,2025-07-06T17:41:00
4542,52,245,2,4124.66,2025-08-25T19:08:00
4543,61,63,4,685.56,2025-01-13T12:44:00
4544,286,97,3,3751.83,2025-07-21T09:25:00
4545,107,274,4,82.8,2025-06-01T21:40:00
4546,168,185,4,29.49,2025-04-29T19:45:00
4547,122,129,2,2379.8,2025-02-20T23:34:00
4548,203,204,2,1813.77,2025-03-06T19:53:00
4549,29,169,1,3107.58,2025-03-30T12:03:00
4550,4,25,1,3919.94,2025-02-26T21:49:00
4551,29,43,3,2123.54,2025-08-01T02:54:00
4552,300,236,2,2811.43,2025-05-10T23:39:00
4553,264,42,2,4738.06,2025-04-29T00:03:00
4554,285,263,2,3277.47,2025-04-09T16:54:00
4555,156,193,1,3821.99,2025-10-15T12:30:00
4556,66,101,2,372.51,2025-05-16T21:16:00
4557,271,64,4,3382.96,2025-08-27T20:15:00
4558,212,186,3,3624.57,2025-02-05T19:08:00
4559,65,37,2,4394.54,2025-01-11T13:13:00
4560,42,270,4,4110.63,2025-03-04T15:24:00
4561,33,115,1,781.93,2025-07-31T08:48:00
4562,60,224,2,2120.69,2025-04-07T10:58:00
4563,34,212,4,2175.55,2025-01-08T07:09:00
4564,116,296,1,3566.52,2025-04-27T21:11:00
4565,176,72,2,4428.13,2025-07-25T14:58:00
4566,53,90,4,4440.88,2025-05-04T14:37:00
4567,134,291,3,4229.07,2025-03-26T05:20:00
4568,95,213,3,1294.4,2025-09-24T08:48:00
4569,128,220,4,2538.94,2025-03-01T02:19:00
4570,114,24,4,1291.23,2025-09-24T00:20:00
4571,288,256,4,430.44,2025-06-20T10:44:00
4572,179,29,4,3494.51,2025-03-27T15:33:00
4573,246,27,2,4611.86,2025-10-23T03:44:00
4574,78,9,3,4772.88,2025-05-01T14:10:00
4575,60,212,2,4432.19,2025-07-23T12:46:00
4576,12,111,2,955.36,2025-09-18T09:04:00
4577,275,4,2,3114.33,2025-06-26T21:39:00
4578,291,251,4,3848.96,2025-08-22T18:12:00
4579,184,251,3,3819.39,2025-02-04T18:41:00
4580,75,131,4,1350.81,2025-02-13T02:04:00
4581,246,111,4,4816.06,2025-08-22T00:13:00
4582,271,218,2,4806.7,2025-07-21T20:29:00
4583,221,54,1,805.76,2025-10-12T09:46:00
4584,83,106,2,157.99,2025-01-08T17:02:00
4585,186,204,2,165.21,2025-09-18T22:09:00
4586,296,86,3,4971.16,2025-10-14T04:32:00
4587,239,115,2,3997.86,2025-01-21T15:43:00
4588,268,269,2,420.71,2025-08-14T07:45:00
4589,219,181,3,2726.12,2025-03-18T05:00:00
4590,242,69,1,324.95,2025-08-18T00:35:00
4591,152,71,4,1270.65,2025-02-05T13:43:00
4592,83,251,4,3811.35,2025-04-18T20:25:00
4593,168,34,2,3125.4,2025-06-17T11:21:00
4594,47,10,1,4785.19,2025-02-11T01:32:00
4595,59,156,3,3551.48,2025-03-07T13:56:00
4596,89,107,1,69.26,2025-08-03T00:28:00
4597,69,67,2,1614.58,2025-03-20T23:41:00
4598,271,119,1,3528.42,2025-04-08T21:17:00
4599,73,141,2,4978.84,2025-06-19T06:36:00
4600,59,223,2,4247.86,2025-10-14T00:55:00
4601,58,213,4,1109.46,2025-08-05T13:39:00
4602,198,286,4,3635.78,2025-06-06T00:15:00
4603,106,1,3,1872.21,2025-05-10T02:01:00
4604,200,51,4,1957.86,2025-10-25T14:00:00
4605,16,280,3,1454.3,2025-06-19T17:01:00
4606,52,169,1,2451.56,2025-06-03T04:37:00
4607,212,88,1,2933.81,2025-06-01T03:07:00
4608,184,4,3,4091.49,2025-07-28T19:36:00
4609,213,51,2,615.23,2025-03-25T22:21:00
4610,191,82,2,3483.09,2025-03-10T21:50:00
4611,283,25,3,2518.56,2025-10-08T06:29:00
4612,228,156,2,1752.46,2025-05-19T23:03:00
4613,157,255,4,875.91,2025-06-24T23:55:00
4614,102,187,1,3859.08,2025-02-14T03:58:00
4615,169,82,3,1600.11,2025-08-11T05:29:00
4616,229,279,2,2012.32,2025-04-24T02:28:00
4617,142,273,1,4847.0,2025-01-11T08:58:00
4618,184,274,1,3534.96,2025-08-30T03:53:00
4619,279,222,1,3997.37,2025-06-08T04:11:00
4620,113,189,3,4798.32,2025-06-01T21:46:00
4621,187,93,1,1633.29,2025-06-30T18:26:00
4622,227,165,4,2482.15,2025-02-15T03:43:00
4623,97,230,2,96.52,2025-06-06T10:29:00
4624,211,74,4,4370.88,2025-06-16T21:06:00
4625,45,200,1,2749.71,2025-07-02T16:36:00
4626,238,20,1,4391.58,2025-03-27T05:07:00
4627,106,104,4,3548.05,2025-07-12T01:00:00
4628,264,101,3,2295.24,2025-02-06T04:42:00
4629,260,296,2,40.13,2025-09-11T08:24:00
4630,55,60,2,3653.96,2025-10-20T19:48:00
4631,246,296,2,2335.38,2025-06-18T22:25:00
4632,25,113,2,2606.75,2025-09-06T23:34:00
4633,266,181,2,2569.25,2025-10-15T19:32:00
4634,204,263,1,2732.76,2025-05-13T07:36:00
4635,240,203,2,260.49,2025-10-19T00:41:00
4636,3,241,2,2484.73,2025-05-26T19:37:00
4637,153,142,3,2315.46,2025-05-10T09:17:00
4638,57,23,4,2017.95,2025-03-29T23:27:00
4639,70,198,3,1427.62,2025-04-29T09:49:00
4640,232,182,1,3448.4,2025-01-16T23:16:00
4641,128,175,2,4604.9,2025-09-22T10:40:00
4642,291,28,4,4062.81,2025-10-21T13:23:00
4643,260,161,4,2539.38,2025-04-25T21:31:00
4644,169,214,1,1895.19,2025-09-27T09:52:00
4645,112,157,1,2446.58,2025-04-18T01:28:00
4646,51,239,4,4786.72,2025-02-18T21:40:00
4647,99,162,1,3211.38,2025-01-02T15:32:00
4648,274,112,4,2921.42,2025-03-18T06:12:00
4649,257,165,3,73.2,2025-04-07T13:37:00
4650,175,67,3,3412.18,2025-01-23T23:11:00
4651,115,45,2,4648.83,2025-07-21T10:12:00
4652,82,235,2,1571.24,2025-06-19T03:18:00
4653,231,80,3,2973.21,2025-01-28T06:08:00
4654,66,126,3,2412.95,2025-02-08T09:27:00
4655,169,18,2,3553.25,2025-06-10T11:22:00
4656,232,22,2,188.56,2025-07-30T03:30:00
4657,129,38,2,2093.39,2025-06-08T08:59:00
4658,185,289,3,3997.61,2025-07-20T03:49:00
4659,82,56,2,4636.22,2025-02-17T20:09:00
4660,245,8,4,1628.01,2025-08-13T23:25:00
4661,53,79,2,4347.17,2025-10-05T20:15:00
4662,14,187,4,1483.72,2025-08-03T17:44:00
4663,181,128,1,4684.37,2025-07-09T11:20:00
4664,175,298,3,260.02,2025-07-28T06:45:00
4665,171,220,1,2501.11,2025-09-07T17:38:00
4666,160,111,2,3232.6,2025-09-07T13:54:00
4667,99,296,1,1317.95,2025-07-30T01:01:00
4668,267,92,2,2004.54,2025-07-13T23:42:00
4669,73,218,1,922.79,2025-04-05T04:03:00
4670,289,228,3,4744.74,2025-01-12T12:06:00
4671,235,20,4,3218.36,2025-08-25T00:58:00
4672,35,175,1,867.35,2025-01-29T06:37:00
4673,107,130,3,3059.95,2025-08-23T13:38:00
4674,244,84,1,1915.05,2025-02-07T17:41:00
4675,100,122,2,2942.89,2025-02-07T23:38:00
4676,81,296,4,3917.07,2025-03-17T03:00:00
4677,173,115,1,2404.52,2025-03-23T05:58:00
4678,214,22,1,4489.09,2025-03-06T04:32:00
4679,120,238,4,3744.25,2025-04-04T14:49:00
4680,28,162,3,3104.11,2025-06-15T15:47:00
4681,278,275,4,3947.48,2025-10-08T04:03:00
4682,205,100,2,798.1,2025-09-23T22:47:00
4683,14,41,2,2109.84,2025-10-23T17:03:00
4684,150,133,4,3519.92,2025-07-07T16:37:00
4685,166,71,3,2457.89,2025-01-07T18:26:00
4686,10,219,3,2202.6,2025-05-12T10:11:00
4687,186,237,2,2267.98,2025-08-27T22:16:00
4688,241,254,3,75.4,2025-01-02T22:44:00
4689,140,214,3,2395.36,2025-08-23T01:27:00
4690,45,73,4,4767.71,2025-03-20T17:19:00
4691,80,205,1,3978.85,2025-03-11T16:50:00
4692,76,206,1,3538.68,2025-07-13T08:07:00
4693,225,14,1,1711.29,2025-09-10T02:41:00
4694,265,218,1,1676.77,2025-07-23T17:32:00
4695,6,104,1,3451.42,2025-07-25T12:19:00
4696,242,296,3,3181.71,2025-03-15T14:37:00
4697,269,98,1,4401.19,2025-05-15T04:35:00
4698,185,122,3,3362.9,2025-05-19T02:53:00
4699,205,10,1,2886.12,2025-02-13T19:35:00
4700,134,285,1,2613.89,2025-01-02T22:07:00
4701,242,1,4,2432.06,2025-02-22T11:10:00
4702,21,246,4,3246.08,2025-01-29T15:52:00
4703,147,30,3,1134.31,2025-08-06T17:37:00
4704,191,227,4,2267.79,2025-03-19T20:58:00
4705,151,212,1,3350.11,2025-06-17T02:05:00
4706,18,293,1,260.95,2025-08-29T01:52:00
4707,55,255,3,145.24,2025-04-01T00:23:00
4708,25,77,3,3327.29,2025-10-17T15:10:00
4709,118,90,1,414.13,2025-03-30T19:57:00
4710,241,187,4,1348.81,2025-08-24T21:44:00
4711,171,118,4,1609.85,2025-08-20T23:19:00
4712,131,86,3,760.98,2025-05-13T21:41:00
4713,85,29,3,421.49,2025-05-26T03:22:00
4714,109,226,3,201.55,2025-07-07T02:57:00
4715,97,123,4,4687.47,2025-04-28T14:50:00
4716,217,203,4,1899.71,2025-02-28T23:43:00
4717,193,3,3,1720.81,2025-02-15T14:19:00
4718,24,186,3,3078.81,2025-07-20T16:32:00
4719,41,141,3,2943.21,2025-01-18T16:03:00
4720,109,173,4,858.72,2025-01-24T21:22:00
4721,228,131,3,1656.85,2025-10-17T19:36:00
4722,286,224,2,917.37,2025-07-11T07:20:00
4723,75,226,1,490.37,2025-03-01T02:44:00
4724,30,266,3,4004.4,2025-02-06T17:16:00
4725,211,218,3,2984.29,2025-03-26T02:15:00
4726,183,296,4,593.33,2025-04-18T01:52:00
4727,233,102,3,3467.43,2025-09-30T00:56:00
4728,21,80,2,3284.92,2025-08-03T08:09:00
4729,178,254,2,48.22,2025-06-19T09:34:00
4730,84,295,4,4607.34,2025-10-08T03:45:00
4731,73,33,3,2355.05,2025-05-11T19:46:00
4732,277,144,4,1528.71,2025-01-03T09:11:00
4733,299,127,4,4792.26,2025-09-04T23:35:00
4734,130,243,2,407.62,2025-08-09T02:29:00
4735,94,256,3,2679.0,2025-05-19T11:51:00
4736,74,93,4,2232.84,2025-08-08T19:58:00
4737,258,266,4,2950.45,2025-10-05T16:29:00
4738,241,170,3,1397.51,2025-09-20T08:56:00
4739,232,151,1,1181.82,2025-01-03T03:58:00
4740,70,298,2,2082.66,2025-01-02T22:21:00
4741,223,94,4,1667.69,2025-02-02T22:37:00
4742,107,129,4,4479.58,2025-09-22T19:01:00
4743,57,79,3,4208.24,2025-09-28T09:50:00
4744,151,246,2,2112.55,2025-06-28T13:07:00
4745,36,185,4,2774.15,2025-07-25T04:45:00
4746,68,123,1,4830.61,2025-08-27T00:42:00
4747,215,172,3,2594.71,2025-06-11T07:06:00
4748,194,18,2,3534.23,2025-08-19T20:59:00
4749,154,124,2,269.02,2025-08-14T21:11:00
4750,252,35,4,3180.52,2025-03-24T09:19:00
4751,234,181,4,944.32,2025-02-02T03:08:00
4752,40,108,1,2460.26,2025-04-06T17:57:00
4753,250,277,1,4531.32,2025-08-02T02:20:00
4754,153,178,3,2570.43,2025-07-12T07:22:00
4755,222,167,3,404.12,2025-01-15T05:40:00
4756,283,268,2,1696.25,2025-02-08T05:58:00
4757,268,277,4,2166.79,2025-01-22T10:53:00
4758,140,200,3,882.14,2025-09-14T05:44:00
4759,273,147,4,4417.72,2025-06-18T04:02:00
4760,125,41,2,4199.48,2025-03-27T19:34:00
4761,285,236,1,3964.38,2025-03-27T06:47:00
4762,82,9,2,4337.97,2025-07-15T16:27:00
4763,151,65,4,4647.69,2025-09-04T17:24:00
4764,70,219,3,934.83,2025-03-15T16:29:00
4765,194,15,2,751.97,2025-09-16T15:28:00
4766,288,116,3,2190.97,2025-02-10T23:00:00
4767,209,94,2,4120.28,2025-05-17T20:40:00
4768,178,189,4,1217.38,2025-08-06T05:12:00
4769,67,232,4,3223.36,2025-01-19T01:16:00
4770,170,110,3,2656.05,2025-10-27T15:13:00
4771,32,65,4,1107.03,2025-03-06T05:35:00
4772,177,230,1,1564.3,2025-03-25T08:02:00
4773,79,170,3,1692.07,2025-07-30T16:38:00
4774,115,297,4,4462.4,2025-08-23T20:02:00
4775,151,54,1,2080.77,2025-10-13T17:54:00
4776,36,185,4,3189.97,2025-05-27T12:55:00
4777,236,120,4,4207.84,2025-06-25T12:38:00
4778,6,153,3,2576.92,2025-05-16T23:42:00
4779,221,256,2,1040.11,2025-04-02T19:54:00
4780,37,84,3,2724.09,2025-06-19T11:34:00
4781,239,225,1,57.78,2025-08-05T05:15:00
4782,135,161,3,4794.64,2025-08-04T08:02:00
4783,250,212,1,3182.72,2025-06-15T06:03:00
4784,44,66,1,1130.82,2025-05-06T18:32:00
4785,15,61,2,3608.1,2025-09-16T15:05:00
4786,193,74,2,1242.52,2025-08-06T17:39:00
4787,28,165,1,195.76,2025-01-09T03:23:00
4788,112,106,4,1404.62,2025-04-12T10:25:00
4789,235,11,2,3181.26,2025-08-19T15:10:00
4790,262,236,1,4989.93,2025-07-15T11:38:00
4791,221,189,4,3485.7,2025-10-25T21:57:00
4792,152,181,4,1706.43,2025-06-25T19:36:00
4793,190,189,1,4455.71,2025-06-15T20:15:00
4794,199,69,1,2218.34,2025-06-03T16:23:00
4795,147,39,2,3123.21,2025-03-24T22:20:00
4796,68,188,2,4045.98,2025-02-01T14:57:00
4797,272,257,2,3875.34,2025-02-08T12:41:00
4798,161,50,1,3053.24,2025-04-05T02:19:00
4799,192,252,3,3554.11,2025-06-13T04:03:00
4800,105,21,2,2370.55,2025-07-17T19:56:00
4801,135,238,2,133.47,2025-10-08T04:19:00
4802,30,97,3,3417.59,2025-05-04T05:46:00
4803,47,87,3,4390.88,2025-05-27T00:47:00
4804,89,299,2,4993.35,2025-08-12T07:18:00
4805,12,295,3,455.82,2025-02-15T17:57:00
4806,20,186,2,1771.14,2025-10-20T10:37:00
4807,291,32,1,1415.15,2025-09-02T19:58:00
4808,130,46,2,4003.38,2025-05-02T04:20:00
4809,155,209,1,436.29,2025-02-14T03:13:00
4810,155,120,3,4006.22,2025-07-07T15:04:00
4811,104,110,4,3461.06,2025-08-25T13:34:00
4812,213,45,2,2470.38,2025-05-29T04:07:00
4813,60,78,1,3867.49,2025-02-14T22:45:00
4814,105,258,1,4969.69,2025-01-21T02:18:00
4815,157,287,1,817.99,2025-09-27T19:03:00
4816,285,280,1,2894.09,2025-07-31T09:51:00
4817,185,81,2,589.5,2025-10-21T03:43:00
4818,295,19,2,355.17,2025-04-22T06:20:00
4819,201,288,2,475.03,2025-03-19T07:48:00
4820,221,205,4,273.9,2025-06-03T22:56:00
4821,36,248,1,61.67,2025-04-22T22:35:00
4822,289,48,1,4439.84,2025-09-03T09:02:00
4823,165,16,1,1199.69,2025-04-16T05:01:00
4824,128,140,3,2964.21,2025-08-09T00:31:00
4825,40,132,4,3850.88,2025-06-26T01:52:00
4826,254,233,3,3756.89,2025-03-20T11:45:00
4827,236,78,2,380.83,2025-07-13T23:13:00
4828,61,202,1,4177.06,2025-09-12T20:32:00
4829,40,48,1,1580.71,2025-08-14T00:12:00
4830,294,195,2,306.83,2025-07-24T14:01:00
4831,7,177,3,2015.96,2025-07-23T12:43:00
4832,126,71,2,1094.91,2025-08-25T01:01:00
4833,253,56,3,2616.96,2025-01-05T00:37:00
4834,254,34,3,3281.54,2025-10-14T13:12:00
4835,128,94,2,1494.73,2025-01-16T12:21:00
4836,274,252,3,1430.14,2025-10-05T22:33:00
4837,283,99,2,1220.81,2025-06-21T19:46:00
4838,3,296,4,936.59,2025-09-26T10:58:00
4839,278,73,3,2754.3,2025-06-22T23:17:00
4840,183,162,1,1061.81,2025-02-28T18:26:00
4841,13,110,3,2599.3,2025-03-26T07:27:00
4842,254,278,2,2741.28,2025-09-08T06:25:00
4843,289,99,2,4764.47,2025-09-30T00:02:00
4844,133,121,4,1280.4,2025-07-06T16:19:00
4845,212,216,3,2588.72,2025-09-03T22:17:00
4846,51,202,2,2458.01,2025-02-15T04:02:00
4847,205,117,1,2289.56,2025-06-26T05:36:00
4848,227,247,4,191.4,2025-05-14T11:32:00
4849,155,3,1,558.99,2025-05-18T08:51:00
4850,41,190,4,895.42,2025-02-27T22:19:00
4851,110,195,1,368.09,2025-10-03T12:07:00
4852,53,158,4,4587.58,2025-04-12T12:04:00
4853,46,265,2,2001.34,2025-01-12T10:21:00
4854,174,139,4,4856.88,2025-05-13T05:47:00
4855,204,257,2,1901.98,2025-05-11T07:31:00
4856,232,46,3,4035.74,2025-04-12T09:56:00
4857,140,162,3,4959.44,2025-10-18T11:43:00
4858,211,218,1,49.29,2025-01-04T02:05:00
4859,212,71,2,2485.23,2025-03-18T07:33:00
4860,193,242,3,3436.51,2025-02-20T20:54:00
4861,228,107,4,3990.22,2025-04-29T17:23:00
4862,29,298,3,4189.47,2025-08-19T00:50:00
4863,300,100,3,151.74,2025-10-21T02:26:00
4864,185,17,1,352.82,2025-07-30T22:50:00
4865,133,10,2,1379.1,2025-09-28T20:16:00
4866,288,140,2,4358.67,2025-08-31T14:02:00
4867,8,216,2,4053.3,2025-10-20T10:45:00
4868,296,172,1,1527.88,2025-04-03T19:22:00
4869,131,146,4,2141.6,2025-06-18T09:08:00
4870,44,244,3,4224.48,2025-03-08T15:21:00
4871,87,257,1,4836.31,2025-02-27T13:59:00
4872,35,229,2,1358.16,2025-08-25T18:42:00
4873,146,164,2,1175.0,2025-03-02T13:45:00
4874,109,283,2,4117.44,2025-08-05T08:58:00
4875,264,250,1,3435.82,2025-01-24T01:05:00
4876,228,7,4,2783.15,2025-02-22T04:43:00
4877,146,173,4,2028.15,2025-02-08T23:47:00
4878,123,21,3,4370.41,2025-10-17T09:35:00
4879,145,47,3,872.78,2025-05-06T10:45:00
4880,180,77,2,3201.33,2025-09-05T05:43:00
4881,274,242,3,4297.93,2025-09-09T18:35:00
4882,64,107,1,4591.93,2025-08-01T10:24:00
4883,141,234,4,483.8,2025-02-12T10:33:00
4884,287,67,1,4179.78,2025-08-28T01:43:00
4885,268,143,1,4662.14,2025-01-02T15:46:00
4886,296,62,1,4944.28,2025-03-03T02:19:00
4887,206,132,3,1912.21,2025-02-11T03:37:00
4888,259,124,1,3792.45,2025-08-23T11:51:00
4889,156,89,3,4366.45,2025-09-08T06:46:00
4890,265,280,3,4850.49,2025-04-05T07:31:00
4891,248,150,4,2295.16,2025-01-29T15:35:00
4892,287,62,2,1706.48,2025-03-30T10:59:00
4893,49,81,1,3756.07,2025-10-12T00:35:00
4894,84,85,4,2417.94,2025-10-27T01:39:00
4895,210,208,4,3641.42,2025-03-17T17:27:00
4896,185,105,2,4145.58,2025-07-04T14:04:00
4897,210,158,4,3791.11,2025-09-29T04:06:00
4898,1,8,2,3415.91,2025-08-30T00:53:00
4899,11,229,1,4054.66,2025-09-07T16:49:00
4900,32,271,4,4595.65,2025-08-11T18:14:00
4901,85,19,4,4003.74,2025-01-18T18:56:00
4902,264,121,3,2525.51,2025-03-21T21:44:00
4903,223,252,3,2706.42,2025-07-29T21:11:00
4904,210,178,1,4262.85,2025-05-27T21:55:00
4905,138,175,4,1586.73,2025-03-10T13:30:00
4906,203,185,3,453.61,2025-09-19T05:32:00
4907,53,229,3,2494.57,2025-10-23T11:00:00
4908,21,100,3,1672.55,2025-03-09T04:03:00
4909,96,224,2,1989.02,2025-04-26T01:13:00
4910,65,200,3,1729.84,2025-07-10T14:14:00
4911,124,6,1,4995.48,2025-08-25T08:49:00
4912,21,196,2,1678.38,2025-08-10T16:21:00
4913,76,77,3,2327.6,2025-09-03T11:07:00
4914,65,176,2,2413.53,2025-10-22T18:01:00
4915,32,184,2,2000.21,2025-07-28T19:59:00
4916,107,100,2,2465.37,2025-04-29T06:16:00
4917,67,77,3,3487.27,2025-03-23T16:14:00
4918,239,72,2,2488.98,2025-04-01T05:21:00
4919,297,107,1,181.55,2025-04-28T22:30:00
4920,28,4,3,717.16,2025-04-17T08:59:00
4921,18,105,4,60.65,2025-04-12T06:14:00
4922,101,64,2,2669.21,2025-07-07T12:40:00
4923,43,66,3,3230.12,2025-10-08T20:59:00
4924,7,138,4,1099.51,2025-02-21T18:33:00
4925,191,59,4,4747.64,2025-10-20T21:24:00
4926,277,9,4,1482.48,2025-07-02T09:19:00
4927,74,50,3,2449.89,2025-10-04T07:29:00
4928,81,223,3,155.44,2025-04-16T22:09:00
4929,231,102,4,2614.36,2025-07-05T19:13:00
4930,135,68,2,3180.12,2025-10-20T01:14:00
4931,234,240,2,3390.21,2025-02-11T22:23:00
4932,12,122,2,477.54,2025-09-19T11:48:00
4933,298,216,3,3990.35,2025-02-11T21:43:00
4934,16,66,3,63.36,2025-08-12T13:56:00
4935,269,208,1,2019.35,2025-08-23T07:19:00
4936,254,214,4,472.63,2025-06-02T18:36:00
4937,273,220,2,715.92,2025-10-26T11:46:00
4938,46,1,2,2641.05,2025-04-05T09:09:00
4939,241,196,2,767.76,2025-06-16T11:36:00
4940,206,124,4,1478.31,2025-10-21T21:26:00
4941,117,132,3,4585.18,2025-05-28T00:12:00
4942,285,289,3,1605.32,2025-05-27T13:23:00
4943,223,189,2,377.06,2025-01-30T16:31:00
4944,112,17,1,752.34,2025-02-16T00:42:00
4945,75,240,2,1903.95,2025-07-12T07:43:00
4946,86,180,4,3285.77,2025-08-25T06:46:00
4947,96,88,2,1428.98,2025-09-16T14:17:00
4948,289,110,1,2133.29,2025-07-20T00:51:00
4949,50,298,1,171.76,2025-01-06T09:35:00
4950,266,221,4,3601.39,2025-01-12T23:28:00
4951,107,79,4,1551.16,2025-08-18T17:56:00
4952,293,102,4,2572.92,2025-07-05T20:17:00
4953,47,248,4,3975.82,2025-01-12T19:12:00
4954,254,50,4,1466.72,2025-07-07T20:35:00
4955,56,8,3,1753.6,2025-09-09T07:45:00
4956,140,215,4,4807.02,2025-06-03T08:58:00
4957,253,110,2,2700.11,2025-10-09T01:47:00
4958,167,67,1,3297.61,2025-07-19T13:22:00
4959,45,284,2,2215.3,2025-06-05T23:28:00
4960,227,47,2,4883.44,2025-05-21T07:52:00
4961,136,182,1,3033.12,2025-07-26T16:20:00
4962,110,258,1,1978.38,2025-06-15T01:09:00
4963,123,24,4,1405.69,2025-03-26T08:59:00
4964,114,153,2,1794.84,2025-09-28T12:38:00
4965,169,91,1,937.39,2025-02-22T21:22:00
4966,200,17,2,2524.5,2025-02-02T00:33:00
4967,280,24,2,1653.94,2025-06-08T13:39:00
4968,149,196,4,8.46,2025-06-03T18:51:00
4969,31,109,4,2014.79,2025-08-14T08:29:00
4970,221,299,1,3287.08,2025-02-11T13:05:00
4971,96,91,1,4063.39,2025-01-23T07:46:00
4972,295,208,3,4895.28,2025-10-10T13:45:00
4973,258,36,1,216.81,2025-06-04T03:20:00
4974,267,114,2,1087.29,2025-03-09T17:26:00
4975,206,1,1,4075.54,2025-09-21T10:20:00
4976,1,14,2,2932.67,2025-09-04T06:50:00
4977,266,6,1,4957.63,2025-01-16T02:11:00
4978,151,182,4,477.91,2025-10-05T02:58:00
4979,192,287,1,1926.91,2025-02-16T19:18:00
4980,291,297,1,952.52,2025-07-25T20:50:00
4981,192,19,3,1683.53,2025-10-22T03:42:00
4982,114,296,4,2663.61,2025-02-11T16:27:00
4983,253,40,4,43.9,2025-01-06T20:19:00
4984,76,105,2,3757.31,2025-10-13T22:50:00
4985,188,9,4,4592.45,2025-02-21T19:27:00
4986,43,79,2,1041.64,2025-03-13T02:48:00
4987,100,144,3,820.15,2025-03-11T01:36:00
4988,136,22,1,4718.63,2025-04-20T15:55:00
4989,38,242,4,1819.26,2025-10-12T11:24:00
4990,80,230,3,2706.8,2025-07-18T12:06:00
4991,35,93,4,3946.02,2025-03-09T23:02:00
4992,118,31,4,2961.59,2025-07-09T02:27:00
4993,163,252,1,844.25,2025-03-02T17:27:00
4994,25,33,1,4496.59,2025-03-09T21:45:00
4995,118,114,2,301.14,2025-06-16T11:37:00
4996,261,254,2,302.54,2025-03-19T07:07:00
4997,146,175,4,2777.08,2025-09-16T22:38:00
4998,54,11,4,3168.16,2025-10-20T12:55:00
4999,281,25,3,1799.75,2025-06-26T05:05:00
5000,34,73,1,4213.53,2025-08-05T00:33:00
5001,63,208,3,3880.99,2025-10-13T00:16:00
5002,131,209,1,4382.83,2025-02-08T22:39:00
5003,256,53,3,195.51,2025-10-10T07:17:00
5004,218,289,3,1321.74,2025-10-17T11:01:00
5005,207,6,3,4144.03,2025-09-14T01:26:00
5006,68,234,3,1705.7,2025-08-10T19:35:00
5007,113,280,3,2859.64,2025-01-21T15:16:00
5008,73,141,1,1528.72,2025-01-09T09:39:00
5009,184,233,4,4538.97,2025-04-02T10:54:00
5010,98,274,3,2273.43,2025-07-19T19:05:00
5011,177,100,1,483.15,2025-05-27T15:08:00
5012,269,206,1,2349.72,2025-05-31T21:45:00
5013,193,266,3,2914.34,2025-01-08T04:50:00
5014,199,67,4,4786.79,2025-02-13T03:48:00
5015,200,199,2,3844.8,2025-10-04T12:27:00
5016,5,98,3,2985.84,2025-03-07T08:51:00
5017,205,281,4,2418.17,2025-01-24T03:25:00
5018,190,194,2,4196.74,2025-09-09T21:18:00
5019,23,81,1,4484.75,2025-09-12T04:13:00
5020,45,76,3,744.06,2025-04-02T06:21:00
5021,78,175,4,4156.56,2025-01-01T16:20:00
5022,268,159,4,4393.46,2025-08-20T05:06:00
5023,186,29,3,3864.71,2025-01-05T20:23:00
5024,117,170,2,3838.87,2025-04-07T23:07:00
5025,264,140,3,4593.12,2025-01-09T10:39:00
5026,118,148,2,1214.79,2025-03-06T23:45:00
5027,64,4,1,4416.54,2025-10-24T08:58:00
5028,133,116,1,3965.19,2025-05-22T22:41:00
5029,39,144,1,4038.19,2025-10-03T15:32:00
5030,114,136,2,3406.17,2025-08-27T15:37:00
5031,279,78,3,230.44,2025-03-18T03:59:00
5032,59,219,2,1144.29,2025-04-22T15:39:00
5033,290,265,1,2513.73,2025-01-08T01:51:00
5034,291,197,2,4308.27,2025-03-25T13:22:00
5035,238,266,4,4054.79,2025-06-20T11:32:00
5036,243,232,3,3882.63,2025-06-27T04:26:00
5037,110,154,2,981.13,2025-09-10T20:09:00
5038,162,160,3,3740.52,2025-03-07T20:20:00
5039,104,168,1,342.7,2025-08-27T16:43:00
5040,286,96,1,1658.94,2025-05-08T08:21:00
5041,188,118,2,2556.37,2025-08-30T05:00:00
5042,135,226,4,2366.71,2025-07-14T12:45:00
5043,23,273,2,2703.98,2025-09-11T09:20:00
5044,257,229,1,3616.18,2025-03-08T01:40:00
5045,242,161,2,365.91,2025-04-21T22:58:00
5046,200,285,3,3022.87,2025-02-22T11:49:00
5047,70,203,2,480.93,2025-01-18T15:53:00
5048,152,43,3,3952.81,2025-05-15T07:00:00
5049,63,8,4,412.69,2025-05-27T11:09:00
5050,196,157,3,3540.6,2025-06-09T08:59:00
5051,105,110,1,2977.82,2025-09-03T03:51:00
5052,63,186,2,1139.27,2025-05-05T08:50:00
5053,298,231,2,3113.0,2025-08-28T00:05:00
5054,13,24,2,3960.16,2025-06-04T07:18:00
5055,155,255,3,3695.77,2025-10-05T22:22:00
5056,283,212,1,3669.64,2025-09-26T16:05:00
5057,244,263,4,273.17,2025-03-08T03:23:00
5058,294,79,4,3036.99,2025-04-22T14:27:00
5059,113,264,2,2457.77,2025-05-28T18:55:00
5060,24,108,2,592.04,2025-03-27T05:14:00
5061,165,136,1,4647.25,2025-08-13T00:18:00
5062,231,106,1,4902.9,2025-09-26T06:51:00
5063,203,285,4,1551.72,2025-08-30T23:54:00
5064,255,131,1,2297.92,2025-04-24T12:24:00
5065,211,181,4,67.55,2025-08-19T12:45:00
5066,72,83,2,605.13,2025-04-03T21:41:00
5067,276,66,1,2907.24,2025-04-19T16:26:00
5068,276,85,4,2780.21,2025-05-14T14:08:00
5069,219,134,2,2995.49,2025-04-12T00:58:00
5070,154,185,4,2851.75,2025-01-19T12:25:00
5071,204,17,3,2717.69,2025-04-29T03:11:00
5072,104,130,3,1031.89,2025-06-24T16:51:00
5073,142,297,1,566.76,2025-09-24T21:19:00
5074,222,180,1,774.33,2025-05-14T05:07:00
5075,15,200,2,2341.07,2025-02-15T15:48:00
5076,10,158,2,3947.48,2025-05-10T20:33:00
5077,49,43,4,3634.42,2025-10-24T11:59:00
5078,186,283,3,2865.72,2025-05-13T05:04:00
5079,127,256,2,4607.37,2025-04-17T13:12:00
5080,202,173,4,890.44,2025-07-24T14:27:00
5081,267,253,4,2443.14,2025-10-18T06:23:00
5082,287,218,1,1047.05,2025-06-08T02:31:00
5083,132,38,3,1104.19,2025-10-12T00:35:00
5084,279,153,2,2164.6,2025-09-09T04:12:00
5085,103,7,4,4248.38,2025-02-28T11:55:00
5086,15,17,1,379.6,2025-04-25T19:06:00
5087,172,158,1,1542.55,2025-04-04T23:12:00
5088,212,129,4,3094.28,2025-02-08T08:37:00
5089,7,45,1,4320.71,2025-09-26T12:06:00
5090,197,129,4,3521.66,2025-01-10T09:53:00
5091,293,46,3,4906.3,2025-09-04T07:33:00
5092,14,196,4,3067.42,2025-10-21T12:29:00
5093,119,199,4,911.63,2025-01-19T18:43:00
5094,202,61,1,4005.81,2025-04-10T14:11:00
5095,222,157,2,3374.76,2025-01-30T11:32:00
5096,199,291,4,4904.67,2025-05-17T11:39:00
5097,241,54,3,1812.75,2025-08-16T19:12:00
5098,81,251,4,40.53,2025-03-01T21:21:00
5099,158,50,4,3381.26,2025-04-16T20:51:00
5100,94,212,1,4086.7,2025-10-28T13:32:00
5101,175,209,4,3772.85,2025-01-18T16:21:00
5102,243,103,3,2507.27,2025-09-03T18:18:00
5103,109,100,4,1372.66,2025-09-12T01:10:00
5104,196,103,2,2452.56,2025-09-10T21:27:00
5105,180,202,3,3678.08,2025-09-23T14:41:00
5106,199,198,3,4097.23,2025-05-16T14:47:00
5107,41,179,3,4210.59,2025-05-03T08:54:00
5108,227,130,3,3240.63,2025-03-08T08:01:00
5109,187,124,4,2478.3,2025-01-03T17:46:00
5110,140,269,4,1577.53,2025-04-27T20:39:00
5111,133,171,1,1188.93,2025-06-28T08:35:00
5112,17,247,1,1876.11,2025-09-30T06:12:00
5113,274,191,4,2903.83,2025-04-06T23:38:00
5114,62,127,4,3006.17,2025-06-05T23:33:00
5115,22,142,1,2376.22,2025-08-23T06:03:00
5116,141,45,3,11.53,2025-07-17T06:11:00
5117,132,16,3,521.28,2025-03-14T13:23:00
5118,265,118,4,3160.04,2025-08-10T06:12:00
5119,150,203,4,1409.26,2025-08-07T08:44:00
5120,202,222,1,1241.96,2025-03-11T15:12:00
5121,293,243,3,561.74,2025-03-17T01:45:00
5122,295,146,1,271.59,2025-02-15T00:11:00
5123,251,224,1,2417.28,2025-10-01T03:43:00
5124,168,59,4,1498.65,2025-09-23T08:37:00
5125,237,244,4,1014.91,2025-04-11T07:55:00
5126,12,219,1,1321.61,2025-04-21T10:28:00
5127,191,139,4,2642.88,2025-04-18T10:01:00
5128,177,94,4,163.36,2025-08-28T00:46:00
5129,207,271,4,1673.93,2025-08-29T01:30:00
5130,44,278,1,4707.49,2025-04-04T07:56:00
5131,205,49,2,2852.08,2025-03-07T06:31:00
5132,237,130,3,2993.12,2025-09-24T09:43:00
5133,53,107,2,2493.66,2025-09-14T14:00:00
5134,172,259,1,2448.95,2025-02-03T01:40:00
5135,208,187,1,4432.81,2025-08-07T08:02:00
5136,254,19,4,2640.91,2025-10-03T21:41:00
5137,155,226,3,2563.89,2025-04-11T00:14:00
5138,131,265,3,2314.89,2025-08-10T10:42:00
5139,146,4,3,4388.82,2025-03-08T15:11:00
5140,264,30,1,949.77,2025-08-20T17:55:00
5141,260,126,4,4018.93,2025-05-12T07:47:00
5142,43,220,4,3722.31,2025-06-16T23:39:00
5143,258,137,3,4969.27,2025-01-22T17:35:00
5144,294,162,2,124.66,2025-04-06T20:02:00
5145,237,191,4,30.37,2025-06-25T04:27:00
5146,28,64,3,798.97,2025-01-20T04:38:00
5147,206,196,2,1098.63,2025-03-26T07:22:00
5148,205,181,3,4845.42,2025-05-06T00:28:00
5149,61,181,3,4026.45,2025-01-31T05:43:00
5150,238,107,2,133.65,2025-03-16T20:38:00
5151,183,111,1,2794.34,2025-06-17T00:01:00
5152,150,66,2,396.54,2025-09-30T04:44:00
5153,20,197,2,4039.7,2025-01-29T09:33:00
5154,64,17,2,4550.69,2025-01-29T11:19:00
5155,272,148,4,1091.49,2025-09-22T11:28:00
5156,249,229,2,2936.63,2025-09-27T23:09:00
5157,139,169,3,1187.33,2025-02-23T11:54:00
5158,44,275,2,2432.67,2025-04-07T16:55:00
5159,71,224,3,4260.5,2025-10-28T11:55:00
5160,51,259,3,927.41,2025-07-05T11:41:00
5161,240,215,1,1686.03,2025-06-23T18:02:00
5162,125,28,1,2878.06,2025-06-18T09:16:00
5163,257,233,4,521.05,2025-06-23T00:52:00
5164,151,263,3,2928.09,2025-02-28T22:54:00
5165,167,16,2,3273.76,2025-05-28T13:45:00
5166,149,22,2,4587.66,2025-01-14T14:59:00
5167,212,185,3,3920.35,2025-04-18T11:55:00
5168,171,261,1,4294.72,2025-09-17T22:08:00
5169,79,229,4,3880.94,2025-06-03T14:49:00
5170,232,255,4,1361.19,2025-10-22T05:23:00
5171,146,61,2,1088.04,2025-08-18T04:54:00
5172,148,128,4,2982.69,2025-01-20T00:31:00
5173,32,146,3,4464.07,2025-05-26T17:53:00
5174,159,292,4,2311.92,2025-05-16T23:54:00
5175,55,224,4,667.2,2025-10-16T10:50:00
5176,216,251,1,774.42,2025-07-06T18:14:00
5177,176,16,2,3883.73,2025-08-09T14:16:00
5178,11,193,3,624.0,2025-03-21T04:31:00
5179,76,248,4,1805.43,2025-02-02T09:52:00
5180,189,58,2,1385.14,2025-09-12T20:52:00
5181,26,29,3,1418.17,2025-07-06T10:35:00
5182,124,149,3,1781.45,2025-06-22T11:59:00
5183,223,96,1,2122.69,2025-10-13T21:13:00
5184,105,191,4,3498.28,2025-08-01T13:32:00
5185,28,287,3,3794.34,2025-06-04T23:37:00
5186,47,16,4,3796.87,2025-01-27T09:12:00
5187,41,243,1,1855.93,2025-06-18T21:30:00
5188,287,165,2,471.98,2025-10-24T14:37:00
5189,119,115,4,2782.16,2025-01-24T19:43:00
5190,125,36,4,185.05,2025-10-22T16:32:00
5191,280,180,1,4897.7,2025-01-18T11:23:00
5192,283,101,1,468.71,2025-07-09T06:11:00
5193,23,83,4,1428.75,2025-01-17T19:45:00
5194,98,122,2,4702.45,2025-08-10T07:31:00
5195,22,95,1,3330.12,2025-05-01T17:35:00
5196,230,266,2,4718.47,2025-02-02T17:34:00
5197,109,271,3,1420.22,2025-08-19T16:06:00
5198,212,232,4,2023.88,2025-05-20T04:47:00
5199,5,279,2,1498.39,2025-02-17T05:18:00
5200,96,208,4,1464.05,2025-05-23T04:46:00
5201,212,158,3,4241.9,2025-05-12T14:41:00
5202,287,100,2,3809.32,2025-08-11T13:15:00
5203,227,168,1,3417.08,2025-10-09T15:28:00
5204,155,140,2,1558.94,2025-09-27T14:42:00
5205,46,157,3,1923.19,2025-04-22T18:39:00
5206,172,128,1,4052.82,2025-06-19T13:25:00
5207,160,74,2,3077.17,2025-01-06T04:40:00
5208,194,299,1,4235.22,2025-10-17T12:17:00
5209,199,200,4,3340.02,2025-09-23T02:57:00
5210,63,276,2,4199.71,2025-10-23T04:15:00
5211,70,137,4,2803.12,2025-03-12T05:57:00
5212,27,116,4,1042.9,2025-09-06T22:35:00
5213,139,28,4,3379.07,2025-02-02T06:32:00
5214,212,252,3,3535.69,2025-09-24T10:31:00
5215,257,126,1,4641.57,2025-06-18T10:37:00
5216,198,167,4,3314.65,2025-07-10T14:32:00
5217,198,288,1,275.29,2025-06-30T10:04:00
5218,68,203,4,3260.03,2025-05-14T20:16:00
5219,136,110,4,4577.86,2025-03-26T14:02:00
5220,189,211,1,1280.52,2025-08-11T11:12:00
5221,129,130,2,216.34,2025-05-30T04:05:00
5222,262,221,4,1254.05,2025-02-21T11:08:00
5223,26,128,3,418.7,2025-10-22T02:36:00
5224,271,178,1,4023.31,2025-07-29T11:40:00
5225,52,121,2,1586.41,2025-10-08T10:03:00
5226,279,45,3,4944.51,2025-04-06T05:45:00
5227,289,257,4,4495.72,2025-07-30T22:13:00
5228,96,251,1,3898.18,2025-03-07T06:13:00
5229,281,50,1,2014.05,2025-09-16T19:04:00
5230,252,23,1,1821.33,2025-03-06T19:05:00
5231,271,137,3,2298.34,2025-06-01T18:53:00
5232,209,186,1,1672.09,2025-03-09T15:01:00
5233,93,180,4,482.93,2025-02-27T09:13:00
5234,163,258,2,228.51,2025-01-04T20:30:00
5235,246,188,1,1108.02,2025-08-08T02:00:00
5236,79,72,1,2010.26,2025-10-28T14:18:00
5237,174,103,4,555.6,2025-08-17T07:53:00
5238,80,23,3,1232.92,2025-03-06T14:18:00
5239,128,45,2,2071.77,2025-07-30T11:25:00
5240,23,90,2,1010.23,2025-02-14T13:22:00
5241,174,262,1,2095.51,2025-03-16T08:29:00
5242,167,170,3,753.21,2025-08-22T04:57:00
5243,28,124,4,3147.14,2025-08-31T23:03:00
5244,74,233,3,568.11,2025-01-04T11:57:00
5245,224,282,4,213.14,2025-10-24T00:20:00
5246,237,39,1,4857.5,2025-02-12T22:33:00
5247,47,197,4,4348.15,2025-04-14T05:15:00
5248,187,97,2,3802.4,2025-04-29T00:40:00
5249,190,140,3,3671.71,2025-06-13T02:55:00
5250,215,170,4,4089.41,2025-08-15T18:18:00
5251,97,75,1,3532.79,2025-04-27T01:09:00
5252,139,91,4,3418.6,2025-07-31T23:33:00
5253,172,170,1,2869.82,2025-03-15T23:02:00
5254,156,36,1,1618.35,2025-06-06T17:32:00
5255,17,162,1,254.27,2025-04-24T06:18:00
5256,201,187,2,1125.23,2025-08-02T06:48:00
5257,122,4,3,2412.56,2025-07-08T22:19:00
5258,100,239,1,19.48,2025-10-04T09:07:00
5259,208,135,2,2256.93,2025-08-18T01:40:00
5260,76,50,4,58.57,2025-05-19T14:03:00
5261,57,95,3,3520.3,2025-03-28T17:57:00
5262,115,109,4,467.21,2025-10-04T11:24:00
5263,271,56,4,1896.06,2025-08-16T11:02:00
5264,182,49,4,4759.44,2025-05-02T22:49:00
5265,289,123,1,3818.55,2025-02-05T01:43:00
5266,178,186,1,3873.39,2025-10-08T06:15:00
5267,38,250,2,4975.15,2025-07-12T09:41:00
5268,256,15,3,3614.8,2025-01-23T12:22:00
5269,152,182,2,4895.69,2025-06-21T18:12:00
5270,189,240,1,3321.41,2025-07-15T11:00:00
5271,296,134,4,903.73,2025-01-07T15:34:00
5272,165,218,2,3264.5,2025-04-04T14:07:00
5273,298,82,4,135.22,2025-03-07T20:42:00
5274,197,34,1,2807.76,2025-09-20T00:47:00
5275,61,14,2,2182.85,2025-01-02T18:41:00
5276,35,143,1,4073.84,2025-02-04T20:29:00
5277,26,101,2,2500.47,2025-07-27T21:10:00
5278,271,13,3,4645.69,2025-09-26T14:29:00
5279,252,254,1,427.71,2025-08-26T04:44:00
5280,198,260,2,4405.3,2025-02-21T03:36:00
5281,172,219,4,1533.01,2025-01-15T15:28:00
5282,104,163,3,1954.77,2025-10-16T21:07:00
5283,86,77,1,1773.74,2025-03-03T06:23:00
5284,206,123,4,3986.42,2025-09-29T21:39:00
5285,90,181,1,248.3,2025-07-02T03:27:00
5286,240,137,4,3196.62,2025-04-07T11:34:00
5287,62,283,2,3655.46,2025-09-08T23:31:00
5288,135,261,4,4719.64,2025-05-25T15:28:00
5289,123,192,3,3274.75,2025-06-07T06:34:00
5290,121,191,4,3024.03,2025-08-29T03:11:00
5291,180,75,1,4212.56,2025-04-13T01:44:00
5292,195,131,4,3203.86,2025-03-05T04:24:00
5293,252,58,1,2845.14,2025-10-27T18:12:00
5294,108,190,2,3392.83,2025-04-19T20:04:00
5295,126,285,4,2786.27,2025-01-21T10:41:00
5296,202,272,2,2580.42,2025-09-02T11:14:00
5297,121,169,3,893.79,2025-03-29T01:08:00
5298,142,282,4,1271.64,2025-09-16T03:07:00
5299,96,286,2,2019.14,2025-04-11T09:47:00
5300,189,63,4,1157.64,2025-03-26T04:08:00
5301,297,114,1,2205.28,2025-08-24T16:27:00
5302,172,5,2,2840.45,2025-05-22T21:46:00
5303,225,192,1,1584.75,2025-09-04T22:42:00
5304,254,248,1,2296.11,2025-04-15T02:58:00
5305,65,155,2,1512.54,2025-06-13T06:22:00
5306,127,258,1,348.2,2025-06-19T15:22:00
5307,17,73,4,793.82,2025-05-20T16:02:00
5308,97,195,3,2256.28,2025-06-30T13:11:00
5309,132,101,2,2885.21,2025-07-28T17:24:00
5310,236,3,3,1625.94,2025-07-24T18:48:00
5311,140,117,3,1333.78,2025-02-24T01:50:00
5312,35,9,3,733.81,2025-09-07T23:37:00
5313,243,134,2,1747.29,2025-10-27T04:07:00
5314,1,55,1,2527.13,2025-08-01T19:57:00
5315,59,110,2,3814.49,2025-10-28T07:23:00
5316,230,165,2,2645.7,2025-09-15T20:04:00
5317,52,46,3,3584.61,2025-01-20T06:19:00
5318,235,190,4,270.79,2025-02-17T13:18:00
5319,83,197,2,1512.93,2025-06-21T10:18:00
5320,214,84,1,4560.6,2025-03-05T07:21:00
5321,129,200,2,724.71,2025-05-08T18:18:00
5322,3,251,1,3754.99,2025-05-07T21:18:00
5323,118,142,4,1918.21,2025-02-01T19:59:00
5324,175,133,4,3427.48,2025-01-26T13:03:00
5325,128,293,1,262.1,2025-10-23T11:06:00
5326,201,98,3,671.64,2025-05-13T20:48:00
5327,44,91,1,4563.59,2025-03-26T09:40:00
5328,55,250,3,1999.8,2025-07-16T16:02:00
5329,173,224,3,3323.97,2025-02-13T16:46:00
5330,172,139,1,962.77,2025-04-11T13:25:00
5331,185,7,2,2591.85,2025-02-04T10:57:00
5332,221,164,1,2199.03,2025-02-20T21:23:00
5333,243,281,2,2831.27,2025-06-18T05:47:00
5334,156,92,2,432.79,2025-10-27T03:41:00
5335,53,145,2,2854.29,2025-05-19T16:07:00
5336,149,57,3,39.17,2025-02-13T06:52:00
5337,263,186,4,4506.9,2025-10-25T06:37:00
5338,62,146,2,2063.88,2025-03-20T00:57:00
5339,62,84,1,544.82,2025-06-04T01:09:00
5340,27,260,3,3510.7,2025-08-12T19:32:00
5341,263,267,4,2019.21,2025-06-02T17:04:00
5342,278,76,4,937.16,2025-03-05T07:42:00
5343,198,235,3,4747.37,2025-02-22T13:19:00
5344,140,296,1,4980.74,2025-06-10T06:50:00
5345,77,59,1,4462.69,2025-02-20T06:03:00
5346,265,162,2,1092.55,2025-07-03T12:53:00
5347,274,88,2,1452.65,2025-10-06T08:59:00
5348,7,65,2,4407.63,2025-05-09T12:11:00
5349,202,245,1,3150.51,2025-03-22T00:08:00
5350,161,127,3,798.84,2025-10-02T13:28:00
5351,21,230,4,1927.4,2025-06-09T04:39:00
5352,102,275,4,3200.76,2025-08-07T22:25:00
5353,241,155,1,4856.85,2025-09-13T15:55:00
5354,69,39,1,2246.86,2025-06-23T05:50:00
5355,150,27,1,1209.3,2025-04-22T22:02:00
5356,190,38,1,3441.17,2025-09-10T04:18:00
5357,237,71,3,1386.16,2025-08-10T11:18:00
5358,34,224,2,2969.67,2025-09-06T13:48:00
5359,120,298,3,3498.08,2025-04-23T17:42:00
5360,53,283,2,3976.2,2025-09-19T18:12:00
5361,196,99,2,3886.45,2025-08-24T17:41:00
5362,219,265,1,2393.13,2025-01-21T08:11:00
5363,119,181,4,3867.5,2025-04-29T02:33:00
5364,189,297,2,358.53,2025-02-11T23:27:00
5365,297,96,1,3255.75,2025-06-13T07:19:00
5366,240,30,3,39.15,2025-08-29T20:00:00
5367,254,246,3,35.62,2025-10-13T17:58:00
5368,153,290,3,3294.82,2025-07-24T06:50:00
5369,178,234,4,2525.32,2025-08-01T04:49:00
5370,37,122,1,4060.27,2025-10-24T11:04:00
5371,132,283,3,3700.54,2025-05-23T23:10:00
5372,84,190,3,1686.55,2025-04-11T06:45:00
5373,18,168,1,1758.34,2025-02-19T18:26:00
5374,107,182,1,4603.99,2025-02-20T00:38:00
5375,211,255,3,1716.41,2025-04-28T13:14:00
5376,206,183,1,4714.19,2025-06-21T23:01:00
5377,129,34,4,1190.57,2025-03-14T04:15:00
5378,134,69,4,4331.53,2025-09-07T16:50:00
5379,239,21,2,4418.18,2025-03-30T06:40:00
5380,280,58,2,2582.19,2025-08-14T02:56:00
5381,270,292,2,1769.76,2025-06-07T21:28:00
5382,164,72,1,357.68,2025-03-24T14:47:00
5383,163,298,4,1224.62,2025-09-12T06:04:00
5384,45,157,2,1196.83,2025-02-23T00:34:00
5385,258,207,2,4870.08,2025-01-28T13:46:00
5386,172,298,3,3368.29,2025-01-14T00:15:00
5387,273,49,1,1221.05,2025-08-02T09:35:00
5388,191,48,1,4588.89,2025-03-08T02:32:00
5389,79,156,1,3533.58,2025-01-13T17:05:00
5390,230,24,2,2591.39,2025-08-05T02:27:00
5391,282,241,4,3209.44,2025-04-09T05:48:00
5392,33,145,4,4310.09,2025-01-06T06:42:00
5393,66,11,3,942.6,2025-06-09T21:31:00
5394,131,110,2,1537.4,2025-03-08T03:02:00
5395,211,185,1,4354.59,2025-01-11T09:53:00
5396,203,1,1,64.87,2025-05-30T03:12:00
5397,63,121,3,1835.1,2025-08-22T18:19:00
5398,69,25,4,3800.4,2025-03-17T21:43:00
5399,66,119,3,2119.2,2025-08-26T04:42:00
5400,44,251,4,3975.58,2025-02-09T22:33:00
5401,287,299,4,3578.0,2025-08-21T15:27:00
5402,244,225,3,4324.52,2025-04-22T16:30:00
5403,238,40,2,3950.22,2025-10-02T02:34:00
5404,294,115,4,3217.9,2025-03-24T01:17:00
5405,260,244,2,198.98,2025-07-04T03:37:00
5406,130,164,3,3697.62,2025-07-29T16:51:00
5407,44,234,2,1406.34,2025-10-03T17:57:00
5408,16,256,4,3895.4,2025-01-21T07:40:00
5409,55,179,4,4025.26,2025-09-19T10:39:00
5410,99,292,1,3837.32,2025-10-04T20:20:00
5411,123,201,2,169.68,2025-05-23T09:38:00
5412,98,121,2,2243.05,2025-10-16T10:16:00
5413,16,211,2,2585.23,2025-08-04T14:00:00
5414,72,28,4,4817.85,2025-02-08T11:12:00
5415,235,287,3,933.63,2025-06-27T11:43:00
5416,179,173,2,3370.48,2025-05-17T09:59:00
5417,19,231,4,2282.88,2025-09-15T16:34:00
5418,85,70,1,3812.62,2025-01-17T23:02:00
5419,234,72,1,4628.21,2025-01-12T19:19:00
5420,254,35,1,3912.54,2025-06-01T12:06:00
5421,228,188,4,2689.39,2025-01-08T08:06:00
5422,12,160,4,2047.23,2025-02-11T16:26:00
5423,132,140,2,4799.85,2025-03-06T09:19:00
5424,255,31,3,2816.94,2025-08-01T15:05:00
5425,59,9,1,2512.89,2025-08-27T00:14:00
5426,125,81,3,2318.9,2025-01-25T22:18:00
5427,151,115,1,2320.59,2025-03-10T09:53:00
5428,193,217,4,3288.06,2025-05-12T19:51:00
5429,31,110,1,1307.61,2025-04-27T16:06:00
5430,238,227,2,1309.3,2025-10-21T05:18:00
5431,240,12,3,4276.09,2025-03-04T03:59:00
5432,99,31,1,2560.73,2025-05-28T07:08:00
5433,127,43,3,4612.02,2025-07-14T11:06:00
5434,262,64,2,2321.26,2025-02-11T15:03:00
5435,12,126,3,1213.95,2025-08-24T08:12:00
5436,80,182,4,4031.3,2025-08-29T09:01:00
5437,170,108,4,694.67,2025-02-16T20:42:00
5438,80,106,1,369.83,2025-06-22T08:06:00
5439,35,59,1,3202.19,2025-01-15T12:00:00
5440,251,53,2,3686.34,2025-10-26T06:03:00
5441,17,185,2,886.8,2025-06-08T08:10:00
5442,218,225,2,3742.57,2025-07-07T06:35:00
5443,136,70,3,3875.9,2025-03-03T03:53:00
5444,210,56,3,3342.04,2025-10-20T22:39:00
5445,160,139,2,2068.37,2025-02-13T17:17:00
5446,169,162,2,2195.75,2025-06-12T17:09:00
5447,206,272,2,3600.58,2025-07-08T01:34:00
5448,55,139,3,4837.6,2025-04-04T06:08:00
5449,100,178,3,2967.84,2025-06-28T16:03:00
5450,106,171,2,2542.38,2025-01-16T10:01:00
5451,254,162,1,4364.93,2025-09-18T02:37:00
5452,231,109,3,1299.94,2025-05-31T04:22:00
5453,93,144,4,2464.24,2025-09-05T08:18:00
5454,141,290,4,1326.39,2025-10-28T07:02:00
5455,157,219,3,4034.63,2025-01-25T13:00:00
5456,198,291,2,1953.92,2025-10-07T13:08:00
5457,235,187,3,4012.62,2025-09-12T14:37:00
5458,117,288,3,4516.55,2025-05-29T20:51:00
5459,195,11,1,702.87,2025-01-12T08:01:00
5460,240,81,3,1270.14,2025-07-01T23:12:00
5461,223,23,1,3779.55,2025-01-31T18:53:00
5462,114,73,3,2346.33,2025-08-14T18:09:00
5463,204,70,3,3343.8,2025-02-23T22:30:00
5464,152,104,1,3429.76,2025-01-30T06:08:00
5465,191,31,2,3748.85,2025-10-27T09:15:00
5466,261,272,3,4738.94,2025-03-21T14:35:00
5467,294,184,2,3429.97,2025-05-05T13:05:00
5468,256,136,4,3630.91,2025-06-22T09:38:00
5469,182,234,1,870.64,2025-04-09T23:06:00
5470,253,148,2,2200.05,2025-02-24T16:14:00
5471,68,75,3,4511.66,2025-03-24T06:38:00
5472,107,202,2,2381.61,2025-02-22T14:26:00
5473,139,16,3,4892.58,2025-05-23T23:59:00
5474,200,173,3,501.0,2025-03-25T17:24:00
5475,119,259,1,4785.22,2025-01-09T11:00:00
5476,70,68,2,194.12,2025-05-30T21:40:00
5477,174,183,2,3966.74,2025-09-27T22:08:00
5478,227,216,4,2410.19,2025-05-20T05:13:00
5479,108,163,3,1089.03,2025-04-28T20:56:00
5480,234,100,2,3578.68,2025-09-24T06:38:00
5481,215,297,2,403.66,2025-06-26T03:02:00
5482,7,71,4,12.07,2025-08-14T05:04:00
5483,132,100,3,4769.03,2025-09-25T12:56:00
5484,292,196,3,1086.8,2025-09-12T02:23:00
5485,183,244,2,561.44,2025-01-14T11:11:00
5486,3,287,2,332.14,2025-08-21T07:01:00
5487,291,186,1,2384.17,2025-04-18T07:29:00
5488,231,117,1,4912.12,2025-09-01T06:56:00
5489,141,44,3,2588.39,2025-01-27T05:43:00
5490,233,192,1,2629.8,2025-07-30T17:45:00
5491,10,1,1,2362.98,2025-03-30T00:35:00
5492,245,44,2,4719.12,2025-03-04T16:37:00
5493,143,178,2,1230.33,2025-06-15T18:26:00
5494,20,68,2,1052.48,2025-06-17T19:58:00
5495,265,238,3,579.36,2025-07-04T14:50:00
5496,16,102,2,987.08,2025-10-10T16:34:00
5497,30,223,1,4430.52,2025-05-25T02:29:00
5498,173,7,2,4773.94,2025-05-24T03:14:00
5499,13,25,4,2568.62,2025-10-07T13:31:00
5500,179,265,4,1626.09,2025-10-05T10:00:00
5501,174,295,1,1521.79,2025-01-23T09:39:00
5502,225,91,2,1957.18,2025-05-30T21:25:00
5503,66,229,2,2511.02,2025-06-23T03:34:00
5504,64,148,2,201.6,2025-04-26T20:35:00
5505,139,166,1,3411.49,2025-05-13T12:09:00
5506,55,250,4,1307.65,2025-04-10T09:38:00
5507,104,294,3,537.56,2025-07-13T14:16:00
5508,18,227,4,2820.38,2025-07-04T17:20:00
5509,229,139,1,4788.89,2025-02-14T01:25:00
5510,224,235,2,4891.79,2025-05-29T02:32:00
5511,230,121,4,2692.19,2025-06-12T06:29:00
5512,243,27,1,4835.24,2025-05-23T18:13:00
5513,57,221,3,1785.09,2025-09-25T04:59:00
5514,133,127,4,2735.18,2025-05-19T14:00:00
5515,150,21,4,3143.19,2025-04-13T12:22:00
5516,35,261,4,1869.48,2025-10-24T05:27:00
5517,72,26,2,3342.81,2025-03-23T15:13:00
5518,176,255,1,709.21,2025-07-19T15:11:00
5519,38,80,2,29.27,2025-10-10T10:29:00
5520,260,295,3,3939.42,2025-02-28T11:14:00
5521,73,157,2,1705.39,2025-07-18T12:01:00
5522,4,298,1,4377.93,2025-06-20T15:51:00
5523,276,109,4,3268.55,2025-01-24T22:13:00
5524,16,104,3,370.51,2025-05-06T20:25:00
5525,174,97,2,2943.59,2025-06-15T13:46:00
5526,275,137,4,4329.39,2025-08-14T00:47:00
5527,256,23,4,224.66,2025-09-13T08:24:00
5528,51,143,2,1241.37,2025-08-16T01:03:00
5529,143,41,4,4959.21,2025-05-26T06:24:00
5530,287,225,1,3303.29,2025-07-15T07:32:00
5531,235,224,2,4375.56,2025-07-03T15:45:00
5532,251,155,1,3696.57,2025-05-11T11:53:00
5533,257,224,4,614.09,2025-03-18T09:48:00
5534,277,256,3,340.01,2025-03-29T15:32:00
5535,186,120,1,1257.21,2025-09-15T16:30:00
5536,89,215,2,3545.47,2025-10-20T05:05:00
5537,83,70,2,3570.22,2025-10-23T18:53:00
5538,269,82,1,1573.65,2025-01-13T00:29:00
5539,63,109,2,3310.78,2025-01-04T09:45:00
5540,140,262,3,4615.36,2025-06-29T13:29:00
5541,248,37,3,4151.09,2025-05-17T03:46:00
5542,238,195,4,40.3,2025-06-11T13:35:00
5543,119,296,1,4460.26,2025-07-25T21:52:00
5544,159,190,4,3266.28,2025-09-09T21:28:00
5545,205,191,4,3599.29,2025-07-17T12:55:00
5546,129,247,4,239.11,2025-06-30T04:00:00
5547,257,176,2,2932.65,2025-06-09T10:56:00
5548,165,95,1,2457.6,2025-02-01T09:36:00
5549,276,266,4,2648.45,2025-10-13T16:31:00
5550,74,240,3,1498.94,2025-05-22T04:10:00
5551,3,221,1,3436.26,2025-10-11T11:44:00
5552,21,213,2,2976.58,2025-10-02T14:50:00
5553,119,270,4,3926.68,2025-05-22T01:03:00
5554,195,246,2,1529.92,2025-08-10T06:37:00
5555,20,126,2,4001.5,2025-02-14T08:15:00
5556,29,100,1,2722.21,2025-04-08T18:52:00
5557,123,124,1,4484.7,2025-02-25T03:51:00
5558,261,135,1,2005.42,2025-05-09T16:34:00
5559,166,176,4,1602.31,2025-03-10T22:18:00
5560,183,79,4,526.19,2025-02-08T08:12:00
5561,211,235,3,1735.48,2025-09-25T06:20:00
5562,38,232,2,3252.58,2025-08-22T22:59:00
5563,46,124,3,1748.74,2025-07-23T13:58:00
5564,222,127,2,4040.39,2025-10-05T22:51:00
5565,295,182,4,3323.15,2025-02-04T14:41:00
5566,274,73,3,4723.03,2025-07-18T01:44:00
5567,63,299,1,3875.69,2025-08-10T04:16:00
5568,218,157,4,2107.42,2025-03-28T18:12:00
5569,202,275,3,691.25,2025-09-26T11:53:00
5570,60,249,4,960.24,2025-09-04T18:46:00
5571,25,47,1,659.93,2025-09-11T02:38:00
5572,30,161,2,4184.24,2025-04-07T17:42:00
5573,233,82,1,4575.96,2025-03-05T11:40:00
5574,39,293,1,3171.39,2025-06-30T23:50:00
5575,196,88,3,4078.47,2025-05-19T13:44:00
5576,94,78,1,473.78,2025-06-22T13:26:00
5577,112,121,2,4927.13,2025-06-30T01:33:00
5578,80,148,2,3660.31,2025-07-16T04:20:00
5579,124,276,1,4772.28,2025-01-08T07:03:00
5580,254,161,3,4722.28,2025-09-27T09:04:00
5581,141,82,1,710.01,2025-05-25T16:19:00
5582,98,178,1,2441.86,2025-07-08T00:48:00
5583,109,127,2,2579.88,2025-10-27T20:56:00
5584,290,239,1,702.87,2025-05-19T00:19:00
5585,104,45,1,4536.96,2025-01-07T14:30:00
5586,50,286,2,1181.87,2025-06-18T22:44:00
5587,124,67,4,2376.2,2025-04-23T15:27:00
5588,182,176,3,2206.98,2025-02-03T14:08:00
5589,228,183,4,4735.33,2025-06-22T10:19:00
5590,286,55,3,2343.42,2025-02-19T05:58:00
5591,200,209,4,533.24,2025-05-07T18:13:00
5592,296,66,3,900.26,2025-01-27T04:04:00
5593,178,31,1,1042.43,2025-05-11T07:40:00
5594,128,292,1,2186.14,2025-08-30T19:54:00
5595,277,170,2,4458.73,2025-08-17T15:12:00
5596,111,290,1,4157.58,2025-01-23T07:28:00
5597,58,57,2,4932.05,2025-06-27T19:15:00
5598,291,186,3,2312.49,2025-02-14T09:51:00
5599,93,44,1,2110.0,2025-04-06T05:02:00
5600,201,167,1,234.06,2025-05-22T08:12:00
5601,202,129,2,1964.52,2025-05-29T08:13:00
5602,83,289,4,2943.26,2025-05-10T04:10:00
5603,4,29,4,3148.11,2025-03-26T14:25:00
5604,257,123,3,790.27,2025-09-18T01:54:00
5605,260,229,3,3344.93,2025-02-24T01:38:00
5606,112,97,3,1094.15,2025-01-08T01:37:00
5607,23,31,4,1062.47,2025-03-13T10:32:00
5608,218,244,4,4424.12,2025-05-26T12:23:00
5609,283,212,1,2399.77,2025-10-11T21:19:00
5610,237,15,2,1450.03,2025-08-04T20:13:00
5611,113,95,3,4101.13,2025-07-01T20:50:00
5612,212,271,3,4691.68,2025-02-03T10:18:00
5613,211,103,3,609.83,2025-06-10T15:13:00
5614,161,35,3,545.59,2025-09-13T12:36:00
5615,198,184,3,4566.03,2025-07-29T10:50:00
5616,211,7,1,3929.28,2025-04-28T22:14:00
5617,230,162,2,915.78,2025-07-22T23:17:00
5618,265,132,2,445.94,2025-10-16T05:11:00
5619,66,167,1,3663.1,2025-06-23T11:30:00
5620,189,102,4,3207.66,2025-04-28T15:25:00
5621,212,24,3,355.08,2025-03-15T13:19:00
5622,110,30,2,3096.04,2025-08-30T01:34:00
5623,40,113,4,780.5,2025-10-14T04:07:00
5624,9,103,3,3193.68,2025-03-18T09:57:00
5625,98,79,2,3038.74,2025-07-09T01:05:00
5626,157,291,4,4489.36,2025-10-13T08:01:00
5627,236,222,3,994.69,2025-01-28T17:29:00
5628,276,109,3,3758.86,2025-07-26T14:43:00
5629,13,26,4,2531.37,2025-06-09T09:25:00
5630,221,201,4,3039.79,2025-10-15T07:27:00
5631,3,290,3,1055.76,2025-07-29T16:10:00
5632,183,9,3,1680.27,2025-04-03T10:50:00
5633,219,85,4,3964.82,2025-07-13T12:36:00
5634,75,108,2,1640.34,2025-03-23T15:15:00
5635,156,212,2,2370.52,2025-01-29T23:43:00
5636,139,240,2,966.22,2025-05-04T08:40:00
5637,129,221,4,1991.8,2025-01-24T11:06:00
5638,153,198,1,2736.5,2025-07-13T16:25:00
5639,87,258,4,3789.97,2025-09-24T22:33:00
5640,242,87,3,4859.46,2025-05-11T00:48:00
5641,126,185,1,2603.11,2025-08-07T19:45:00
5642,166,214,1,1151.59,2025-06-03T08:03:00
5643,288,277,2,3478.54,2025-05-01T03:34:00
5644,127,279,1,610.92,2025-10-24T23:12:00
5645,138,241,4,2930.16,2025-03-11T20:53:00
5646,105,253,4,3014.33,2025-05-07T20:39:00
5647,283,2,1,3880.6,2025-03-22T05:59:00
5648,15,40,4,1079.23,2025-09-14T11:11:00
5649,16,4,2,1206.1,2025-02-20T11:09:00
5650,111,38,2,1215.62,2025-07-22T20:48:00
5651,112,35,3,3841.28,2025-10-11T05:05:00
5652,86,249,1,922.04,2025-03-04T17:38:00
5653,219,248,2,179.65,2025-02-27T05:39:00
5654,179,10,2,492.93,2025-08-22T15:40:00
5655,164,205,1,43.97,2025-01-03T22:06:00
5656,298,41,4,1884.21,2025-06-25T06:52:00
5657,90,151,3,2650.35,2025-05-12T06:50:00
5658,262,247,1,1866.73,2025-02-07T10:18:00
5659,253,156,4,3095.94,2025-02-28T14:40:00
5660,30,283,4,58.92,2025-09-05T04:34:00
5661,96,17,3,270.88,2025-05-02T21:46:00
5662,267,5,2,1418.75,2025-10-18T20:07:00
5663,92,105,2,570.71,2025-01-07T00:23:00
5664,110,92,3,3490.98,2025-10-07T07:08:00
5665,180,96,4,1924.98,2025-07-04T04:41:00
5666,22,84,1,1105.11,2025-02-20T13:29:00
5667,289,178,3,832.29,2025-04-21T05:56:00
5668,198,253,1,512.06,2025-02-12T12:28:00
5669,259,57,1,4017.01,2025-08-28T23:34:00
5670,211,70,1,901.69,2025-02-19T10:12:00
5671,260,204,3,3771.29,2025-08-10T14:14:00
5672,9,88,2,208.78,2025-10-21T09:05:00
5673,248,174,2,3205.38,2025-01-12T09:43:00
5674,7,185,2,392.63,2025-09-25T08:49:00
5675,39,32,3,142.21,2025-06-15T10:00:00
5676,271,133,3,823.26,2025-05-30T13:59:00
5677,251,229,1,1167.26,2025-09-12T16:16:00
5678,224,232,4,252.31,2025-01-04T17:41:00
5679,117,13,4,1966.55,2025-05-31T01:21:00
5680,262,119,3,1641.73,2025-01-04T02:31:00
5681,84,227,2,2275.54,2025-08-15T07:59:00
5682,71,281,2,2825.72,2025-03-02T22:35:00
5683,121,67,1,1808.23,2025-02-16T05:04:00
5684,99,131,1,2138.75,2025-04-11T12:34:00
5685,16,38,1,1822.56,2025-04-02T09:02:00
5686,206,162,1,335.39,2025-08-29T20:45:00
5687,140,244,1,3596.48,2025-08-24T01:42:00
5688,202,140,3,4696.11,2025-08-14T18:27:00
5689,262,285,4,4760.88,2025-02-15T05:57:00
5690,131,29,4,3692.69,2025-01-13T09:40:00
5691,153,279,1,4700.47,2025-10-05T21:33:00
5692,62,296,1,4570.0,2025-02-21T08:52:00
5693,172,209,4,3979.66,2025-07-25T14:28:00
5694,214,37,3,650.59,2025-10-17T12:47:00
5695,15,50,4,199.86,2025-03-20T03:28:00
5696,217,157,3,380.13,2025-09-05T14:48:00
5697,21,67,2,3329.08,2025-10-12T00:16:00
5698,180,118,3,2263.32,2025-03-25T14:29:00
5699,70,166,2,3644.0,2025-01-31T19:58:00
5700,181,94,3,2623.05,2025-10-12T15:50:00
5701,121,185,4,877.38,2025-08-23T05:39:00
5702,98,111,3,3504.43,2025-01-09T05:44:00
5703,131,16,2,2878.75,2025-07-25T21:27:00
5704,101,271,3,3830.12,2025-05-27T17:18:00
5705,137,70,4,1246.07,2025-10-13T07:20:00
5706,202,178,2,3552.01,2025-02-09T17:46:00
5707,284,214,4,2029.28,2025-03-21T15:15:00
5708,171,116,2,4285.15,2025-01-02T12:40:00
5709,81,29,1,2058.0,2025-04-10T07:17:00
5710,31,60,3,3457.33,2025-03-10T02:23:00
5711,204,101,3,4411.78,2025-06-25T05:55:00
5712,213,109,4,860.78,2025-09-28T17:26:00
5713,94,112,2,1825.36,2025-01-17T09:17:00
5714,137,187,3,3997.07,2025-03-02T23:58:00
5715,157,105,3,4356.96,2025-03-17T02:04:00
5716,54,240,3,1329.36,2025-10-22T08:18:00
5717,291,171,4,3209.52,2025-03-27T02:40:00
5718,284,273,3,902.26,2025-06-03T12:15:00
5719,259,57,3,377.6,2025-02-26T03:58:00
5720,209,140,4,3210.2,2025-03-30T08:42:00
5721,199,148,2,2935.25,2025-09-14T14:11:00
5722,130,226,2,1619.43,2025-09-28T15:23:00
5723,292,61,3,1203.13,2025-01-02T01:29:00
5724,162,62,3,1846.08,2025-02-08T16:14:00
5725,143,246,2,4587.42,2025-05-01T01:21:00
5726,239,286,2,1304.08,2025-04-11T02:01:00
5727,258,47,2,1258.72,2025-06-03T07:47:00
5728,245,274,4,4699.15,2025-06-07T06:47:00
5729,25,37,3,3161.36,2025-01-07T13:26:00
5730,200,59,1,1891.21,2025-07-31T07:47:00
5731,229,159,1,4405.36,2025-03-17T02:33:00
5732,252,19,4,1694.14,2025-08-06T02:54:00
5733,137,225,1,1753.23,2025-01-05T03:06:00
5734,85,164,1,698.27,2025-04-08T02:26:00
5735,23,1,3,3808.89,2025-04-06T15:10:00
5736,286,278,4,3947.07,2025-09-19T07:40:00
5737,69,58,2,305.09,2025-07-20T02:16:00
5738,281,152,2,1862.77,2025-08-25T19:25:00
5739,195,232,3,823.81,2025-02-01T20:04:00
5740,147,44,3,4191.55,2025-03-11T08:25:00
5741,8,244,2,4211.73,2025-03-28T07:45:00
5742,274,217,1,3593.42,2025-07-01T18:23:00
5743,87,266,3,3700.64,2025-05-20T14:20:00
5744,241,224,2,4477.48,2025-09-08T22:48:00
5745,258,88,2,148.43,2025-06-10T15:30:00
5746,295,241,2,1952.81,2025-08-11T00:30:00
5747,160,52,1,1848.01,2025-04-22T19:17:00
5748,275,53,3,27.19,2025-05-24T07:36:00
5749,29,122,3,4865.56,2025-08-11T23:01:00
5750,69,272,3,3838.66,2025-07-29T19:40:00
5751,197,218,1,4273.7,2025-08-03T06:22:00
5752,158,240,4,90.37,2025-09-06T10:54:00
5753,42,88,1,289.42,2025-09-14T09:08:00
5754,200,85,2,1901.55,2025-05-27T03:33:00
5755,12,67,3,1729.44,2025-05-31T01:32:00
5756,179,120,3,2029.37,2025-05-04T10:10:00
5757,142,126,4,3865.55,2025-06-19T01:52:00
5758,229,214,3,3868.34,2025-06-15T14:57:00
5759,115,249,3,2802.85,2025-06-30T23:58:00
5760,80,170,1,856.46,2025-06-19T23:35:00
5761,149,215,4,3966.58,2025-01-27T02:42:00
5762,252,167,2,4261.24,2025-09-03T18:48:00
5763,90,141,4,1642.14,2025-03-24T06:50:00
5764,204,255,3,3394.82,2025-10-27T18:39:00
5765,28,73,1,4100.56,2025-09-22T10:17:00
5766,20,225,1,298.96,2025-05-15T02:21:00
5767,293,43,2,1417.93,2025-08-01T18:47:00
5768,164,241,3,1110.77,2025-10-06T10:04:00
5769,104,247,4,3528.64,2025-06-20T05:39:00
5770,146,214,1,1564.9,2025-08-11T23:10:00
5771,12,139,1,2558.05,2025-03-14T00:25:00
5772,126,105,3,4426.29,2025-02-09T02:33:00
5773,256,270,4,948.33,2025-03-15T16:11:00
5774,196,179,2,3296.76,2025-09-17T01:18:00
5775,53,34,4,429.72,2025-07-16T01:15:00
5776,104,119,1,2525.49,2025-07-11T09:18:00
5777,45,271,3,1252.76,2025-08-09T01:42:00
5778,93,9,2,440.37,2025-08-30T17:34:00
5779,25,82,1,161.92,2025-05-04T13:31:00
5780,212,256,4,3916.7,2025-08-21T07:54:00
5781,214,176,4,1890.49,2025-07-02T11:19:00
5782,170,30,2,1254.72,2025-09-16T03:39:00
5783,170,129,2,1794.35,2025-02-26T03:57:00
5784,26,72,4,3123.19,2025-10-21T10:23:00
5785,106,121,1,2689.09,2025-03-11T06:44:00
5786,128,97,1,1032.85,2025-02-05T09:41:00
5787,267,162,3,3734.83,2025-01-15T14:01:00
5788,74,193,3,91.73,2025-03-12T13:00:00
5789,198,226,3,3587.92,2025-06-13T20:07:00
5790,153,157,4,2187.71,2025-02-24T13:18:00
5791,288,126,3,3306.21,2025-08-21T22:56:00
5792,297,233,2,277.39,2025-10-26T09:03:00
5793,224,291,3,4126.14,2025-03-28T11:10:00
5794,18,81,2,3703.93,2025-07-04T16:39:00
5795,106,233,4,3843.21,2025-03-24T11:34:00
5796,93,275,3,2655.96,2025-10-14T19:57:00
5797,44,154,3,4758.73,2025-07-16T21:46:00
5798,171,299,1,3746.95,2025-10-26T08:20:00
5799,202,151,3,2165.63,2025-06-14T04:15:00
5800,300,4,1,1292.85,2025-07-09T05:19:00
5801,80,270,4,2480.1,2025-07-07T10:16:00
5802,253,5,1,2513.02,2025-08-29T15:38:00
5803,178,24,1,4466.99,2025-06-04T12:28:00
5804,23,117,4,2453.01,2025-06-25T01:47:00
5805,66,258,1,291.19,2025-06-08T21:04:00
5806,237,248,1,4144.13,2025-09-11T07:17:00
5807,217,22,2,533.7,2025-02-20T07:42:00
5808,153,7,4,2939.09,2025-03-07T21:47:00
5809,45,198,3,1753.5,2025-06-15T05:31:00
5810,177,148,2,3589.2,2025-04-14T04:48:00
5811,288,205,4,3437.89,2025-09-15T10:58:00
5812,47,182,1,2117.41,2025-07-20T16:59:00
5813,261,36,3,1796.08,2025-08-28T03:44:00
5814,167,187,4,3388.33,2025-02-11T13:26:00
5815,287,299,3,4901.87,2025-10-17T07:26:00
5816,123,199,3,2039.62,2025-01-08T10:36:00
5817,190,161,1,3479.53,2025-03-01T02:14:00
5818,107,172,4,4920.86,2025-04-06T04:16:00
5819,191,39,2,1869.1,2025-07-26T02:37:00
5820,66,42,2,3207.99,2025-08-08T18:28:00
5821,160,286,4,2900.77,2025-10-11T09:33:00
5822,247,293,4,3698.93,2025-02-13T18:27:00
5823,115,30,3,814.37,2025-01-27T08:45:00
5824,105,200,2,906.25,2025-06-27T18:46:00
5825,41,217,3,670.07,2025-01-03T03:08:00
5826,248,145,4,2934.12,2025-01-06T03:31:00
5827,200,105,1,3766.96,2025-02-16T18:52:00
5828,258,218,2,2336.12,2025-01-09T16:23:00
5829,178,116,4,27.13,2025-03-18T05:12:00
5830,7,212,2,1744.75,2025-08-29T06:41:00
5831,181,252,4,1871.7,2025-05-29T05:49:00
5832,267,159,1,14.33,2025-06-02T00:53:00
5833,19,112,2,2346.52,2025-01-10T06:48:00
5834,66,158,2,3548.69,2025-06-05T22:24:00
5835,106,167,2,3419.14,2025-04-28T10:53:00
5836,212,42,1,2786.16,2025-03-19T00:15:00
5837,277,2,4,4285.45,2025-10-26T10:32:00
5838,212,72,1,2813.1,2025-04-13T20:42:00
5839,33,53,1,3281.03,2025-03-25T16:48:00
5840,41,239,4,3976.87,2025-01-16T06:40:00
5841,201,218,4,1969.25,2025-07-20T20:46:00
5842,156,246,2,2538.06,2025-05-07T05:26:00
5843,168,298,3,1684.76,2025-04-09T06:43:00
5844,252,26,2,3340.88,2025-05-23T00:53:00
5845,116,252,3,1097.44,2025-04-12T21:47:00
5846,56,103,2,3553.92,2025-06-25T04:54:00
5847,230,169,4,2260.88,2025-02-20T18:40:00
5848,176,25,2,277.3,2025-07-26T16:29:00
5849,285,32,4,3949.48,2025-03-06T22:54:00
5850,204,169,2,1423.77,2025-05-30T17:38:00
5851,37,257,3,804.07,2025-09-16T07:32:00
5852,258,87,1,4535.14,2025-02-07T10:07:00
5853,142,240,4,2485.78,2025-05-18T18:05:00
5854,126,205,1,2044.01,2025-06-30T14:26:00
5855,178,71,2,4794.24,2025-07-18T03:53:00
5856,291,168,3,3543.63,2025-10-16T21:52:00
5857,13,68,3,2811.69,2025-05-15T18:49:00
5858,152,98,3,3703.07,2025-06-13T14:30:00
5859,210,203,1,3610.54,2025-05-02T17:34:00
5860,224,176,3,87.2,2025-01-18T22:57:00
5861,299,47,3,2973.72,2025-07-24T23:28:00
5862,264,97,2,4730.72,2025-10-16T22:41:00
5863,187,97,4,4036.3,2025-03-01T18:49:00
5864,146,45,2,3187.4,2025-01-16T13:24:00
5865,55,288,3,3358.42,2025-07-29T01:45:00
5866,272,253,1,4976.25,2025-08-13T04:00:00
5867,72,15,2,4632.45,2025-04-20T17:35:00
5868,52,35,2,61.98,2025-10-23T19:27:00
5869,203,245,4,4892.62,2025-08-15T05:01:00
5870,103,228,2,1479.71,2025-05-09T16:14:00
5871,193,186,4,2417.65,2025-08-24T20:06:00
5872,297,2,3,2031.13,2025-06-16T15:51:00
5873,147,100,4,2448.15,2025-01-18T10:16:00
5874,201,231,2,3007.18,2025-02-08T12:16:00
5875,3,175,3,4938.73,2025-10-09T20:34:00
5876,254,124,1,3776.49,2025-09-22T16:27:00
5877,274,64,1,4249.93,2025-06-19T06:06:00
5878,70,91,4,4196.41,2025-08-03T04:20:00
5879,140,254,1,3433.67,2025-10-16T10:33:00
5880,27,157,1,4247.83,2025-05-31T12:07:00
5881,162,240,1,209.22,2025-02-06T18:42:00
5882,29,18,4,1052.13,2025-09-17T10:16:00
5883,201,226,2,3155.87,2025-09-12T09:15:00
5884,206,294,2,4102.3,2025-01-17T17:38:00
5885,142,54,2,541.03,2025-09-29T10:36:00
5886,194,255,1,2620.76,2025-03-15T03:12:00
5887,7,180,3,633.63,2025-10-05T20:16:00
5888,90,184,1,522.31,2025-10-26T20:02:00
5889,101,181,3,4299.8,2025-01-08T18:18:00
5890,86,296,3,319.95,2025-04-03T10:36:00
5891,230,19,2,3802.86,2025-03-13T07:35:00
5892,278,230,4,4936.35,2025-07-19T13:02:00
5893,199,85,3,4481.88,2025-02-06T06:49:00
5894,159,9,2,2823.05,2025-08-29T17:13:00
5895,274,237,3,1454.53,2025-04-10T00:33:00
5896,52,262,2,2040.3,2025-03-24T22:48:00
5897,292,105,4,3529.69,2025-04-03T12:48:00
5898,196,125,2,4387.9,2025-08-30T03:22:00
5899,159,287,1,2756.9,2025-03-02T07:14:00
5900,54,40,4,2549.23,2025-01-29T10:28:00
5901,230,208,4,2469.0,2025-03-11T22:50:00
5902,287,283,2,3817.38,2025-04-27T01:58:00
5903,80,272,4,1601.35,2025-08-13T08:02:00
5904,184,258,2,1194.94,2025-01-07T06:26:00
5905,7,194,4,2446.57,2025-09-04T03:38:00
5906,87,137,4,3313.64,2025-03-31T12:20:00
5907,175,239,1,950.77,2025-07-27T09:36:00
5908,213,245,3,3491.58,2025-02-18T22:47:00
5909,159,162,2,2265.77,2025-04-01T11:28:00
5910,154,153,2,4915.58,2025-06-15T04:46:00
5911,215,294,1,3537.44,2025-09-24T11:06:00
5912,53,58,3,3680.39,2025-09-01T07:50:00
5913,119,279,3,377.47,2025-08-24T13:18:00
5914,216,254,1,3246.8,2025-01-31T21:26:00
5915,273,5,2,2522.5,2025-04-18T02:55:00
5916,299,115,3,2172.42,2025-01-31T05:48:00
5917,249,164,4,262.85,2025-06-03T23:47:00
5918,177,193,2,3442.31,2025-04-16T17:36:00
5919,78,126,3,3120.22,2025-07-04T04:17:00
5920,165,232,1,1698.31,2025-06-12T10:46:00
5921,241,272,2,2015.13,2025-10-02T17:00:00
5922,104,86,3,4976.87,2025-03-16T14:05:00
5923,194,57,4,3865.63,2025-09-19T20:24:00
5924,297,237,3,2409.6,2025-04-03T06:40:00
5925,241,13,2,3424.23,2025-06-26T20:17:00
5926,241,287,4,3761.74,2025-04-05T13:33:00
5927,50,293,2,4590.44,2025-03-21T05:46:00
5928,293,144,1,3860.61,2025-03-31T22:14:00
5929,72,262,1,4335.87,2025-07-20T05:22:00
5930,124,297,3,4338.37,2025-02-18T16:23:00
5931,141,175,3,1394.63,2025-10-04T19:10:00
5932,163,276,2,432.26,2025-01-02T01:56:00
5933,119,178,4,1127.17,2025-04-14T05:32:00
5934,78,221,4,957.97,2025-06-05T19:00:00
5935,158,229,4,1804.65,2025-02-21T13:53:00
5936,258,300,4,3272.95,2025-02-17T06:09:00
5937,188,31,4,867.23,2025-10-04T13:58:00
5938,275,161,4,1464.4,2025-04-18T09:28:00
5939,198,26,2,1058.45,2025-10-23T05:54:00
5940,186,279,4,889.58,2025-05-29T12:29:00
5941,110,202,2,394.78,2025-04-14T07:01:00
5942,284,151,4,214.19,2025-08-29T05:47:00
5943,202,78,1,1181.9,2025-04-17T22:56:00
5944,208,160,1,2580.26,2025-05-26T21:31:00
5945,145,293,1,3160.28,2025-08-10T07:16:00
5946,114,18,2,4714.21,2025-02-01T22:44:00
5947,51,199,4,1178.17,2025-07-12T13:11:00
5948,74,269,3,1817.35,2025-06-12T09:04:00
5949,149,2,3,2271.31,2025-07-13T04:10:00
5950,295,181,1,3820.22,2025-02-23T20:00:00
5951,262,160,4,403.6,2025-07-15T23:49:00
5952,213,23,1,917.37,2025-07-19T00:18:00
5953,215,10,1,2213.78,2025-06-21T06:32:00
5954,55,195,2,4508.12,2025-05-23T02:01:00
5955,214,200,4,2730.72,2025-05-28T10:30:00
5956,114,76,1,2155.71,2025-01-29T05:58:00
5957,141,79,2,3872.06,2025-10-20T06:22:00
5958,137,131,1,2307.27,2025-02-04T20:59:00
5959,8,238,2,3084.64,2025-07-11T00:10:00
5960,125,14,3,3195.28,2025-01-16T13:27:00
5961,228,49,3,2706.74,2025-04-30T07:42:00
5962,102,63,4,3820.98,2025-05-11T14:36:00
5963,163,183,3,3679.03,2025-02-03T05:36:00
5964,283,85,3,3769.95,2025-10-24T05:10:00
5965,3,93,1,1785.91,2025-04-03T01:32:00
5966,182,72,1,4224.49,2025-07-20T17:00:00
5967,62,81,4,3038.35,2025-03-27T10:02:00
5968,168,30,4,3684.67,2025-03-11T08:47:00
5969,33,119,3,1196.86,2025-05-07T22:48:00
5970,87,188,1,3710.64,2025-03-28T15:16:00
5971,204,78,2,2807.96,2025-09-16T09:18:00
5972,25,119,4,3213.58,2025-07-01T08:13:00
5973,300,137,2,4215.67,2025-10-15T11:47:00
5974,269,10,2,1127.7,2025-01-14T16:26:00
5975,131,50,3,2785.34,2025-05-06T04:37:00
5976,24,264,3,4061.63,2025-06-20T01:48:00
5977,140,262,4,3305.65,2025-06-21T18:01:00
5978,162,61,2,4556.97,2025-08-27T15:10:00
5979,54,31,1,2419.1,2025-05-28T08:30:00
5980,294,119,1,3460.62,2025-08-30T03:31:00
5981,129,6,1,1006.04,2025-05-12T11:25:00
5982,271,259,3,4577.21,2025-09-29T12:21:00
5983,250,107,4,1472.39,2025-05-23T19:24:00
5984,208,194,1,2215.2,2025-04-23T12:24:00
5985,30,150,4,1320.27,2025-03-17T00:35:00
5986,55,279,1,968.84,2025-09-22T19:13:00
5987,257,79,3,4201.77,2025-03-09T17:43:00
5988,300,145,1,1534.15,2025-10-25T07:49:00
5989,187,60,4,95.98,2025-07-22T19:49:00
5990,169,248,4,1870.47,2025-08-09T13:35:00
5991,149,287,1,1089.06,2025-02-20T13:12:00
5992,205,241,1,2302.37,2025-03-18T08:53:00
5993,284,35,2,1694.82,2025-09-07T12:56:00
5994,138,81,2,3780.55,2025-04-23T00:13:00
5995,184,124,3,682.57,2025-07-23T01:33:00
5996,276,178,2,908.3,2025-10-14T14:56:00
5997,122,149,1,469.5,2025-05-11T19:51:00
5998,251,156,4,4891.48,2025-05-20T23:31:00
5999,104,231,4,189.52,2025-01-21T18:26:00
6000,235,274,1,3017.76,2025-07-06T12:55:00
6001,173,295,4,4729.31,2025-04-30T19:24:00
6002,49,17,2,3867.71,2025-05-09T00:21:00
6003,241,106,4,2709.47,2025-10-25T03:59:00
6004,27,266,1,1470.22,2025-02-26T22:43:00
6005,255,161,4,3126.37,2025-05-23T06:02:00
6006,243,83,1,4489.72,2025-09-15T21:50:00
6007,260,234,4,4010.37,2025-08-06T18:37:00
6008,52,199,3,2533.97,2025-04-03T07:26:00
6009,127,158,1,597.98,2025-05-16T17:54:00
6010,170,226,4,2249.02,2025-02-26T04:24:00
6011,168,245,2,2748.34,2025-02-04T17:09:00
6012,61,86,4,3791.91,2025-10-01T16:23:00
6013,85,133,1,3124.48,2025-07-27T00:40:00
6014,272,150,1,3596.62,2025-06-28T21:35:00
6015,172,189,2,2328.67,2025-04-27T01:45:00
6016,143,110,4,4496.51,2025-04-15T03:33:00
6017,165,189,4,4854.86,2025-01-12T15:52:00
6018,64,223,3,1280.07,2025-02-18T08:47:00
6019,157,2,1,300.25,2025-05-20T01:50:00
6020,228,190,4,230.45,2025-05-03T03:03:00
6021,217,160,1,2225.44,2025-09-06T05:37:00
6022,211,269,2,886.44,2025-10-15T16:42:00
6023,170,157,2,2269.99,2025-04-16T23:17:00
6024,133,249,2,4481.17,2025-07-11T03:51:00
6025,246,100,4,2042.29,2025-06-14T08:28:00
6026,188,261,4,4182.39,2025-05-05T21:30:00
6027,35,31,3,941.63,2025-10-28T23:44:00
6028,74,182,1,3981.49,2025-09-11T14:07:00
6029,286,166,2,3575.0,2025-01-02T20:06:00
6030,244,149,2,3504.7,2025-05-12T01:59:00
6031,81,180,4,4770.69,2025-01-31T01:18:00
6032,62,103,1,2048.0,2025-07-23T15:29:00
6033,181,76,4,3883.17,2025-01-01T14:07:00
6034,80,230,4,517.42,2025-08-09T06:47:00
6035,167,5,4,4367.36,2025-06-01T05:44:00
6036,235,81,1,3439.33,2025-04-18T16:35:00
6037,52,250,4,2311.97,2025-03-11T05:54:00
6038,225,18,2,3692.52,2025-06-09T07:04:00
6039,203,119,1,1596.24,2025-06-08T13:17:00
6040,248,65,3,2095.62,2025-05-25T12:51:00
6041,240,263,2,4905.51,2025-01-23T21:13:00
6042,224,11,4,3470.05,2025-02-25T10:45:00
6043,180,17,2,1967.39,2025-02-03T07:16:00
6044,16,242,2,472.52,2025-03-11T04:50:00
6045,29,222,4,2198.07,2025-07-27T10:18:00
6046,3,167,2,3680.74,2025-04-02T08:10:00
6047,59,211,3,1110.17,2025-04-25T22:10:00
6048,257,223,1,2334.48,2025-01-07T11:35:00
6049,35,123,1,4768.09,2025-08-20T07:11:00
6050,60,115,4,3879.95,2025-08-16T17:48:00
6051,287,198,3,1787.71,2025-07-10T04:26:00
6052,57,162,1,155.71,2025-01-06T23:22:00
6053,188,255,1,1824.03,2025-03-22T19:23:00
6054,19,288,4,2660.36,2025-05-17T09:05:00
6055,65,98,3,4642.29,2025-10-28T18:53:00
6056,280,223,2,4664.22,2025-06-12T17:25:00
6057,78,205,2,1571.64,2025-01-13T01:24:00
6058,96,172,3,319.23,2025-02-14T15:51:00
6059,229,186,1,4330.67,2025-04-13T15:56:00
6060,267,129,3,1093.31,2025-03-30T14:51:00
6061,102,137,3,4037.14,2025-06-21T16:41:00
6062,11,34,4,2118.44,2025-03-23T03:12:00
6063,138,214,1,1986.57,2025-07-12T02:20:00
6064,77,221,3,1245.06,2025-03-14T04:54:00
6065,134,231,1,3708.6,2025-09-19T03:00:00
6066,55,139,1,843.28,2025-08-15T02:39:00
6067,286,275,3,222.58,2025-10-12T19:56:00
6068,129,127,4,3841.43,2025-06-04T17:42:00
6069,62,70,4,2579.06,2025-09-07T19:15:00
6070,5,8,1,1621.53,2025-10-05T18:38:00
6071,7,169,1,2734.8,2025-05-18T00:12:00
6072,111,145,1,1702.88,2025-01-18T17:53:00
6073,58,25,3,1886.39,2025-04-24T10:41:00
6074,266,222,1,3175.64,2025-02-24T07:04:00
6075,50,211,4,2844.14,2025-08-03T00:56:00
6076,71,39,2,4563.39,2025-05-29T13:28:00
6077,217,133,2,2531.07,2025-03-18T22:43:00
6078,178,290,2,1985.71,2025-03-23T01:29:00
6079,137,261,3,2926.02,2025-06-14T19:04:00
6080,89,200,1,4310.59,2025-03-18T00:15:00
6081,115,41,3,3726.71,2025-07-09T13:43:00
6082,182,254,1,3796.27,2025-07-20T11:31:00
6083,263,50,2,118.38,2025-10-22T19:22:00
6084,30,156,2,4635.95,2025-10-19T21:48:00
6085,203,149,1,1992.69,2025-06-30T01:33:00
6086,198,74,3,954.2,2025-03-08T04:54:00
6087,116,12,4,4980.9,2025-05-19T23:35:00
6088,251,198,3,474.66,2025-04-06T13:06:00
6089,112,292,3,4074.64,2025-07-05T15:16:00
6090,165,279,4,597.26,2025-01-07T22:20:00
6091,259,103,2,1564.9,2025-01-19T16:14:00
6092,189,139,3,4202.79,2025-08-31T16:33:00
6093,181,290,1,2949.61,2025-01-08T13:39:00
6094,197,191,4,3068.06,2025-04-02T11:42:00
6095,213,73,4,2180.78,2025-03-25T04:15:00
6096,213,276,2,419.12,2025-03-31T15:21:00
6097,119,131,1,2664.45,2025-06-26T10:40:00
6098,241,288,1,809.19,2025-03-10T16:01:00
6099,46,233,4,407.93,2025-01-14T13:08:00
6100,289,152,3,4338.4,2025-01-10T04:47:00
6101,198,293,3,1340.94,2025-04-25T11:42:00
6102,110,143,1,4969.93,2025-05-25T22:15:00
6103,38,16,2,935.46,2025-05-03T23:44:00
6104,64,271,4,4190.71,2025-08-07T14:54:00
6105,294,26,4,2113.03,2025-09-07T23:16:00
6106,241,247,2,3757.02,2025-02-19T02:42:00
6107,32,152,1,2758.76,2025-09-18T08:15:00
6108,240,286,2,1974.43,2025-02-13T20:34:00
6109,229,241,4,3930.31,2025-06-27T20:14:00
6110,97,145,2,670.59,2025-04-19T18:14:00
6111,67,69,3,645.1,2025-09-10T15:28:00
6112,93,234,4,1265.01,2025-08-17T21:21:00
6113,25,85,1,3293.55,2025-09-24T16:56:00
6114,177,96,1,503.54,2025-05-25T16:19:00
6115,222,18,2,3556.32,2025-04-08T16:14:00
6116,299,203,4,2712.39,2025-09-16T09:11:00
6117,9,147,4,1659.47,2025-10-28T17:15:00
6118,189,258,3,2238.13,2025-09-01T01:56:00
6119,197,296,2,3413.93,2025-04-01T16:21:00
6120,124,67,1,755.32,2025-06-12T09:26:00
6121,42,215,4,2962.3,2025-05-29T13:47:00
6122,228,232,1,2601.49,2025-10-19T16:50:00
6123,223,111,4,3732.73,2025-02-10T07:55:00
6124,294,167,3,3902.44,2025-06-17T18:08:00
6125,34,59,3,3742.87,2025-03-30T07:40:00
6126,171,27,1,3095.77,2025-08-24T06:31:00
6127,250,293,4,692.51,2025-04-11T16:58:00
6128,299,195,3,1463.84,2025-10-16T19:56:00
6129,253,238,1,3541.46,2025-10-11T20:40:00
6130,79,70,1,224.74,2025-03-05T00:50:00
6131,16,50,3,893.64,2025-07-28T21:26:00
6132,30,203,2,1602.09,2025-06-14T15:20:00
6133,175,56,3,4335.87,2025-01-22T18:44:00
6134,204,228,1,3164.17,2025-01-08T21:32:00
6135,5,1,3,3157.66,2025-06-30T16:44:00
6136,248,94,3,787.35,2025-03-31T15:54:00
6137,151,202,4,1751.11,2025-03-07T19:19:00
6138,265,102,1,4749.5,2025-06-26T03:29:00
6139,64,238,2,3716.0,2025-02-02T05:41:00
6140,112,132,2,3795.55,2025-05-01T10:14:00
6141,222,238,3,3379.19,2025-09-05T15:28:00
6142,109,129,2,1943.07,2025-06-21T17:54:00
6143,247,166,1,1038.05,2025-02-05T00:19:00
6144,225,48,3,10.04,2025-09-02T02:40:00
6145,94,262,1,4778.08,2025-07-31T02:42:00
6146,296,19,4,4212.63,2025-07-21T12:56:00
6147,212,255,3,2375.46,2025-02-16T14:07:00
6148,88,149,2,1844.42,2025-08-05T16:42:00
6149,126,26,2,772.43,2025-04-11T12:59:00
6150,294,191,2,4418.47,2025-06-16T17:28:00
6151,195,251,2,1604.28,2025-01-06T15:35:00
6152,48,29,4,883.41,2025-04-25T20:38:00
6153,153,237,4,1343.81,2025-08-01T23:43:00
6154,37,94,4,445.4,2025-04-15T21:25:00
6155,122,55,4,884.39,2025-08-14T10:25:00
6156,153,131,2,2902.57,2025-01-20T18:20:00
6157,33,173,4,4443.93,2025-07-25T06:01:00
6158,32,202,2,1953.39,2025-03-02T01:22:00
6159,40,200,3,287.15,2025-09-19T14:55:00
6160,29,154,1,456.58,2025-07-06T06:55:00
6161,244,127,4,1827.63,2025-03-23T15:59:00
6162,84,163,4,2206.13,2025-08-29T22:03:00
6163,172,185,3,2586.56,2025-10-27T22:49:00
6164,19,243,1,4928.53,2025-10-28T19:24:00
6165,50,167,3,3520.5,2025-04-04T15:00:00
6166,26,66,2,1088.37,2025-02-23T06:08:00
6167,201,261,2,2357.47,2025-05-15T13:01:00
6168,81,33,2,2175.62,2025-10-07T17:18:00
6169,39,185,4,2412.74,2025-03-11T23:38:00
6170,35,270,3,868.04,2025-07-11T02:46:00
6171,181,212,1,2367.24,2025-07-06T10:35:00
6172,81,80,2,3465.14,2025-07-05T04:44:00
6173,280,166,4,3342.56,2025-08-12T06:00:00
6174,78,76,2,3043.72,2025-04-25T07:22:00
6175,74,279,4,2638.14,2025-09-12T03:23:00
6176,100,180,4,1505.1,2025-03-22T13:33:00
6177,159,256,3,2064.74,2025-07-04T10:02:00
6178,233,78,2,518.03,2025-01-06T03:35:00
6179,181,26,1,4673.48,2025-09-03T10:25:00
6180,159,180,1,3737.13,2025-06-23T17:07:00
6181,7,164,1,548.82,2025-10-15T20:35:00
6182,216,250,4,4019.56,2025-05-14T08:31:00
6183,223,41,2,2235.45,2025-10-08T13:24:00
6184,100,197,3,1946.37,2025-06-19T07:59:00
6185,113,120,3,4087.11,2025-08-15T08:47:00
6186,294,210,2,997.17,2025-09-03T18:57:00
6187,76,80,4,4599.79,2025-03-29T16:07:00
6188,39,177,1,910.68,2025-09-06T09:13:00
6189,282,256,2,1445.06,2025-06-10T01:20:00
6190,85,60,3,48.32,2025-01-02T08:30:00
6191,67,214,1,3123.45,2025-10-16T13:10:00
6192,39,139,3,4747.63,2025-09-07T14:15:00
6193,210,194,1,2862.84,2025-06-12T18:07:00
6194,286,48,4,3758.12,2025-09-06T23:14:00
6195,200,224,3,1028.9,2025-08-14T20:33:00
6196,270,180,4,4032.16,2025-09-17T23:38:00
6197,178,186,4,586.76,2025-02-27T20:39:00
6198,275,130,3,1323.41,2025-07-19T02:58:00
6199,223,125,3,909.55,2025-09-03T08:30:00
6200,245,248,3,1188.83,2025-03-22T02:09:00
6201,114,260,3,2578.49,2025-08-16T11:24:00
6202,38,42,4,1663.89,2025-09-10T18:55:00
6203,276,114,2,3653.7,2025-01-21T20:49:00
6204,15,31,3,2948.03,2025-06-13T09:22:00
6205,59,225,2,1902.02,2025-10-09T11:18:00
6206,17,166,1,2860.4,2025-05-22T09:59:00
6207,95,149,4,632.8,2025-08-29T03:08:00
6208,97,120,2,4688.99,2025-01-29T13:21:00
6209,122,104,3,4387.02,2025-04-10T22:23:00
6210,242,161,1,2853.76,2025-03-22T16:11:00
6211,62,207,1,2629.11,2025-10-14T15:48:00
6212,167,241,2,3892.45,2025-09-01T06:29:00
6213,218,127,1,2942.01,2025-08-29T14:14:00
6214,298,264,2,4338.86,2025-07-17T13:01:00
6215,292,256,4,2518.71,2025-06-16T10:00:00
6216,29,150,3,4979.79,2025-01-24T14:45:00
6217,72,205,2,4726.05,2025-01-14T21:05:00
6218,9,227,2,3554.8,2025-03-17T12:22:00
6219,76,230,2,1731.43,2025-07-17T07:01:00
6220,171,156,1,3690.49,2025-08-06T15:07:00
6221,35,235,4,1600.84,2025-10-27T17:53:00
6222,227,85,3,4008.73,2025-06-11T17:05:00
6223,284,236,1,4911.18,2025-09-14T09:00:00
6224,254,169,3,3825.25,2025-10-09T00:23:00
6225,101,201,3,3094.85,2025-09-02T04:27:00
6226,268,112,3,171.02,2025-08-21T23:44:00
6227,13,179,1,3988.53,2025-01-24T13:38:00
6228,213,230,2,328.81,2025-03-07T17:06:00
6229,163,199,2,2766.19,2025-01-15T05:30:00
6230,267,171,2,2251.73,2025-10-13T04:07:00
6231,148,294,2,1554.35,2025-04-25T15:06:00
6232,246,124,1,4354.63,2025-08-07T22:12:00
6233,290,19,3,2655.82,2025-01-18T13:35:00
6234,134,257,2,4889.0,2025-08-06T16:59:00
6235,64,217,4,813.61,2025-10-02T12:27:00
6236,173,212,1,4671.87,2025-09-01T15:23:00
6237,180,289,3,2247.27,2025-05-05T23:58:00
6238,168,149,1,4055.36,2025-06-13T23:48:00
6239,227,247,2,1772.19,2025-01-07T09:02:00
6240,92,169,1,133.83,2025-10-04T10:51:00
6241,167,271,4,760.49,2025-06-25T15:32:00
6242,150,185,4,3148.27,2025-01-24T16:01:00
6243,79,148,1,87.0,2025-05-27T02:23:00
6244,31,240,3,2901.37,2025-03-01T12:24:00
6245,8,268,1,2143.47,2025-02-28T02:21:00
6246,188,196,4,451.22,2025-05-26T00:45:00
6247,142,226,3,229.97,2025-01-22T09:21:00
6248,283,155,1,4745.07,2025-10-11T18:08:00
6249,67,245,1,2033.66,2025-10-20T19:43:00
6250,20,197,3,3036.88,2025-06-07T19:15:00
6251,171,224,3,3696.81,2025-09-17T01:58:00
6252,116,202,2,2814.3,2025-07-26T09:31:00
6253,72,85,3,1817.29,2025-09-19T23:06:00
6254,249,20,2,1182.38,2025-02-03T09:55:00
6255,95,134,3,3236.28,2025-07-28T12:44:00
6256,127,19,1,3649.51,2025-05-14T11:13:00
6257,281,10,3,3508.87,2025-10-09T17:51:00
6258,214,254,2,4211.63,2025-02-23T09:00:00
6259,295,193,1,3695.01,2025-01-27T18:37:00
6260,258,230,2,372.21,2025-01-08T18:32:00
6261,60,204,4,4796.44,2025-10-15T03:14:00
6262,10,118,3,1901.74,2025-02-25T21:11:00
6263,282,50,3,277.97,2025-07-15T08:20:00
6264,134,210,4,4976.66,2025-07-09T14:14:00
6265,58,80,3,1099.08,2025-02-25T04:28:00
6266,207,257,4,1976.34,2025-03-24T18:22:00
6267,256,300,3,2443.97,2025-07-06T01:35:00
6268,31,289,4,603.07,2025-04-29T20:14:00
6269,46,173,4,474.77,2025-08-06T01:57:00
6270,143,89,4,4689.42,2025-02-12T08:53:00
6271,130,230,1,4483.79,2025-06-20T01:54:00
6272,136,135,1,1853.05,2025-08-09T08:18:00
6273,177,257,2,2999.98,2025-08-01T23:38:00
6274,147,189,3,436.12,2025-10-21T03:53:00
6275,113,238,1,1275.18,2025-09-17T15:53:00
6276,220,70,1,3016.69,2025-10-08T06:28:00
6277,127,201,3,3681.03,2025-06-09T05:52:00
6278,244,214,1,3526.64,2025-09-06T09:42:00
6279,62,160,4,1311.34,2025-05-19T00:50:00
6280,88,223,1,955.72,2025-04-08T09:09:00
6281,167,181,3,1930.01,2025-10-13T06:09:00
6282,221,79,1,1043.07,2025-05-11T03:55:00
6283,185,177,1,4213.12,2025-10-22T21:22:00
6284,140,68,3,3864.79,2025-09-04T10:00:00
6285,189,206,1,2555.22,2025-05-21T20:56:00
6286,270,89,1,2195.82,2025-08-30T02:09:00
6287,201,97,2,1537.73,2025-04-05T21:39:00
6288,109,251,1,3667.85,2025-05-08T04:26:00
6289,241,82,4,1241.05,2025-03-21T13:08:00
6290,230,229,4,2197.64,2025-08-11T19:21:00
6291,260,261,1,2905.27,2025-05-30T12:34:00
6292,229,235,3,2919.93,2025-03-19T18:18:00
6293,138,100,1,1010.26,2025-09-08T11:40:00
6294,254,81,4,2047.3,2025-05-14T22:52:00
6295,3,170,2,2024.67,2025-08-05T14:41:00
6296,257,108,2,163.58,2025-02-08T12:07:00
6297,106,55,4,2253.67,2025-01-08T10:15:00
6298,155,22,2,2775.12,2025-10-01T07:12:00
6299,103,53,3,3978.47,2025-02-19T16:01:00
6300,54,204,4,1401.34,2025-01-06T05:15:00
6301,217,70,1,4344.23,2025-04-24T16:33:00
6302,188,100,1,556.19,2025-05-22T21:57:00
6303,124,289,4,2723.17,2025-02-18T11:31:00
6304,126,134,1,4301.97,2025-10-24T02:01:00
6305,194,219,1,2503.04,2025-04-04T07:45:00
6306,195,181,1,1452.07,2025-01-20T04:26:00
6307,90,74,3,4314.81,2025-09-11T17:40:00
6308,68,75,3,528.3,2025-10-09T22:09:00
6309,219,51,2,1690.07,2025-08-01T04:04:00
6310,31,272,3,170.66,2025-06-15T15:54:00
6311,298,255,1,1976.45,2025-09-26T02:02:00
6312,289,245,3,923.76,2025-08-05T16:25:00
6313,215,192,1,4903.2,2025-04-20T13:35:00
6314,48,201,2,572.98,2025-01-22T14:14:00
6315,242,101,1,2629.64,2025-08-21T02:59:00
6316,144,102,1,979.08,2025-01-06T19:57:00
6317,80,14,1,1709.74,2025-07-20T05:25:00
6318,21,247,1,3164.29,2025-05-26T15:18:00
6319,263,168,4,3120.39,2025-10-01T16:39:00
6320,88,33,2,845.35,2025-04-27T17:07:00
6321,170,90,2,2982.29,2025-04-17T05:08:00
6322,295,233,2,4820.53,2025-06-17T08:02:00
6323,58,152,2,2755.58,2025-06-01T15:49:00
6324,189,150,2,3206.22,2025-09-17T17:25:00
6325,160,185,3,2275.34,2025-01-27T01:30:00
6326,294,89,3,3768.84,2025-04-21T12:26:00
6327,268,124,4,4212.14,2025-07-04T20:41:00
6328,188,9,3,4158.74,2025-06-22T17:15:00
6329,277,253,3,198.27,2025-09-13T23:29:00
6330,17,298,1,3660.07,2025-03-01T14:50:00
6331,75,49,1,3969.03,2025-07-05T18:45:00
6332,257,2,3,968.77,2025-05-02T03:51:00
6333,192,216,4,1326.89,2025-03-01T01:05:00
6334,160,208,1,457.72,2025-04-13T06:20:00
6335,96,4,4,836.07,2025-03-31T12:03:00
6336,291,107,1,4948.51,2025-05-22T04:48:00
6337,198,205,2,1159.36,2025-07-14T03:18:00
6338,27,282,2,955.56,2025-01-04T02:30:00
6339,44,230,1,3012.32,2025-10-26T09:20:00
6340,239,129,1,1675.57,2025-02-26T19:42:00
6341,294,186,1,2772.63,2025-01-06T00:53:00
6342,171,212,4,3990.63,2025-04-30T20:22:00
6343,81,214,2,1827.18,2025-07-08T02:30:00
6344,222,123,3,914.68,2025-02-26T07:41:00
6345,15,77,2,4032.4,2025-09-27T12:30:00
6346,51,28,4,2073.99,2025-08-05T00:10:00
6347,151,298,2,4834.47,2025-07-07T14:28:00
6348,228,148,1,3323.14,2025-10-24T01:23:00
6349,242,44,4,1688.97,2025-03-19T04:45:00
6350,254,253,3,820.26,2025-03-04T10:33:00
6351,238,268,1,2008.22,2025-10-11T07:06:00
6352,245,55,3,4329.52,2025-02-28T02:04:00
6353,133,84,3,584.47,2025-05-30T22:51:00
6354,257,160,3,4434.75,2025-08-02T14:13:00
6355,39,105,4,376.4,2025-08-29T22:16:00
6356,48,294,1,3413.55,2025-07-25T19:20:00
6357,159,163,1,2716.03,2025-09-01T23:52:00
6358,3,99,3,42.16,2025-03-04T20:50:00
6359,47,253,4,4415.25,2025-02-15T14:01:00
6360,199,54,2,3253.01,2025-01-19T03:06:00
6361,65,232,2,2663.63,2025-02-16T21:33:00
6362,45,233,2,152.92,2025-05-06T10:30:00
6363,195,184,4,1301.34,2025-01-16T02:36:00
6364,33,163,3,4279.66,2025-07-24T23:03:00
6365,225,284,2,4259.74,2025-02-08T03:26:00
6366,144,106,3,3812.7,2025-03-30T09:42:00
6367,36,63,3,4393.28,2025-08-31T10:56:00
6368,150,203,4,726.75,2025-09-28T04:08:00
6369,118,32,4,4473.31,2025-05-31T04:47:00
6370,38,41,4,4603.22,2025-05-14T12:03:00
6371,115,266,3,493.49,2025-06-23T19:09:00
6372,122,143,4,1957.6,2025-03-17T02:54:00
6373,254,147,4,1289.32,2025-04-07T07:06:00
6374,222,139,3,52.7,2025-01-18T10:41:00
6375,148,53,1,3456.7,2025-04-20T15:59:00
6376,54,115,3,3205.63,2025-05-04T20:06:00
6377,7,255,1,3196.68,2025-10-02T13:36:00
6378,165,232,4,272.3,2025-10-13T16:14:00
6379,8,141,1,3479.02,2025-06-15T20:54:00
6380,143,146,4,1535.68,2025-09-13T07:15:00
6381,137,115,3,4928.72,2025-08-29T07:27:00
6382,245,18,1,3325.94,2025-09-15T11:09:00
6383,186,124,1,3330.48,2025-09-05T10:03:00
6384,131,3,2,2371.47,2025-02-12T23:07:00
6385,266,168,4,2787.26,2025-08-18T08:41:00
6386,10,184,2,2825.47,2025-06-17T23:50:00
6387,182,17,3,2418.05,2025-10-20T04:32:00
6388,35,272,3,2237.33,2025-03-20T12:25:00
6389,259,26,4,4731.9,2025-03-30T09:04:00
6390,219,49,1,2986.15,2025-05-18T01:51:00
6391,196,91,4,2566.43,2025-01-14T16:34:00
6392,28,202,2,449.7,2025-03-04T04:42:00
6393,61,236,3,3015.37,2025-10-11T04:49:00
6394,83,108,2,4778.08,2025-04-05T10:24:00
6395,249,256,2,1734.35,2025-04-20T16:54:00
6396,177,220,1,2125.97,2025-08-24T22:07:00
6397,134,48,2,1399.95,2025-03-31T15:41:00
6398,254,97,2,1011.74,2025-09-09T07:44:00
6399,251,131,2,4541.47,2025-02-21T21:57:00
6400,159,78,1,3047.96,2025-04-05T01:28:00
6401,123,247,3,564.11,2025-09-18T14:04:00
6402,148,74,3,256.82,2025-06-18T18:08:00
6403,169,116,1,4318.26,2025-10-22T11:22:00
6404,281,252,4,3040.94,2025-04-25T12:18:00
6405,94,251,2,2304.36,2025-06-28T14:09:00
6406,114,267,1,2114.27,2025-02-06T04:37:00
6407,77,44,2,1606.49,2025-02-22T21:56:00
6408,38,123,2,258.37,2025-01-16T15:21:00
6409,97,191,1,894.71,2025-05-14T12:36:00
6410,143,269,3,3558.77,2025-02-23T05:13:00
6411,72,65,2,1144.6,2025-03-29T01:35:00
6412,248,128,3,4432.99,2025-08-31T01:49:00
6413,295,156,2,2925.91,2025-02-23T07:30:00
6414,7,270,3,2811.48,2025-08-14T16:13:00
6415,246,87,1,1129.83,2025-02-27T13:52:00
6416,284,96,2,1882.04,2025-01-28T16:00:00
6417,108,229,1,1865.02,2025-04-29T02:59:00
6418,230,279,3,1353.43,2025-10-06T17:50:00
6419,127,277,1,990.72,2025-05-23T20:28:00
6420,119,279,1,483.11,2025-04-17T14:03:00
6421,129,295,3,1981.46,2025-06-06T11:20:00
6422,158,16,4,4282.33,2025-01-08T00:20:00
6423,120,183,3,3251.81,2025-09-17T16:08:00
6424,105,136,1,3337.34,2025-09-19T00:42:00
6425,285,92,2,2589.78,2025-06-14T01:51:00
6426,70,274,3,2463.31,2025-10-11T05:21:00
6427,264,249,3,1099.81,2025-02-05T11:27:00
6428,151,52,3,4421.84,2025-05-01T06:47:00
6429,18,229,1,1909.72,2025-08-02T21:57:00
6430,253,32,4,1069.76,2025-04-30T02:06:00
6431,294,36,4,3486.32,2025-02-23T18:21:00
6432,173,113,1,2976.88,2025-09-08T06:46:00
6433,59,98,3,3427.47,2025-04-28T15:31:00
6434,40,239,1,3870.92,2025-04-21T15:36:00
6435,109,15,4,492.13,2025-10-03T18:08:00
6436,27,8,3,4924.9,2025-07-09T16:08:00
6437,24,245,2,4033.22,2025-07-20T05:53:00
6438,139,230,3,639.26,2025-08-09T17:17:00
6439,245,125,2,1804.13,2025-06-14T01:49:00
6440,218,169,2,2879.79,2025-01-13T10:45:00
6441,113,197,4,3123.24,2025-03-03T04:01:00
6442,231,82,1,3108.88,2025-09-02T17:52:00
6443,12,120,3,3478.14,2025-06-14T00:58:00
6444,276,51,4,2700.34,2025-05-15T08:20:00
6445,223,168,4,4994.49,2025-10-03T02:52:00
6446,229,135,3,4980.29,2025-01-18T10:16:00
6447,29,186,1,4868.86,2025-07-09T22:42:00
6448,167,215,4,3988.83,2025-05-24T00:36:00
6449,90,25,1,3648.08,2025-09-13T10:38:00
6450,125,19,1,362.41,2025-05-12T20:05:00
6451,156,18,3,3689.95,2025-10-03T01:24:00
6452,246,10,1,4215.31,2025-05-20T13:22:00
6453,159,266,3,32.76,2025-01-26T00:02:00
6454,151,20,1,1467.98,2025-07-31T08:54:00
6455,184,129,4,1928.29,2025-04-19T09:46:00
6456,275,226,3,856.13,2025-07-28T00:18:00
6457,283,298,2,4299.09,2025-07-22T13:08:00
6458,162,228,4,307.29,2025-04-09T16:02:00
6459,241,170,1,450.44,2025-09-17T03:10:00
6460,55,197,3,888.53,2025-07-10T01:35:00
6461,61,189,3,3010.3,2025-06-07T07:06:00
6462,174,12,4,4340.75,2025-02-06T15:16:00
6463,37,222,3,2407.73,2025-09-05T23:42:00
6464,199,97,1,3131.09,2025-04-28T05:44:00
6465,127,63,4,2012.99,2025-01-30T05:23:00
6466,158,193,1,2069.41,2025-05-11T09:17:00
6467,195,215,3,1830.54,2025-09-16T19:57:00
6468,93,129,3,424.57,2025-10-05T07:11:00
6469,261,35,1,4281.6,2025-05-04T14:40:00
6470,66,140,3,3838.28,2025-03-22T18:29:00
6471,167,295,1,3589.34,2025-05-17T09:33:00
6472,295,157,1,4445.91,2025-10-22T21:19:00
6473,197,174,3,4485.72,2025-05-01T18:09:00
6474,149,287,4,2802.95,2025-09-02T07:30:00
6475,204,245,4,4015.02,2025-10-20T15:59:00
6476,106,232,1,1611.54,2025-05-21T04:22:00
6477,58,289,1,4275.74,2025-08-21T03:27:00
6478,65,276,4,1536.52,2025-08-11T14:27:00
6479,218,205,1,3461.9,2025-02-11T18:07:00
6480,98,187,2,1905.84,2025-05-10T04:21:00
6481,296,108,1,2244.38,2025-10-24T15:54:00
6482,8,272,3,2105.2,2025-08-18T10:36:00
6483,60,14,3,4229.35,2025-08-12T23:50:00
6484,109,213,4,236.81,2025-06-05T08:50:00
6485,229,245,4,4583.93,2025-02-26T08:02:00
6486,182,231,4,4723.48,2025-01-29T04:23:00
6487,10,44,3,1845.8,2025-05-25T08:39:00
6488,145,19,3,2294.16,2025-06-15T04:23:00
6489,200,111,4,1295.39,2025-05-17T23:35:00
6490,138,183,3,3664.15,2025-08-31T12:53:00
6491,210,108,2,4141.24,2025-05-20T05:00:00
6492,171,14,3,4760.31,2025-01-06T21:28:00
6493,83,241,4,658.05,2025-03-15T15:24:00
6494,293,168,4,305.66,2025-10-12T18:17:00
6495,81,219,4,119.14,2025-07-29T13:51:00
6496,277,16,2,3890.45,2025-08-11T21:56:00
6497,157,136,2,3208.92,2025-05-27T06:44:00
6498,185,24,1,4802.73,2025-07-23T03:27:00
6499,182,115,4,2481.17,2025-08-28T21:33:00
6500,132,72,3,2457.41,2025-08-04T09:36:00
6501,34,58,4,969.26,2025-08-08T18:21:00
6502,12,242,2,1718.82,2025-04-01T11:02:00
6503,51,199,1,1746.67,2025-09-01T16:03:00
6504,246,261,2,1044.76,2025-09-02T21:02:00
6505,11,269,1,987.4,2025-06-07T23:37:00
6506,10,73,2,4734.97,2025-09-03T09:14:00
6507,92,222,2,3790.68,2025-05-23T19:18:00
6508,51,283,1,455.98,2025-07-14T21:36:00
6509,181,61,1,3226.08,2025-03-31T18:54:00
6510,154,216,3,201.94,2025-02-04T03:34:00
6511,80,284,4,4967.52,2025-02-18T08:27:00
6512,183,179,1,4886.54,2025-03-16T00:51:00
6513,97,119,1,4963.93,2025-07-17T13:43:00
6514,222,297,3,775.14,2025-10-21T09:52:00
6515,97,286,2,3606.45,2025-07-02T21:47:00
6516,147,82,3,1927.61,2025-08-31T23:30:00
6517,124,157,3,273.29,2025-05-05T00:52:00
6518,92,230,4,3952.76,2025-02-10T14:36:00
6519,105,39,4,796.13,2025-01-24T10:22:00
6520,102,81,4,2220.35,2025-03-16T08:55:00
6521,157,262,2,3456.41,2025-03-15T12:35:00
6522,237,250,2,3670.34,2025-09-27T18:53:00
6523,138,41,2,4275.88,2025-08-12T14:10:00
6524,260,250,4,1289.27,2025-10-03T12:58:00
6525,43,27,3,94.97,2025-07-14T22:55:00
6526,85,194,4,1570.91,2025-05-25T03:47:00
6527,163,249,2,376.17,2025-09-21T01:09:00
6528,10,147,1,1323.04,2025-01-05T14:51:00
6529,53,291,1,677.58,2025-05-24T07:50:00
6530,128,234,1,4941.95,2025-04-03T13:23:00
6531,225,271,1,1459.07,2025-07-22T07:51:00
6532,184,163,1,399.34,2025-04-18T11:13:00
6533,33,41,1,4411.89,2025-06-15T16:19:00
6534,190,203,4,4217.51,2025-02-16T07:30:00
6535,30,24,1,4935.57,2025-08-25T08:36:00
6536,98,48,4,1800.51,2025-01-15T15:14:00
6537,4,95,1,3529.69,2025-08-16T06:29:00
6538,110,121,4,4057.37,2025-01-23T02:53:00
6539,3,51,3,2830.58,2025-07-31T05:04:00
6540,283,81,2,4746.74,2025-05-14T00:00:00
6541,213,40,2,2623.47,2025-06-21T08:54:00
6542,219,207,1,859.5,2025-06-10T02:17:00
6543,128,175,1,4173.52,2025-08-30T02:04:00
6544,286,16,1,4784.49,2025-06-23T01:05:00
6545,162,125,1,3540.12,2025-10-20T10:39:00
6546,209,30,2,2412.19,2025-04-08T22:55:00
6547,141,254,4,3036.72,2025-08-02T01:54:00
6548,168,132,3,1883.24,2025-06-12T15:22:00
6549,5,140,2,901.41,2025-07-25T08:48:00
6550,30,199,3,3316.31,2025-09-14T13:48:00
6551,57,252,3,4264.4,2025-02-24T23:33:00
6552,82,256,4,551.3,2025-03-01T09:35:00
6553,286,50,4,282.31,2025-10-12T00:04:00
6554,291,256,3,1773.83,2025-09-08T01:35:00
6555,88,206,4,3691.39,2025-07-15T10:56:00
6556,24,135,3,3671.94,2025-02-16T09:57:00
6557,143,71,3,3829.94,2025-07-27T15:50:00
6558,10,272,1,3501.39,2025-01-23T02:21:00
6559,64,117,4,3347.06,2025-08-01T05:26:00
6560,262,130,4,219.79,2025-03-15T08:04:00
6561,211,289,1,1477.59,2025-01-03T14:24:00
6562,276,41,4,3268.64,2025-01-23T13:34:00
6563,40,136,2,2132.55,2025-10-23T15:09:00
6564,116,240,4,2058.53,2025-02-23T21:03:00
6565,161,129,1,4328.4,2025-02-12T10:02:00
6566,15,254,4,74.44,2025-08-23T11:48:00
6567,57,275,1,32.19,2025-08-18T15:35:00
6568,129,92,3,4869.72,2025-07-05T14:27:00
6569,53,272,4,4605.28,2025-09-04T01:27:00
6570,220,250,2,3441.85,2025-03-23T05:35:00
6571,120,154,1,1298.43,2025-01-06T20:37:00
6572,78,57,3,796.41,2025-04-01T23:23:00
6573,249,274,2,985.41,2025-08-26T08:50:00
6574,28,269,1,857.04,2025-01-24T11:37:00
6575,300,138,3,3441.93,2025-07-20T18:47:00
6576,274,277,1,457.57,2025-03-26T10:48:00
6577,208,67,1,2662.92,2025-08-01T03:47:00
6578,8,287,1,747.87,2025-09-09T21:02:00
6579,36,207,2,3589.83,2025-07-23T22:15:00
6580,235,32,2,4508.14,2025-06-22T19:22:00
6581,55,163,1,1960.17,2025-07-13T02:27:00
6582,212,78,4,4380.42,2025-06-27T17:55:00
6583,204,99,4,4280.12,2025-01-28T04:49:00
6584,185,125,4,2569.59,2025-04-07T04:51:00
6585,32,76,2,1634.5,2025-05-22T11:02:00
6586,282,11,4,3074.15,2025-01-10T19:28:00
6587,287,238,2,4112.67,2025-10-14T15:58:00
6588,50,275,2,3181.82,2025-05-28T03:48:00
6589,29,27,1,2187.9,2025-06-15T17:18:00
6590,264,148,2,4258.99,2025-10-16T07:01:00
6591,3,142,4,314.58,2025-06-10T20:45:00
6592,213,1,4,4438.48,2025-07-16T08:36:00
6593,126,241,3,3120.97,2025-01-03T09:18:00
6594,240,27,3,3739.14,2025-05-05T01:16:00
6595,241,8,2,2445.42,2025-09-29T18:01:00
6596,82,234,4,1318.11,2025-02-28T06:00:00
6597,25,165,1,4486.04,2025-03-02T19:34:00
6598,168,252,3,1497.42,2025-04-18T17:32:00
6599,1,278,3,903.85,2025-06-07T00:24:00
6600,82,262,2,2509.36,2025-01-02T14:10:00
6601,177,162,2,923.0,2025-07-09T22:08:00
6602,275,185,1,1601.42,2025-07-09T01:07:00
6603,97,169,2,1268.2,2025-02-11T02:51:00
6604,225,284,4,3364.07,2025-06-26T00:46:00
6605,186,63,2,4917.01,2025-03-03T16:40:00
6606,137,45,1,1797.49,2025-02-17T09:06:00
6607,66,12,1,2465.6,2025-01-22T08:47:00
6608,192,35,3,2141.96,2025-04-19T06:51:00
6609,79,243,4,3502.29,2025-03-16T12:35:00
6610,293,299,3,2243.13,2025-09-19T14:53:00
6611,104,22,2,3373.55,2025-04-02T06:38:00
6612,25,193,1,1838.0,2025-04-12T13:51:00
6613,24,225,1,747.82,2025-03-05T06:30:00
6614,106,153,1,688.83,2025-06-10T17:52:00
6615,36,291,2,4468.46,2025-07-19T18:18:00
6616,98,221,3,1041.77,2025-08-07T11:43:00
6617,100,44,3,4506.13,2025-06-11T22:38:00
6618,144,191,4,2761.86,2025-03-02T11:02:00
6619,279,299,3,4961.2,2025-05-31T12:44:00
6620,120,56,4,3088.76,2025-10-24T15:56:00
6621,211,117,2,4878.78,2025-01-24T04:12:00
6622,5,144,2,4053.2,2025-04-18T07:52:00
6623,114,266,2,522.71,2025-10-19T12:00:00
6624,75,167,1,3054.86,2025-03-20T15:01:00
6625,133,3,1,3892.17,2025-05-06T17:58:00
6626,223,195,4,2577.91,2025-08-28T01:51:00
6627,256,79,4,218.91,2025-03-24T14:20:00
6628,245,260,4,4762.06,2025-04-14T13:32:00
6629,15,183,2,4855.01,2025-09-06T06:33:00
6630,30,285,2,1010.23,2025-01-23T18:29:00
6631,16,48,2,1476.55,2025-09-13T01:40:00
6632,239,186,1,2620.57,2025-07-22T04:06:00
6633,2,289,4,4198.28,2025-07-26T14:33:00
6634,90,259,1,4397.4,2025-10-06T18:24:00
6635,6,8,4,3876.3,2025-07-24T16:43:00
6636,269,33,2,2434.29,2025-01-25T09:46:00
6637,84,190,2,2723.77,2025-05-17T12:20:00
6638,258,12,4,2731.93,2025-02-08T21:28:00
6639,69,81,3,508.81,2025-08-22T19:28:00
6640,5,112,1,211.23,2025-02-01T16:13:00
6641,136,287,1,3090.92,2025-06-27T23:16:00
6642,132,272,4,2757.15,2025-01-23T08:57:00
6643,274,127,2,1278.61,2025-06-12T17:24:00
6644,235,70,4,304.1,2025-02-21T06:04:00
6645,259,16,4,3517.65,2025-08-01T09:03:00
6646,164,296,4,3178.89,2025-06-05T07:40:00
6647,13,272,4,3625.37,2025-01-05T22:13:00
6648,228,269,2,4612.12,2025-06-21T22:59:00
6649,124,225,1,637.98,2025-09-27T16:31:00
6650,12,148,1,1671.5,2025-06-13T15:34:00
6651,51,121,4,1005.43,2025-02-09T09:52:00
6652,86,62,4,3344.93,2025-07-18T04:17:00
6653,247,142,3,1235.03,2025-02-26T15:34:00
6654,82,231,2,3613.45,2025-01-20T11:41:00
6655,245,210,4,678.64,2025-09-28T09:52:00
6656,8,226,3,3576.34,2025-07-25T08:57:00
6657,7,59,3,2213.88,2025-05-31T13:24:00
6658,72,60,4,2557.43,2025-06-12T13:21:00
6659,65,162,3,3321.62,2025-06-03T04:16:00
6660,172,288,4,2012.49,2025-03-31T19:11:00
6661,294,29,4,814.28,2025-08-04T15:39:00
6662,139,23,4,3332.71,2025-02-20T10:49:00
6663,134,54,2,2586.24,2025-08-13T22:59:00
6664,120,286,4,3356.24,2025-09-27T06:15:00
6665,70,104,4,693.44,2025-07-03T20:56:00
6666,130,217,4,937.65,2025-07-31T13:05:00
6667,31,117,3,2010.21,2025-09-12T08:41:00
6668,284,27,3,1007.85,2025-02-10T22:19:00
6669,297,83,4,732.56,2025-04-29T20:23:00
6670,3,205,1,266.17,2025-02-09T04:52:00
6671,220,212,3,4277.48,2025-01-19T18:51:00
6672,223,39,3,3026.32,2025-01-19T18:58:00
6673,43,4,1,2988.47,2025-08-09T12:22:00
6674,166,159,3,4714.12,2025-05-08T01:03:00
6675,50,243,3,4271.79,2025-03-08T20:47:00
6676,252,153,2,4022.95,2025-01-03T20:20:00
6677,93,67,3,3327.74,2025-10-09T18:32:00
6678,235,102,1,2497.88,2025-04-12T05:06:00
6679,211,204,3,4105.69,2025-07-24T18:56:00
6680,55,24,4,300.29,2025-09-30T21:42:00
6681,207,34,1,4069.75,2025-02-17T06:42:00
6682,130,1,2,1791.21,2025-01-12T13:17:00
6683,91,76,4,4969.77,2025-05-12T07:19:00
6684,295,157,4,1695.47,2025-08-09T21:43:00
6685,183,32,3,4865.91,2025-05-26T15:56:00
6686,252,135,1,413.06,2025-07-30T00:10:00
6687,261,192,3,965.27,2025-10-09T17:46:00
6688,256,176,3,2999.53,2025-10-15T15:59:00
6689,163,289,2,301.38,2025-02-05T21:22:00
6690,166,84,2,3814.69,2025-01-26T03:25:00
6691,141,119,1,4551.9,2025-05-07T20:08:00
6692,254,235,3,1478.09,2025-05-28T07:14:00
6693,75,159,3,3397.13,2025-09-26T13:58:00
6694,256,145,1,1478.2,2025-08-30T14:08:00
6695,135,202,3,4567.99,2025-09-04T04:50:00
6696,262,109,3,518.36,2025-01-06T13:28:00
6697,39,12,1,2984.2,2025-08-15T17:18:00
6698,150,89,2,2896.81,2025-05-07T02:24:00
6699,133,68,1,647.74,2025-03-06T13:22:00
6700,260,179,4,4848.21,2025-01-26T05:18:00
6701,265,37,1,1715.22,2025-07-06T15:36:00
6702,294,291,1,1811.5,2025-09-28T23:16:00
6703,118,136,3,4461.73,2025-06-29T03:41:00
6704,76,115,3,1026.85,2025-05-16T08:03:00
6705,240,14,1,2074.95,2025-04-21T02:46:00
6706,123,169,3,1197.06,2025-08-19T17:47:00
6707,138,167,1,3713.42,2025-04-18T22:46:00
6708,64,80,2,371.25,2025-02-21T02:11:00
6709,202,158,2,477.83,2025-09-19T02:20:00
6710,132,135,4,4873.51,2025-09-16T18:13:00
6711,238,234,1,2440.53,2025-07-09T00:28:00
6712,13,190,1,3194.11,2025-03-08T12:42:00
6713,112,95,4,2026.3,2025-05-11T22:42:00
6714,104,67,4,1676.88,2025-03-20T00:49:00
6715,254,269,1,1280.4,2025-09-09T01:30:00
6716,263,124,4,3023.31,2025-09-22T15:31:00
6717,169,84,2,3103.48,2025-08-11T06:24:00
6718,290,56,3,1812.93,2025-05-18T03:55:00
6719,280,115,3,2264.61,2025-10-19T04:33:00
6720,85,205,2,3713.12,2025-01-10T03:26:00
6721,181,54,3,3018.37,2025-10-23T10:10:00
6722,247,146,4,4262.05,2025-10-06T23:31:00
6723,51,185,3,3674.2,2025-04-09T06:04:00
6724,229,294,2,360.81,2025-04-20T20:19:00
6725,254,169,4,4399.89,2025-08-05T23:06:00
6726,238,195,3,3154.09,2025-03-14T03:51:00
6727,11,23,2,2496.07,2025-08-06T09:42:00
6728,289,183,4,286.72,2025-01-03T11:07:00
6729,65,167,2,2566.12,2025-01-28T20:50:00
6730,216,99,1,3072.26,2025-01-02T10:57:00
6731,111,254,4,4931.45,2025-04-17T05:46:00
6732,285,240,2,3546.04,2025-09-12T09:43:00
6733,198,96,2,1979.13,2025-09-21T21:39:00
6734,244,163,2,448.8,2025-06-28T05:42:00
6735,134,106,4,674.32,2025-01-14T14:20:00
6736,229,99,1,1555.85,2025-06-03T08:41:00
6737,138,59,4,3300.5,2025-06-11T21:36:00
6738,197,91,3,3347.31,2025-10-11T08:00:00
6739,295,73,4,2236.54,2025-02-08T11:28:00
6740,118,212,3,32.67,2025-08-16T01:20:00
6741,57,278,2,1751.13,2025-03-02T00:12:00
6742,46,273,4,2267.39,2025-01-10T15:22:00
6743,297,54,3,1392.73,2025-07-11T13:27:00
6744,40,209,4,3642.35,2025-07-12T00:05:00
6745,171,28,3,1176.78,2025-01-01T02:00:00
6746,95,201,3,1714.11,2025-07-13T22:19:00
6747,237,190,4,4221.57,2025-07-22T11:47:00
6748,235,99,2,2941.81,2025-09-02T15:19:00
6749,43,31,3,18.56,2025-09-24T10:39:00
6750,11,78,2,1222.1,2025-06-02T13:48:00
6751,96,61,3,3516.35,2025-01-12T13:53:00
6752,51,193,3,1105.41,2025-08-25T07:53:00
6753,7,165,2,3881.27,2025-06-01T05:34:00
6754,1,252,1,3176.55,2025-08-02T04:37:00
6755,104,32,4,561.6,2025-01-29T15:07:00
6756,26,222,4,613.18,2025-01-28T07:27:00
6757,236,30,3,2883.02,2025-05-18T03:07:00
6758,236,294,4,2218.11,2025-08-09T21:12:00
6759,54,295,3,2064.98,2025-01-17T18:59:00
6760,199,25,4,1359.37,2025-08-04T02:55:00
6761,77,262,2,96.9,2025-09-08T17:33:00
6762,160,241,4,4248.32,2025-10-04T16:58:00
6763,259,79,3,3889.53,2025-08-22T11:39:00
6764,207,272,4,2691.77,2025-08-09T05:28:00
6765,130,258,2,4694.37,2025-04-30T00:55:00
6766,19,292,4,328.69,2025-06-16T08:31:00
6767,171,182,1,582.73,2025-04-10T06:24:00
6768,232,78,1,332.85,2025-06-17T12:28:00
6769,268,34,3,93.73,2025-03-23T17:11:00
6770,151,208,3,4691.32,2025-03-02T20:15:00
6771,231,41,4,3961.67,2025-01-29T18:17:00
6772,86,111,1,1871.63,2025-10-19T13:40:00
6773,121,241,1,3982.55,2025-03-02T20:53:00
6774,33,187,1,2565.72,2025-02-08T22:15:00
6775,196,298,1,136.53,2025-08-14T19:03:00
6776,156,222,3,1410.7,2025-05-15T01:49:00
6777,178,280,1,1646.4,2025-04-25T19:16:00
6778,80,254,1,4998.29,2025-02-07T19:43:00
6779,83,223,1,110.44,2025-09-14T13:43:00
6780,26,217,1,4463.23,2025-05-30T09:55:00
6781,42,220,4,4356.08,2025-07-19T03:06:00
6782,245,239,2,4177.12,2025-05-23T05:00:00
6783,210,241,1,2787.81,2025-01-16T10:47:00
6784,266,177,2,1404.25,2025-01-06T08:39:00
6785,246,249,3,3509.82,2025-04-01T09:00:00
6786,18,119,1,990.49,2025-07-07T02:47:00
6787,267,212,1,2239.38,2025-10-13T19:27:00
6788,92,78,3,3055.81,2025-08-28T13:16:00
6789,52,139,3,4319.91,2025-04-19T05:23:00
6790,39,294,1,418.34,2025-03-11T12:14:00
6791,109,135,2,4916.64,2025-08-15T15:44:00
6792,243,29,3,2888.39,2025-03-26T13:32:00
6793,89,121,3,3708.27,2025-05-16T06:44:00
6794,143,132,2,461.56,2025-09-25T20:00:00
6795,61,62,3,3241.53,2025-06-23T15:25:00
6796,142,52,3,4351.12,2025-02-22T06:39:00
6797,280,186,3,4030.89,2025-05-08T05:57:00
6798,105,241,3,74.55,2025-04-21T19:31:00
6799,125,61,4,1601.48,2025-03-27T10:09:00
6800,113,76,3,1177.46,2025-03-16T03:47:00
6801,105,292,3,3989.41,2025-09-05T18:56:00
6802,222,167,4,833.07,2025-01-04T15:12:00
6803,115,192,1,66.52,2025-05-13T22:20:00
6804,167,268,1,4995.09,2025-06-06T16:10:00
6805,150,22,4,4290.31,2025-10-05T05:33:00
6806,195,96,3,3674.68,2025-09-25T14:47:00
6807,93,296,2,4337.12,2025-08-20T00:49:00
6808,220,81,3,4345.32,2025-08-26T23:13:00
6809,195,10,1,1839.12,2025-10-03T04:52:00
6810,70,215,2,3779.88,2025-02-12T13:29:00
6811,192,11,1,426.36,2025-04-12T04:40:00
6812,231,13,2,4178.55,2025-02-18T09:59:00
6813,228,245,3,3786.81,2025-10-06T16:44:00
6814,216,109,4,453.3,2025-08-14T18:37:00
6815,276,242,1,2627.44,2025-06-20T07:32:00
6816,95,277,1,3991.48,2025-03-18T20:50:00
6817,115,200,3,2267.24,2025-07-06T06:48:00
6818,250,200,3,4033.15,2025-06-20T03:10:00
6819,168,197,2,4696.96,2025-03-20T00:34:00
6820,106,144,4,4156.45,2025-05-18T04:37:00
6821,290,198,1,1052.45,2025-01-30T14:04:00
6822,287,193,1,4579.56,2025-08-10T18:37:00
6823,104,135,3,375.82,2025-07-16T21:54:00
6824,271,103,2,3083.68,2025-02-06T12:09:00
6825,299,265,4,78.47,2025-04-05T15:32:00
6826,192,254,1,3752.25,2025-05-06T13:41:00
6827,98,7,3,1886.14,2025-06-20T20:41:00
6828,213,91,3,3134.61,2025-10-25T12:39:00
6829,154,38,2,1075.22,2025-03-28T17:33:00
6830,280,299,1,3388.42,2025-10-08T16:48:00
6831,266,197,1,2628.8,2025-02-16T00:29:00
6832,51,145,2,4570.86,2025-04-15T22:25:00
6833,14,126,4,2559.14,2025-09-17T20:21:00
6834,286,259,3,1309.05,2025-05-20T06:51:00
6835,250,69,1,4202.86,2025-03-30T13:54:00
6836,254,214,2,4320.63,2025-04-25T02:45:00
6837,39,259,1,4006.15,2025-04-30T16:57:00
6838,153,124,1,3856.84,2025-08-29T18:31:00
6839,169,193,3,887.0,2025-10-12T03:35:00
6840,17,34,4,1399.97,2025-03-27T19:05:00
6841,117,54,1,801.65,2025-07-17T11:39:00
6842,226,159,4,41.81,2025-01-30T04:43:00
6843,109,55,2,365.47,2025-09-28T03:28:00
6844,9,158,2,3517.74,2025-03-13T15:54:00
6845,162,270,1,4365.07,2025-09-30T10:39:00
6846,86,13,4,1097.13,2025-05-14T03:24:00
6847,177,67,4,841.49,2025-07-22T02:35:00
6848,291,53,1,2876.1,2025-04-26T03:59:00
6849,22,10,1,2301.12,2025-04-03T10:04:00
6850,116,204,2,784.72,2025-10-06T20:01:00
6851,39,111,4,4775.17,2025-04-01T00:54:00
6852,290,287,1,4163.44,2025-06-09T00:04:00
6853,142,199,4,416.41,2025-05-01T12:02:00
6854,239,254,2,4472.94,2025-03-22T01:40:00
6855,145,187,1,3482.06,2025-10-20T17:00:00
6856,223,105,3,1147.31,2025-04-16T11:01:00
6857,58,206,2,2108.96,2025-06-16T02:02:00
6858,160,296,3,1892.44,2025-03-03T15:15:00
6859,19,186,1,4051.63,2025-06-23T03:13:00
6860,114,65,1,2960.45,2025-08-15T06:03:00
6861,77,151,1,2391.41,2025-02-17T20:53:00
6862,104,174,4,2077.29,2025-05-03T07:36:00
6863,26,114,4,1130.31,2025-09-22T11:30:00
6864,143,103,2,3027.03,2025-06-13T16:01:00
6865,6,15,3,514.35,2025-03-14T21:24:00
6866,250,185,1,467.15,2025-06-08T13:33:00
6867,124,63,3,1959.69,2025-01-03T00:14:00
6868,296,131,3,4336.9,2025-07-04T16:45:00
6869,149,199,3,3215.95,2025-01-31T03:32:00
6870,55,11,2,1071.98,2025-01-02T03:24:00
6871,179,54,1,2032.81,2025-01-09T19:07:00
6872,250,179,1,2284.91,2025-06-25T03:58:00
6873,297,83,4,4074.7,2025-08-25T15:40:00
6874,182,11,3,2009.2,2025-07-20T20:10:00
6875,75,264,3,4958.06,2025-08-09T11:27:00
6876,276,286,4,3924.0,2025-03-26T00:09:00
6877,2,132,4,406.26,2025-01-16T07:24:00
6878,174,117,3,2441.99,2025-06-01T02:16:00
6879,150,74,4,579.41,2025-10-26T14:18:00
6880,173,112,1,4318.82,2025-07-06T18:23:00
6881,182,8,1,253.45,2025-01-10T13:46:00
6882,299,180,3,2355.0,2025-06-11T13:58:00
6883,131,70,4,3441.2,2025-05-11T06:26:00
6884,48,20,1,2829.64,2025-03-23T08:20:00
6885,30,268,1,1324.26,2025-08-09T21:19:00
6886,227,22,2,4181.01,2025-08-03T00:28:00
6887,152,58,4,300.95,2025-08-08T00:10:00
6888,89,186,2,1681.45,2025-04-14T21:42:00
6889,42,97,3,3716.3,2025-08-19T13:11:00
6890,96,280,1,4537.87,2025-06-27T09:59:00
6891,36,252,3,1333.19,2025-01-17T03:24:00
6892,127,230,1,1758.22,2025-10-09T08:35:00
6893,85,284,1,2230.83,2025-04-15T06:48:00
6894,208,53,1,3805.4,2025-10-06T05:51:00
6895,300,217,3,2173.16,2025-02-25T04:51:00
6896,32,196,3,1935.39,2025-07-29T15:24:00
6897,133,238,3,1915.16,2025-06-19T01:35:00
6898,134,181,1,3724.67,2025-02-09T20:55:00
6899,157,127,2,1784.13,2025-01-08T18:37:00
6900,88,264,4,603.43,2025-03-15T16:22:00
6901,172,55,3,1195.89,2025-03-20T10:43:00
6902,171,73,1,1234.34,2025-10-05T13:21:00
6903,289,61,1,4306.19,2025-10-16T16:02:00
6904,179,96,2,4047.56,2025-01-22T10:12:00
6905,8,222,4,1100.47,2025-01-08T23:42:00
6906,278,116,1,1138.85,2025-09-27T09:01:00
6907,54,221,4,2322.27,2025-07-25T18:09:00
6908,34,298,1,3673.6,2025-06-18T00:54:00
6909,251,52,4,179.84,2025-07-01T15:18:00
6910,157,179,3,127.37,2025-08-12T18:07:00
6911,159,127,4,3993.41,2025-08-30T06:35:00
6912,157,126,1,3859.68,2025-06-12T23:51:00
6913,191,212,4,2125.93,2025-06-11T19:58:00
6914,237,84,4,904.38,2025-07-29T07:10:00
6915,244,112,2,4816.63,2025-04-27T15:48:00
6916,22,98,1,2857.02,2025-01-21T10:26:00
6917,208,165,1,4619.98,2025-05-16T02:43:00
6918,120,158,2,110.18,2025-08-18T12:33:00
6919,119,77,4,1926.33,2025-10-08T02:41:00
6920,221,18,3,4052.7,2025-02-14T18:06:00
6921,242,4,2,3405.14,2025-04-06T07:27:00
6922,124,227,3,3645.79,2025-04-21T14:15:00
6923,274,24,1,1093.18,2025-02-08T16:16:00
6924,99,148,1,946.27,2025-09-04T22:07:00
6925,224,288,2,2073.2,2025-02-03T03:47:00
6926,147,237,4,4626.38,2025-03-29T00:28:00
6927,105,131,4,2695.7,2025-04-28T23:22:00
6928,160,62,3,4124.96,2025-06-15T11:50:00
6929,214,157,4,4514.05,2025-04-10T02:41:00
6930,51,203,3,2964.31,2025-07-27T12:14:00
6931,243,10,1,2729.46,2025-09-25T19:17:00
6932,115,281,2,231.51,2025-06-02T17:42:00
6933,188,243,1,2025.98,2025-08-10T00:33:00
6934,272,25,3,4485.84,2025-09-18T21:39:00
6935,20,67,3,1425.24,2025-07-25T22:11:00
6936,285,270,2,2163.99,2025-08-28T06:16:00
6937,194,18,4,1091.56,2025-08-11T06:05:00
6938,135,289,2,3449.29,2025-09-22T02:12:00
6939,232,69,2,2949.41,2025-04-14T16:47:00
6940,4,157,3,38.74,2025-04-28T00:49:00
6941,269,118,3,2840.59,2025-02-11T12:18:00
6942,251,212,3,2905.25,2025-09-02T06:35:00
6943,209,285,1,1021.31,2025-04-30T23:30:00
6944,68,83,4,4050.11,2025-10-13T03:35:00
6945,39,187,3,4490.87,2025-10-24T05:23:00
6946,258,274,2,175.72,2025-03-31T02:12:00
6947,204,250,1,2043.4,2025-05-03T07:32:00
6948,160,38,4,3797.33,2025-08-21T12:00:00
6949,80,262,4,1552.31,2025-01-08T15:10:00
6950,212,129,1,23.98,2025-01-16T07:37:00
6951,46,214,4,2687.45,2025-03-30T16:32:00
6952,125,228,2,3010.68,2025-10-04T10:57:00
6953,291,115,1,3886.58,2025-03-21T05:50:00
6954,230,265,1,1373.11,2025-10-20T11:15:00
6955,163,126,4,2952.35,2025-03-18T07:49:00
6956,90,22,4,841.13,2025-06-03T16:26:00
6957,51,44,3,2161.92,2025-03-23T07:03:00
6958,200,256,1,327.27,2025-10-22T08:24:00
6959,252,20,1,1388.37,2025-02-09T04:35:00
6960,1,131,3,2190.43,2025-03-23T01:35:00
6961,104,215,2,1428.42,2025-08-17T09:32:00
6962,169,207,2,1074.26,2025-08-18T17:41:00
6963,285,218,1,2400.84,2025-04-24T04:51:00
6964,232,236,4,131.54,2025-08-01T06:39:00
6965,170,34,2,2041.16,2025-10-19T18:03:00
6966,219,185,4,1462.43,2025-07-31T18:35:00
6967,129,113,4,2026.31,2025-05-05T21:15:00
6968,244,191,4,3906.38,2025-09-17T08:22:00
6969,114,176,4,2267.17,2025-09-11T16:23:00
6970,289,71,3,4822.87,2025-09-16T07:26:00
6971,38,275,2,2201.86,2025-06-09T17:56:00
6972,290,86,2,3794.12,2025-07-13T01:18:00
6973,67,138,3,1625.35,2025-04-04T11:53:00
6974,200,255,1,781.25,2025-09-03T16:11:00
6975,171,285,1,4566.13,2025-02-25T23:00:00
6976,120,225,4,1045.57,2025-03-24T18:18:00
6977,2,115,1,1523.58,2025-09-09T08:05:00
6978,81,224,1,2564.97,2025-07-12T10:20:00
6979,62,8,4,3884.61,2025-02-22T19:52:00
6980,237,2,4,4240.57,2025-09-15T06:39:00
6981,106,41,2,643.89,2025-06-05T01:10:00
6982,242,188,3,912.15,2025-01-22T02:56:00
6983,207,192,4,1825.38,2025-06-13T15:19:00
6984,267,194,2,3174.84,2025-10-12T02:00:00
6985,254,2,3,1974.5,2025-06-22T10:30:00
6986,108,268,3,583.41,2025-10-20T12:00:00
6987,15,221,4,4141.1,2025-07-28T21:55:00
6988,35,176,2,4917.21,2025-08-14T12:25:00
6989,11,85,3,1462.9,2025-07-11T12:38:00
6990,238,47,1,1470.29,2025-04-28T22:57:00
6991,199,232,3,2293.56,2025-07-05T08:25:00
6992,9,197,2,1345.27,2025-04-03T13:01:00
6993,191,100,2,4356.01,2025-10-07T05:52:00
6994,159,223,4,1888.95,2025-01-26T17:45:00
6995,60,264,4,3790.2,2025-09-22T17:02:00
6996,148,56,3,3198.93,2025-04-09T13:14:00
6997,157,270,4,1304.2,2025-02-23T04:51:00
6998,200,62,2,4333.56,2025-01-29T05:10:00
6999,107,12,3,1475.06,2025-02-05T21:10:00
7000,44,102,3,4968.2,2025-06-15T10:53:00
7001,226,16,1,2379.94,2025-06-25T12:24:00
7002,286,249,2,4692.99,2025-01-30T12:41:00
7003,108,215,3,2236.49,2025-09-27T06:28:00
7004,38,190,1,4824.74,2025-01-27T09:06:00
7005,121,205,4,2279.88,2025-07-14T15:38:00
7006,185,297,2,3718.19,2025-03-09T08:55:00
7007,197,246,2,2342.23,2025-08-04T15:20:00
7008,169,232,1,4046.24,2025-01-16T19:19:00
7009,172,136,1,4613.29,2025-10-03T22:39:00
7010,143,153,2,2801.29,2025-09-28T04:24:00
7011,229,207,3,4780.02,2025-05-01T21:24:00
7012,199,250,3,3833.83,2025-09-24T13:53:00
7013,260,299,4,3014.61,2025-01-05T16:49:00
7014,246,266,4,1163.57,2025-02-10T09:07:00
7015,277,123,3,2922.51,2025-05-27T19:03:00
7016,145,150,3,2334.99,2025-04-06T14:03:00
7017,232,71,3,1504.28,2025-06-25T23:09:00
7018,246,288,4,323.4,2025-06-21T08:29:00
7019,84,282,4,1389.94,2025-01-29T14:20:00
7020,47,126,1,4658.24,2025-07-15T00:15:00
7021,230,280,2,4908.0,2025-01-16T07:20:00
7022,212,268,1,3381.44,2025-01-10T17:41:00
7023,191,274,4,2404.14,2025-01-01T23:30:00
7024,184,16,1,960.99,2025-04-21T19:40:00
7025,89,166,4,4842.2,2025-08-20T19:59:00
7026,245,156,4,4073.29,2025-02-17T15:49:00
7027,247,35,4,910.57,2025-07-28T23:28:00
7028,271,211,1,2021.75,2025-04-30T07:48:00
7029,288,201,2,3956.65,2025-03-03T07:00:00
7030,102,73,4,653.48,2025-09-22T13:19:00
7031,14,130,4,1985.55,2025-05-22T18:31:00
7032,232,16,3,1128.86,2025-06-02T08:51:00
7033,128,132,3,1439.88,2025-03-09T03:41:00
7034,239,195,2,246.74,2025-10-04T20:02:00
7035,40,91,2,4484.18,2025-09-17T05:34:00
7036,5,13,2,4114.98,2025-07-01T07:54:00
7037,198,165,1,1447.73,2025-07-01T12:33:00
7038,219,215,1,196.55,2025-02-10T19:10:00
7039,112,97,1,3929.24,2025-06-11T04:51:00
7040,154,8,3,4462.25,2025-03-04T10:40:00
7041,234,168,3,3477.48,2025-03-16T14:27:00
7042,265,214,1,3260.01,2025-03-31T15:28:00
7043,293,102,2,1134.87,2025-06-18T13:53:00
7044,160,80,1,472.93,2025-05-18T08:50:00
7045,165,230,4,4815.96,2025-02-12T13:55:00
7046,90,295,3,269.98,2025-08-01T09:04:00
7047,8,110,1,2675.5,2025-02-02T20:41:00
7048,250,126,2,3194.01,2025-07-08T04:13:00
7049,131,220,3,3507.19,2025-07-05T09:27:00
7050,33,66,1,1105.81,2025-10-05T08:47:00
7051,211,233,2,2180.79,2025-06-04T21:03:00
7052,39,263,2,3528.28,2025-09-19T19:07:00
7053,154,108,3,4910.49,2025-06-23T20:16:00
7054,93,176,4,631.23,2025-09-30T21:55:00
7055,217,2,4,3469.35,2025-09-19T02:53:00
7056,128,260,3,4844.33,2025-08-21T10:54:00
7057,38,126,3,3874.22,2025-08-26T21:17:00
7058,46,258,3,97.19,2025-10-02T04:42:00
7059,134,27,3,3359.74,2025-06-11T08:26:00
7060,180,40,2,301.98,2025-01-12T21:40:00
7061,221,56,1,3123.06,2025-06-28T18:29:00
7062,112,226,2,1644.34,2025-01-01T07:07:00
7063,162,274,3,1896.03,2025-04-27T19:50:00
7064,129,139,2,2737.51,2025-06-14T08:43:00
7065,9,32,2,3899.24,2025-04-18T03:36:00
7066,182,25,4,2803.2,2025-05-05T00:56:00
7067,176,97,1,4246.42,2025-05-03T08:40:00
7068,108,96,2,4400.26,2025-03-14T00:57:00
7069,170,187,3,3535.76,2025-07-15T04:56:00
7070,259,155,4,1860.48,2025-06-26T23:59:00
7071,227,280,2,4172.33,2025-04-28T19:15:00
7072,298,149,2,362.84,2025-10-24T21:22:00
7073,41,277,3,3810.49,2025-10-08T14:33:00
7074,96,272,1,3395.87,2025-10-17T10:30:00
7075,93,261,2,3021.98,2025-09-23T06:00:00
7076,37,288,4,4069.05,2025-09-25T09:25:00
7077,10,231,3,1710.66,2025-08-03T05:42:00
7078,164,194,4,22.7,2025-04-18T05:28:00
7079,51,274,4,1786.62,2025-08-20T10:03:00
7080,297,283,1,3324.33,2025-01-18T15:21:00
7081,65,24,3,2004.94,2025-10-27T01:56:00
7082,237,148,2,2907.16,2025-07-24T08:58:00
7083,273,129,4,4978.08,2025-04-08T19:10:00
7084,22,77,3,3147.46,2025-05-11T08:00:00
7085,245,121,1,2872.92,2025-02-11T17:41:00
7086,1,62,1,908.47,2025-04-11T12:31:00
7087,93,37,4,3093.83,2025-05-10T04:57:00
7088,222,43,4,2078.47,2025-08-04T08:30:00
7089,34,15,4,3473.42,2025-04-23T11:11:00
7090,227,175,4,1836.51,2025-01-13T17:15:00
7091,55,99,1,3258.84,2025-02-08T23:24:00
7092,41,269,2,896.48,2025-06-19T05:36:00
7093,24,31,4,1479.55,2025-07-16T12:45:00
7094,138,108,1,2751.45,2025-01-13T09:09:00
7095,285,121,1,1992.12,2025-03-13T06:08:00
7096,154,196,3,4927.53,2025-08-31T03:02:00
7097,195,25,4,311.23,2025-08-21T20:15:00
7098,252,233,2,366.64,2025-03-04T17:07:00
7099,21,31,4,808.9,2025-01-14T16:42:00
7100,132,242,1,3633.44,2025-02-18T14:03:00
7101,177,201,3,2327.43,2025-08-08T23:21:00
7102,277,190,4,3782.95,2025-08-19T18:01:00
7103,116,205,4,4354.07,2025-06-13T20:37:00
7104,144,251,1,4168.12,2025-01-11T18:48:00
7105,299,112,4,2648.62,2025-10-04T22:54:00
7106,206,162,2,1089.98,2025-01-23T17:00:00
7107,148,162,2,972.01,2025-04-19T00:16:00
7108,279,90,1,3938.7,2025-01-17T00:01:00
7109,79,202,4,1750.82,2025-05-15T14:22:00
7110,104,223,3,3950.56,2025-02-15T13:13:00
7111,271,72,3,407.94,2025-08-30T04:52:00
7112,104,27,2,4214.22,2025-06-28T16:10:00
7113,46,244,2,4909.32,2025-04-26T21:15:00
7114,15,279,1,3914.93,2025-05-13T17:59:00
7115,7,275,4,4403.31,2025-02-10T03:10:00
7116,189,258,1,1516.41,2025-04-29T01:25:00
7117,164,238,4,638.72,2025-02-21T04:28:00
7118,55,208,1,8.95,2025-09-29T03:54:00
7119,233,213,4,4871.01,2025-07-08T04:05:00
7120,171,78,4,2422.55,2025-08-20T03:04:00
7121,7,232,1,4680.29,2025-10-01T13:33:00
7122,222,141,4,4960.53,2025-06-07T03:18:00
7123,243,121,3,4374.96,2025-06-09T13:35:00
7124,292,172,2,3180.8,2025-05-30T05:21:00
7125,89,163,4,2224.07,2025-07-14T17:37:00
7126,292,252,4,4057.15,2025-04-24T21:53:00
7127,294,192,1,1943.21,2025-07-17T01:14:00
7128,83,128,4,3699.3,2025-01-16T03:16:00
7129,9,181,1,3396.03,2025-02-09T11:41:00
7130,50,195,2,708.46,2025-01-30T20:19:00
7131,250,252,2,1687.26,2025-08-03T02:44:00
7132,47,186,3,3435.06,2025-04-28T07:51:00
7133,259,150,1,1970.76,2025-10-24T21:58:00
7134,9,223,2,2739.97,2025-09-18T02:20:00
7135,210,204,1,3309.89,2025-04-09T00:59:00
7136,295,274,1,1760.04,2025-02-12T20:33:00
7137,111,135,2,1374.19,2025-10-18T06:26:00
7138,128,165,4,2639.61,2025-09-25T15:28:00
7139,128,146,4,729.14,2025-05-14T03:45:00
7140,218,238,4,725.51,2025-10-02T15:47:00
7141,149,124,1,3088.08,2025-05-27T15:19:00
7142,67,103,2,1957.24,2025-05-01T23:19:00
7143,268,248,1,3022.16,2025-03-30T18:54:00
7144,172,54,4,3361.73,2025-10-14T22:37:00
7145,21,285,3,1745.5,2025-09-27T04:24:00
7146,72,225,4,4529.37,2025-04-25T03:55:00
7147,96,173,1,657.52,2025-10-14T14:25:00
7148,207,115,3,40.07,2025-02-23T19:28:00
7149,130,134,4,2129.5,2025-04-04T04:19:00
7150,206,265,3,4700.7,2025-02-28T13:37:00
7151,92,35,4,1856.68,2025-08-25T03:15:00
7152,191,74,3,1641.88,2025-08-21T00:45:00
7153,168,4,1,1775.46,2025-08-14T08:43:00
7154,171,270,1,2426.06,2025-08-03T09:34:00
7155,236,266,3,579.58,2025-10-07T21:15:00
7156,61,92,4,2181.36,2025-09-11T17:49:00
7157,121,101,3,3035.21,2025-10-04T05:40:00
7158,66,132,3,638.35,2025-10-05T17:07:00
7159,199,8,2,4400.39,2025-05-08T09:06:00
7160,250,218,3,1560.46,2025-02-24T08:06:00
7161,53,297,1,167.85,2025-02-21T09:43:00
7162,237,114,1,3148.63,2025-10-23T16:52:00
7163,121,161,3,1412.25,2025-01-05T21:06:00
7164,69,235,4,372.06,2025-08-15T15:44:00
7165,54,165,4,3237.64,2025-06-23T06:52:00
7166,3,50,4,1412.51,2025-09-07T18:58:00
7167,130,8,1,3286.81,2025-01-15T17:38:00
7168,82,86,1,4311.76,2025-05-14T03:38:00
7169,200,167,3,169.52,2025-10-17T07:29:00
7170,216,129,3,638.11,2025-08-01T20:20:00
7171,285,232,2,2625.77,2025-03-28T07:35:00
7172,198,164,4,896.21,2025-07-31T01:00:00
7173,284,5,3,2900.17,2025-01-14T21:55:00
7174,62,270,1,39.6,2025-05-07T00:00:00
7175,171,100,4,2692.71,2025-10-07T12:55:00
7176,269,246,2,3930.95,2025-03-21T01:58:00
7177,98,6,4,357.25,2025-10-05T02:57:00
7178,218,293,2,4697.99,2025-04-15T22:37:00
7179,240,194,4,840.84,2025-07-07T08:04:00
7180,179,35,1,2229.48,2025-03-06T14:46:00
7181,69,86,3,4245.18,2025-03-21T21:35:00
7182,210,111,3,2692.0,2025-05-02T09:37:00
7183,86,200,2,2799.43,2025-10-04T15:41:00
7184,138,166,3,3046.99,2025-01-28T19:09:00
7185,118,123,3,1819.4,2025-09-26T16:22:00
7186,234,77,2,1316.41,2025-04-21T20:33:00
7187,50,223,1,3314.75,2025-01-14T11:20:00
7188,285,250,3,1043.74,2025-03-18T18:26:00
7189,45,140,1,4903.63,2025-06-02T02:27:00
7190,240,290,3,3137.95,2025-03-22T20:02:00
7191,96,238,1,1377.82,2025-05-15T17:05:00
7192,37,288,1,2368.66,2025-03-24T16:17:00
7193,173,265,3,2682.49,2025-09-05T08:37:00
7194,132,22,1,2883.7,2025-03-31T13:11:00
7195,283,265,4,1736.24,2025-10-04T00:56:00
7196,253,95,1,4142.02,2025-10-13T20:42:00
7197,12,183,4,4011.82,2025-02-11T18:57:00
7198,255,147,2,4822.29,2025-06-14T14:20:00
7199,76,66,3,1722.5,2025-07-11T20:26:00
7200,257,13,3,2124.62,2025-01-07T00:06:00
7201,174,288,1,642.93,2025-04-19T12:54:00
7202,79,140,2,1470.52,2025-05-27T15:43:00
7203,20,3,2,4865.6,2025-06-26T03:36:00
7204,21,202,4,4521.22,2025-06-07T22:17:00
7205,218,26,3,4045.05,2025-08-31T22:31:00
7206,82,148,4,2424.57,2025-08-23T12:15:00
7207,28,273,2,1669.84,2025-03-09T21:34:00
7208,16,49,1,189.58,2025-08-02T07:17:00
7209,236,158,1,2526.93,2025-05-16T04:02:00
7210,79,81,2,81.97,2025-10-16T15:56:00
7211,177,234,2,1077.92,2025-08-10T17:49:00
7212,96,257,4,1893.84,2025-08-19T11:46:00
7213,183,178,2,1662.66,2025-07-31T17:20:00
7214,197,277,3,127.23,2025-08-07T12:17:00
7215,257,245,2,3290.92,2025-06-08T16:30:00
7216,58,115,1,261.1,2025-03-31T10:22:00
7217,134,208,3,1706.16,2025-05-08T07:18:00
7218,228,261,3,685.48,2025-05-16T20:40:00
7219,261,147,3,2278.33,2025-05-27T03:44:00
7220,160,191,1,1648.06,2025-07-17T06:48:00
7221,101,247,1,2139.86,2025-06-21T20:06:00
7222,34,268,1,2954.74,2025-03-03T06:34:00
7223,226,187,3,1631.83,2025-05-24T05:11:00
7224,295,269,1,3327.53,2025-05-07T20:09:00
7225,148,40,4,4236.49,2025-08-25T23:05:00
7226,42,267,1,4304.46,2025-07-13T14:44:00
7227,236,151,2,1898.2,2025-05-16T17:39:00
7228,2,267,3,3020.06,2025-08-13T03:16:00
7229,115,213,3,2354.29,2025-04-16T20:19:00
7230,246,200,2,3578.07,2025-08-02T02:25:00
7231,47,270,4,4026.84,2025-07-16T09:46:00
7232,162,269,1,2700.64,2025-04-07T02:50:00
7233,213,163,2,3629.54,2025-08-17T18:47:00
7234,19,15,3,972.61,2025-02-03T04:26:00
7235,11,190,3,3486.08,2025-09-08T09:03:00
7236,72,273,3,4632.55,2025-07-08T17:48:00
7237,227,217,3,1874.78,2025-02-18T20:10:00
7238,213,265,1,1139.61,2025-09-11T16:15:00
7239,231,108,1,3907.55,2025-05-04T11:37:00
7240,158,56,2,3684.2,2025-05-14T10:37:00
7241,89,104,2,4055.48,2025-09-22T01:47:00
7242,93,148,3,1599.68,2025-09-13T02:58:00
7243,53,197,2,4055.75,2025-08-27T08:49:00
7244,107,171,1,4552.45,2025-05-25T19:08:00
7245,264,211,2,673.32,2025-01-29T04:13:00
7246,52,238,3,3171.57,2025-01-18T04:33:00
7247,39,23,4,19.38,2025-09-06T12:14:00
7248,152,141,2,1042.1,2025-08-01T00:11:00
7249,193,107,2,3624.18,2025-07-23T08:04:00
7250,207,92,4,193.46,2025-03-29T10:09:00
7251,49,185,1,1348.57,2025-04-27T11:54:00
7252,49,244,2,3249.86,2025-07-15T16:23:00
7253,23,135,3,2682.24,2025-03-28T12:03:00
7254,73,126,3,1440.09,2025-08-29T04:56:00
7255,87,132,1,4458.45,2025-07-04T07:02:00
7256,208,40,1,4967.1,2025-01-09T00:17:00
7257,188,272,2,2368.99,2025-03-26T06:17:00
7258,27,260,4,183.62,2025-07-11T13:35:00
7259,116,113,3,1833.09,2025-07-03T12:15:00
7260,261,190,1,2631.45,2025-03-20T17:16:00
7261,108,289,4,1488.96,2025-07-19T18:35:00
7262,22,23,3,3584.27,2025-09-08T22:13:00
7263,104,269,1,2306.94,2025-03-06T12:40:00
7264,199,1,3,55.15,2025-05-09T14:56:00
7265,190,14,1,2277.63,2025-06-11T00:21:00
7266,212,201,3,3909.94,2025-09-22T19:48:00
7267,20,204,3,2676.86,2025-07-23T18:31:00
7268,69,84,2,850.35,2025-04-04T01:16:00
7269,123,10,1,1999.49,2025-02-02T18:06:00
7270,20,220,4,4191.45,2025-02-21T23:54:00
7271,127,196,2,1702.71,2025-02-10T21:51:00
7272,47,155,2,4167.63,2025-03-20T17:25:00
7273,56,69,2,1085.41,2025-10-11T13:43:00
7274,62,139,1,3580.28,2025-03-09T20:18:00
7275,169,153,2,732.48,2025-03-21T05:18:00
7276,123,12,2,1161.05,2025-03-09T22:03:00
7277,8,14,1,957.45,2025-08-18T16:38:00
7278,88,279,2,1327.46,2025-05-01T10:03:00
7279,251,291,1,3572.16,2025-04-30T10:14:00
7280,83,166,4,587.29,2025-09-06T13:11:00
7281,144,266,3,2042.45,2025-09-07T12:18:00
7282,29,276,4,2294.57,2025-07-05T06:24:00
7283,36,141,1,2761.38,2025-01-01T20:29:00
7284,21,28,4,1233.69,2025-05-02T12:03:00
7285,66,249,2,4549.94,2025-06-21T13:30:00
7286,84,216,1,2451.97,2025-04-12T13:11:00
7287,75,150,3,4059.2,2025-10-07T18:30:00
7288,231,233,2,2721.74,2025-04-04T22:19:00
7289,100,258,2,324.82,2025-08-10T05:38:00
7290,82,85,2,4958.09,2025-09-29T07:12:00
7291,268,43,2,2503.01,2025-06-16T05:46:00
7292,84,112,3,3008.93,2025-01-15T12:09:00
7293,249,15,3,4597.26,2025-01-22T23:43:00
7294,50,143,3,376.68,2025-06-09T10:59:00
7295,83,95,2,1261.94,2025-07-09T12:28:00
7296,14,268,2,2878.53,2025-04-27T22:41:00
7297,179,18,3,2077.84,2025-03-22T22:39:00
7298,97,101,4,1395.28,2025-06-30T06:54:00
7299,176,284,2,1040.08,2025-09-25T14:32:00
7300,299,187,1,3658.17,2025-01-12T10:15:00
7301,17,297,3,1704.69,2025-09-04T11:36:00
7302,177,31,2,1730.09,2025-09-02T04:14:00
7303,94,98,1,33.36,2025-01-03T17:26:00
7304,36,286,4,3017.01,2025-06-05T16:52:00
7305,153,202,4,1429.22,2025-06-29T05:47:00
7306,51,138,2,3701.03,2025-07-14T11:02:00
7307,285,196,2,3324.54,2025-03-13T14:54:00
7308,1,89,3,4094.71,2025-07-08T20:42:00
7309,136,53,1,3731.25,2025-02-01T11:22:00
7310,211,92,3,4892.39,2025-03-15T13:42:00
7311,209,229,4,4482.25,2025-09-17T00:50:00
7312,292,136,1,3696.15,2025-10-19T12:19:00
7313,248,19,2,1005.89,2025-05-17T05:53:00
7314,148,167,2,4892.17,2025-03-21T00:27:00
7315,164,139,2,705.46,2025-07-28T20:04:00
7316,152,113,3,4343.04,2025-04-17T15:04:00
7317,177,77,3,954.37,2025-03-03T01:38:00
7318,34,172,4,2669.81,2025-01-16T19:58:00
7319,187,124,1,3738.46,2025-04-06T05:23:00
7320,84,206,3,2934.38,2025-05-25T14:35:00
7321,238,32,4,2194.39,2025-07-15T09:18:00
7322,84,260,4,3138.14,2025-04-30T01:29:00
7323,16,236,1,3674.03,2025-02-05T23:02:00
7324,56,70,3,4997.71,2025-05-29T16:49:00
7325,5,191,4,3031.98,2025-06-02T04:06:00
7326,58,261,4,1540.42,2025-10-28T20:01:00
7327,14,144,3,2922.94,2025-01-28T21:49:00
7328,32,225,2,3494.67,2025-02-06T23:53:00
7329,151,292,2,4995.97,2025-05-26T18:38:00
7330,107,9,4,1449.37,2025-05-16T02:08:00
7331,38,31,4,205.3,2025-05-21T21:13:00
7332,39,15,3,1855.49,2025-01-05T06:05:00
7333,187,268,4,2750.42,2025-01-20T12:26:00
7334,8,221,4,4833.5,2025-07-03T20:07:00
7335,137,60,3,2614.32,2025-06-26T02:21:00
7336,207,11,3,606.6,2025-03-09T14:30:00
7337,27,80,1,1717.09,2025-04-28T17:24:00
7338,59,54,3,615.21,2025-02-10T22:27:00
7339,90,242,1,1283.99,2025-07-09T19:12:00
7340,135,58,1,1967.47,2025-08-04T10:00:00
7341,131,256,2,4735.5,2025-06-28T06:07:00
7342,19,255,2,2498.82,2025-02-08T05:09:00
7343,4,225,2,1612.93,2025-01-17T17:41:00
7344,157,165,2,1506.7,2025-01-11T17:33:00
7345,224,18,4,3372.9,2025-03-07T10:49:00
7346,118,121,4,199.69,2025-01-08T18:47:00
7347,295,122,1,4166.59,2025-02-20T22:53:00
7348,138,31,1,4057.63,2025-09-16T03:10:00
7349,232,57,2,3310.52,2025-04-05T16:33:00
7350,230,157,1,1680.48,2025-05-12T19:09:00
7351,183,136,2,1492.78,2025-06-19T01:09:00
7352,208,219,3,3225.65,2025-09-03T07:34:00
7353,222,202,4,4471.71,2025-10-08T02:56:00
7354,43,20,3,355.0,2025-03-29T18:40:00
7355,70,240,2,4096.87,2025-04-07T00:47:00
7356,219,253,4,2490.94,2025-09-22T07:42:00
7357,198,234,4,2540.46,2025-01-06T15:00:00
7358,262,69,3,4803.39,2025-09-15T19:50:00
7359,115,184,1,3580.71,2025-04-23T06:47:00
7360,50,182,4,2883.78,2025-01-29T17:11:00
7361,128,222,4,424.06,2025-07-18T20:10:00
7362,9,43,4,4132.2,2025-03-19T18:51:00
7363,167,60,2,1909.87,2025-07-25T01:56:00
7364,288,215,4,3880.54,2025-02-14T00:35:00
7365,139,1,2,3125.8,2025-10-18T05:42:00
7366,245,201,4,1085.69,2025-07-30T00:49:00
7367,271,214,2,4440.49,2025-04-16T06:52:00
7368,299,178,1,1958.69,2025-07-27T20:31:00
7369,220,5,3,1774.33,2025-09-27T20:01:00
7370,19,174,1,3395.49,2025-01-28T17:13:00
7371,23,214,2,1806.73,2025-09-16T01:22:00
7372,190,221,3,1561.59,2025-02-09T18:36:00
7373,148,35,2,1309.94,2025-08-02T02:25:00
7374,25,191,1,3497.34,2025-10-27T19:02:00
7375,226,205,1,2908.4,2025-09-16T03:47:00
7376,159,275,2,2068.22,2025-09-25T08:39:00
7377,8,122,2,4188.74,2025-02-17T14:28:00
7378,143,289,1,4870.55,2025-09-02T13:28:00
7379,171,191,1,4845.38,2025-01-21T08:12:00
7380,253,174,2,3690.36,2025-02-23T10:52:00
7381,229,182,2,4466.2,2025-06-14T01:45:00
7382,276,127,4,183.71,2025-04-12T18:03:00
7383,110,218,4,1459.23,2025-08-08T14:54:00
7384,185,203,4,4757.82,2025-04-15T10:04:00
7385,162,128,3,3308.65,2025-09-10T09:12:00
7386,70,255,1,2593.01,2025-03-29T01:29:00
7387,280,23,1,1041.4,2025-10-04T02:54:00
7388,2,60,1,1249.14,2025-03-15T00:32:00
7389,78,123,3,4533.59,2025-07-27T00:38:00
7390,13,296,4,1740.74,2025-09-24T17:51:00
7391,182,59,4,1995.94,2025-10-16T00:31:00
7392,203,134,3,1332.98,2025-01-25T08:14:00
7393,148,205,1,2173.68,2025-03-14T04:44:00
7394,87,239,4,665.51,2025-02-23T00:21:00
7395,138,20,2,3622.23,2025-01-10T23:54:00
7396,93,268,3,4257.87,2025-07-31T11:46:00
7397,170,300,2,4514.67,2025-09-29T18:20:00
7398,197,277,4,4516.61,2025-10-22T06:54:00
7399,99,300,4,4896.26,2025-06-30T06:56:00
7400,33,273,1,885.25,2025-10-05T09:35:00
7401,226,211,1,3925.55,2025-06-05T09:16:00
7402,115,226,2,1891.82,2025-01-19T19:54:00
7403,32,263,3,2194.59,2025-04-25T23:29:00
7404,157,227,4,3770.0,2025-02-23T16:45:00
7405,112,131,2,3553.85,2025-01-09T00:10:00
7406,147,85,4,2688.41,2025-06-25T05:54:00
7407,104,152,4,3623.6,2025-02-10T10:04:00
7408,82,58,4,2462.24,2025-01-03T16:59:00
7409,210,23,1,103.56,2025-08-07T10:32:00
7410,229,258,2,3529.88,2025-03-08T23:23:00
7411,216,185,2,3778.53,2025-04-22T17:52:00
7412,169,129,1,3141.63,2025-06-03T23:18:00
7413,173,10,2,4406.96,2025-10-09T12:12:00
7414,270,102,3,1888.17,2025-07-19T19:48:00
7415,12,268,1,4994.77,2025-05-31T19:33:00
7416,201,23,2,3027.08,2025-07-27T10:14:00
7417,94,285,2,4329.61,2025-06-26T21:59:00
7418,104,12,4,88.19,2025-02-23T19:02:00
7419,150,270,4,2584.35,2025-01-12T02:22:00
7420,32,264,2,4560.58,2025-05-03T08:51:00
7421,164,37,2,3032.86,2025-03-18T19:41:00
7422,129,178,3,3769.09,2025-09-18T06:12:00
7423,255,287,1,1525.08,2025-09-09T22:19:00
7424,75,180,1,2291.99,2025-06-07T07:33:00
7425,69,24,2,2976.19,2025-01-31T20:45:00
7426,29,227,4,2238.95,2025-06-20T10:00:00
7427,18,165,2,4859.14,2025-06-13T15:50:00
7428,197,31,2,1965.34,2025-08-20T06:13:00
7429,200,35,3,907.91,2025-05-10T15:17:00
7430,44,183,1,4155.72,2025-04-25T04:39:00
7431,162,224,4,3545.37,2025-05-21T16:56:00
7432,81,136,2,2085.79,2025-10-07T10:04:00
7433,228,271,2,3478.46,2025-07-05T23:31:00
7434,243,104,1,3813.55,2025-02-04T08:55:00
7435,201,16,1,2465.54,2025-05-11T02:38:00
7436,194,157,1,4491.28,2025-01-31T01:52:00
7437,80,168,4,3384.63,2025-04-14T21:21:00
7438,219,65,4,2603.83,2025-10-13T15:30:00
7439,246,196,3,1307.24,2025-03-10T07:19:00
7440,242,63,3,1726.03,2025-04-09T14:17:00
7441,4,66,2,2093.66,2025-07-02T20:49:00
7442,221,176,2,2852.5,2025-07-12T15:23:00
7443,199,92,4,1852.32,2025-05-09T10:43:00
7444,133,8,2,3896.51,2025-10-27T20:32:00
7445,294,127,4,1809.44,2025-07-03T10:15:00
7446,205,153,2,910.11,2025-01-26T18:16:00
7447,225,18,3,1288.91,2025-05-14T15:55:00
7448,204,184,2,3053.62,2025-01-06T02:35:00
7449,240,198,2,4174.93,2025-02-01T08:54:00
7450,123,262,3,4523.98,2025-03-17T16:28:00
7451,33,181,2,1360.74,2025-05-17T07:01:00
7452,68,299,4,4493.45,2025-05-03T17:20:00
7453,160,139,2,4016.61,2025-02-01T04:39:00
7454,133,275,1,1511.21,2025-08-06T16:33:00
7455,198,286,1,2698.62,2025-08-20T12:12:00
7456,131,90,4,831.96,2025-08-13T14:06:00
7457,58,180,4,2751.6,2025-04-10T15:50:00
7458,275,44,3,4446.78,2025-03-04T12:10:00
7459,34,251,2,1893.54,2025-08-31T02:15:00
7460,271,254,2,319.97,2025-01-11T22:40:00
7461,111,39,1,1992.02,2025-08-01T22:07:00
7462,218,87,3,3734.93,2025-07-23T19:46:00
7463,280,268,4,2400.2,2025-07-21T05:59:00
7464,39,258,2,904.88,2025-08-26T18:40:00
7465,93,65,3,2472.71,2025-10-10T13:28:00
7466,22,234,1,1965.15,2025-08-15T02:40:00
7467,138,266,3,2303.97,2025-03-14T10:29:00
7468,275,190,2,965.45,2025-06-11T04:38:00
7469,258,29,1,3926.81,2025-04-07T09:48:00
7470,36,115,4,1199.69,2025-06-24T08:08:00
7471,147,245,1,4820.53,2025-06-27T10:33:00
7472,96,93,1,2789.07,2025-10-17T10:05:00
7473,228,48,1,2257.48,2025-01-14T13:29:00
7474,242,219,2,4134.41,2025-03-01T06:06:00
7475,201,153,3,1222.72,2025-04-11T06:25:00
7476,152,83,3,1615.36,2025-01-05T07:23:00
7477,126,125,2,4077.68,2025-02-15T01:06:00
7478,83,173,3,3492.05,2025-08-19T10:49:00
7479,36,150,3,4246.13,2025-08-18T15:02:00
7480,120,49,4,14.3,2025-08-08T17:42:00
7481,65,190,2,937.12,2025-02-04T08:51:00
7482,111,169,3,1857.62,2025-04-09T12:55:00
7483,242,262,2,2187.55,2025-08-10T07:26:00
7484,154,160,3,4489.3,2025-09-17T03:01:00
7485,207,100,2,3921.0,2025-08-18T06:36:00
7486,72,14,4,4104.33,2025-01-12T08:08:00
7487,298,151,2,3081.87,2025-03-13T02:05:00
7488,90,137,4,1316.91,2025-04-19T20:48:00
7489,175,26,4,3012.25,2025-09-05T17:57:00
7490,87,31,2,2515.68,2025-03-10T03:06:00
7491,71,10,2,2560.45,2025-09-16T06:37:00
7492,21,54,3,4444.41,2025-07-08T19:22:00
7493,153,251,4,397.73,2025-10-14T01:46:00
7494,199,263,1,4750.35,2025-01-20T09:46:00
7495,16,4,3,3412.35,2025-05-19T13:33:00
7496,9,41,2,596.93,2025-05-21T06:58:00
7497,124,214,1,4579.01,2025-09-10T08:12:00
7498,96,53,1,602.99,2025-06-26T08:36:00
7499,171,67,1,3794.09,2025-08-31T19:47:00
7500,56,195,1,3013.33,2025-02-04T07:24:00
7501,150,34,4,3218.99,2025-06-12T22:36:00
7502,66,10,3,4891.46,2025-06-04T17:40:00
7503,105,204,1,4505.71,2025-01-14T02:26:00
7504,267,7,1,3782.83,2025-06-24T21:13:00
7505,214,10,4,1463.49,2025-06-03T11:40:00
7506,101,137,4,1041.83,2025-01-31T00:54:00
7507,299,212,1,4729.87,2025-07-10T06:21:00
7508,104,15,3,1106.09,2025-06-26T13:47:00
7509,89,158,1,4321.45,2025-06-03T19:31:00
7510,23,136,4,1385.0,2025-06-19T10:22:00
7511,50,208,2,819.1,2025-05-25T01:53:00
7512,171,231,3,503.21,2025-10-17T06:23:00
7513,102,291,1,3135.7,2025-05-01T16:41:00
7514,297,38,4,4072.54,2025-07-24T15:28:00
7515,14,185,2,367.16,2025-09-17T10:43:00
7516,259,194,1,1309.5,2025-04-07T19:16:00
7517,74,8,1,4983.11,2025-09-21T21:42:00
7518,272,74,3,3869.45,2025-10-04T20:20:00
7519,248,264,2,3045.65,2025-10-06T01:12:00
7520,245,13,2,2263.71,2025-04-16T02:09:00
7521,27,189,4,2836.52,2025-06-06T16:22:00
7522,106,32,4,1263.78,2025-08-23T17:04:00
7523,97,132,1,3615.42,2025-06-28T22:41:00
7524,61,141,1,1600.5,2025-02-06T17:06:00
7525,125,198,1,2473.86,2025-01-18T00:02:00
7526,142,264,3,1525.58,2025-02-25T23:54:00
7527,70,99,3,2534.15,2025-02-23T00:55:00
7528,299,146,3,831.24,2025-06-17T07:44:00
7529,293,198,2,1619.34,2025-07-04T13:05:00
7530,140,138,1,4684.16,2025-10-16T17:28:00
7531,32,33,1,3062.7,2025-03-08T03:21:00
7532,75,131,1,2483.78,2025-08-09T03:07:00
7533,50,158,2,791.96,2025-01-20T19:25:00
7534,176,70,4,4067.78,2025-03-09T03:24:00
7535,212,289,3,2583.74,2025-01-31T00:04:00
7536,33,85,2,1100.16,2025-01-12T03:26:00
7537,233,297,4,1689.61,2025-07-08T20:24:00
7538,238,126,2,1110.88,2025-04-09T12:32:00
7539,158,51,3,1208.02,2025-05-25T12:57:00
7540,87,90,1,3751.08,2025-05-16T21:38:00
7541,29,161,2,2564.63,2025-10-20T20:00:00
7542,176,189,1,3075.73,2025-05-19T05:33:00
7543,36,224,2,1989.28,2025-06-19T14:31:00
7544,92,44,1,3502.23,2025-09-09T05:29:00
7545,147,63,1,4164.23,2025-07-10T18:05:00
7546,180,236,1,1868.76,2025-06-22T02:35:00
7547,160,183,3,841.49,2025-08-06T08:15:00
7548,163,72,2,484.66,2025-04-12T04:35:00
7549,157,73,3,3885.54,2025-09-03T20:42:00
7550,88,291,1,3317.46,2025-01-12T04:39:00
7551,39,235,2,1922.87,2025-02-24T20:41:00
7552,125,135,2,168.59,2025-06-21T15:33:00
7553,57,126,1,1458.59,2025-07-14T04:46:00
7554,191,117,1,1097.31,2025-03-12T08:54:00
7555,34,113,1,80.96,2025-02-27T06:04:00
7556,145,218,3,4165.03,2025-04-05T02:18:00
7557,128,239,4,2513.35,2025-01-15T11:21:00
7558,71,69,4,4829.07,2025-01-13T21:08:00
7559,219,28,3,2819.0,2025-07-24T19:59:00
7560,243,299,4,3480.68,2025-06-29T12:42:00
7561,224,157,1,322.87,2025-06-28T00:54:00
7562,230,223,3,3092.55,2025-07-14T14:10:00
7563,229,207,2,1092.74,2025-07-30T16:01:00
7564,21,227,1,4554.13,2025-05-25T15:20:00
7565,25,183,2,645.04,2025-02-18T02:09:00
7566,248,5,3,716.23,2025-07-09T18:46:00
7567,115,121,2,1055.09,2025-10-10T02:51:00
7568,156,119,2,562.98,2025-02-08T13:25:00
7569,242,158,3,4556.52,2025-07-31T18:31:00
7570,21,250,1,564.47,2025-09-27T22:37:00
7571,170,35,1,592.93,2025-09-10T17:57:00
7572,233,66,2,2916.57,2025-04-11T15:07:00
7573,165,189,4,57.26,2025-07-25T09:08:00
7574,108,207,2,3620.89,2025-06-04T10:51:00
7575,261,276,3,3557.75,2025-10-25T06:28:00
7576,36,144,4,3236.52,2025-09-12T11:55:00
7577,14,266,1,1788.1,2025-08-24T20:04:00
7578,35,255,3,3162.5,2025-05-23T01:03:00
7579,80,250,3,3870.46,2025-05-11T05:17:00
7580,158,119,4,3039.12,2025-04-15T12:24:00
7581,220,27,3,1551.24,2025-07-23T23:29:00
7582,60,62,1,2038.55,2025-09-27T05:47:00
7583,251,226,2,1482.76,2025-08-17T14:18:00
7584,214,225,3,1877.61,2025-03-06T14:57:00
7585,121,125,1,3204.74,2025-09-24T03:20:00
7586,213,254,3,4275.54,2025-03-03T06:50:00
7587,172,142,3,1720.88,2025-08-13T19:29:00
7588,16,236,1,2383.55,2025-08-15T20:03:00
7589,159,192,3,4843.71,2025-01-14T00:04:00
7590,249,101,1,3882.23,2025-05-15T03:09:00
7591,242,89,3,2940.81,2025-02-25T20:11:00
7592,295,284,3,1912.58,2025-03-07T08:03:00
7593,188,176,2,1635.95,2025-02-23T15:30:00
7594,148,273,3,2158.2,2025-03-21T20:25:00
7595,158,80,3,1084.05,2025-06-07T04:32:00
7596,70,79,1,928.26,2025-01-27T08:04:00
7597,2,215,3,4523.06,2025-07-27T01:29:00
7598,83,193,3,786.14,2025-02-01T21:06:00
7599,143,263,4,2099.77,2025-07-30T14:14:00
7600,225,88,3,172.58,2025-10-21T07:10:00
7601,61,294,3,1951.67,2025-04-10T05:03:00
7602,192,1,4,3642.8,2025-01-22T12:57:00
7603,291,199,1,3366.77,2025-06-21T17:33:00
7604,130,140,3,637.4,2025-07-23T08:37:00
7605,136,37,1,4527.84,2025-01-14T01:50:00
7606,88,17,4,2460.92,2025-01-18T09:03:00
7607,211,74,2,4728.19,2025-02-19T11:07:00
7608,239,162,1,3013.47,2025-08-31T18:50:00
7609,92,296,4,142.18,2025-09-25T13:22:00
7610,120,42,3,3395.33,2025-04-19T08:57:00
7611,92,17,4,4134.91,2025-05-27T06:05:00
7612,24,234,4,846.02,2025-03-15T17:29:00
7613,130,171,2,3670.69,2025-09-07T09:10:00
7614,277,204,1,414.8,2025-07-20T22:41:00
7615,242,272,4,4777.32,2025-09-15T16:03:00
7616,61,54,1,4033.71,2025-01-17T20:22:00
7617,89,298,2,4725.17,2025-09-29T07:23:00
7618,85,76,2,2329.96,2025-06-21T01:17:00
7619,147,269,1,1990.68,2025-05-04T20:11:00
7620,136,143,4,2746.7,2025-07-29T01:17:00
7621,57,87,4,528.63,2025-07-07T10:40:00
7622,160,67,4,2929.78,2025-04-11T21:37:00
7623,293,241,1,665.71,2025-06-02T21:24:00
7624,40,198,1,1562.79,2025-07-14T02:03:00
7625,77,219,3,1321.37,2025-02-12T18:47:00
7626,23,136,2,2448.96,2025-01-17T05:39:00
7627,213,235,1,1654.09,2025-04-16T10:26:00
7628,87,122,4,4088.52,2025-05-21T12:42:00
7629,138,167,4,53.0,2025-10-03T11:55:00
7630,45,44,1,4557.51,2025-06-13T12:46:00
7631,121,91,2,3368.07,2025-09-06T19:04:00
7632,60,40,4,2545.86,2025-02-28T05:22:00
7633,88,233,2,3983.6,2025-10-25T02:25:00
7634,150,72,2,658.05,2025-03-14T11:15:00
7635,280,132,1,2762.04,2025-06-19T15:59:00
7636,200,45,4,2029.05,2025-09-06T05:10:00
7637,133,187,2,2182.81,2025-01-08T15:37:00
7638,287,111,2,4985.42,2025-05-25T01:32:00
7639,103,100,4,2558.67,2025-07-20T20:07:00
7640,181,296,2,4260.24,2025-08-01T16:25:00
7641,196,266,1,2712.76,2025-01-12T15:37:00
7642,190,214,3,1196.72,2025-01-13T01:11:00
7643,74,249,3,72.54,2025-04-14T22:26:00
7644,9,144,4,4369.25,2025-03-21T17:02:00
7645,121,114,4,4009.61,2025-05-16T04:43:00
7646,58,111,4,1446.98,2025-04-01T15:52:00
7647,292,117,2,3156.14,2025-07-28T23:45:00
7648,258,143,3,1303.85,2025-09-13T13:47:00
7649,65,127,2,4699.74,2025-10-21T16:13:00
7650,73,159,1,3396.84,2025-03-31T16:05:00
7651,177,258,1,3154.97,2025-08-02T02:42:00
7652,257,14,1,3001.0,2025-10-15T23:03:00
7653,135,10,2,1159.47,2025-04-01T14:09:00
7654,138,155,3,4146.17,2025-04-06T15:23:00
7655,133,70,4,2445.19,2025-03-10T22:45:00
7656,248,92,2,4478.78,2025-02-22T10:22:00
7657,122,75,3,255.67,2025-02-19T12:39:00
7658,297,97,2,2835.66,2025-08-15T08:23:00
7659,50,44,4,1694.57,2025-02-05T13:00:00
7660,280,205,2,3875.7,2025-06-01T18:50:00
7661,167,55,2,1000.48,2025-08-06T13:52:00
7662,3,175,4,1621.92,2025-03-18T20:36:00
7663,208,203,3,4534.27,2025-09-03T02:43:00
7664,48,263,1,1064.92,2025-03-10T21:00:00
7665,233,80,2,3685.41,2025-03-02T18:45:00
7666,45,276,3,4867.02,2025-06-18T11:55:00
7667,28,211,2,2165.99,2025-09-18T10:57:00
7668,33,194,4,4411.8,2025-08-04T20:55:00
7669,185,182,1,4708.02,2025-07-14T13:37:00
7670,227,208,1,3704.5,2025-03-12T06:24:00
7671,141,157,3,3432.98,2025-05-29T07:28:00
7672,3,138,2,4437.41,2025-05-09T04:18:00
7673,54,215,2,2151.98,2025-03-03T15:29:00
7674,241,140,3,743.83,2025-03-16T03:54:00
7675,96,155,2,4835.48,2025-02-25T22:50:00
7676,246,99,1,3342.42,2025-10-23T00:58:00
7677,120,132,4,1023.99,2025-08-21T10:06:00
7678,17,91,3,2704.54,2025-10-14T10:00:00
7679,260,106,2,845.62,2025-02-21T00:19:00
7680,161,107,3,442.45,2025-04-22T10:41:00
7681,219,104,3,4981.15,2025-02-03T22:28:00
7682,40,34,4,1155.02,2025-04-11T11:16:00
7683,229,44,3,4358.8,2025-04-19T07:59:00
7684,260,86,3,1516.95,2025-09-06T13:34:00
7685,293,73,2,167.87,2025-10-04T04:36:00
7686,131,175,1,872.75,2025-09-20T09:22:00
7687,236,61,4,2866.65,2025-02-21T18:42:00
7688,264,44,4,3719.04,2025-07-09T09:38:00
7689,101,55,3,1614.6,2025-08-03T10:06:00
7690,103,112,4,559.34,2025-04-25T13:29:00
7691,149,198,1,2158.22,2025-08-08T00:20:00
7692,140,124,2,2266.11,2025-01-11T15:48:00
7693,122,196,4,395.75,2025-09-13T22:16:00
7694,248,3,4,3029.35,2025-07-11T07:51:00
7695,40,90,1,2269.88,2025-09-28T19:19:00
7696,1,199,4,706.43,2025-08-07T14:09:00
7697,27,140,1,2775.28,2025-03-28T19:12:00
7698,34,55,4,4444.9,2025-10-10T20:28:00
7699,161,286,4,3452.79,2025-09-09T08:00:00
7700,60,74,3,1725.88,2025-03-03T14:21:00
7701,168,1,3,1958.5,2025-02-22T13:07:00
7702,152,120,3,249.07,2025-08-27T04:54:00
7703,194,245,3,1410.3,2025-08-14T13:52:00
7704,30,298,3,449.62,2025-03-08T11:59:00
7705,32,181,4,987.12,2025-01-29T06:32:00
7706,170,165,2,2537.92,2025-09-25T05:12:00
7707,60,108,2,3090.62,2025-08-07T15:32:00
7708,111,159,2,4667.72,2025-10-02T22:43:00
7709,187,297,1,4357.89,2025-08-26T14:26:00
7710,127,263,3,2561.51,2025-07-20T22:51:00
7711,295,76,2,1673.85,2025-05-19T07:31:00
7712,209,101,4,2029.2,2025-09-15T15:06:00
7713,40,237,1,4825.53,2025-08-12T11:55:00
7714,109,176,3,1738.75,2025-04-10T19:17:00
7715,190,25,4,3329.07,2025-09-24T19:21:00
7716,258,66,3,2692.9,2025-05-01T01:38:00
7717,294,237,2,2604.94,2025-06-16T22:40:00
7718,142,63,4,2904.03,2025-06-03T07:05:00
7719,160,290,1,1320.23,2025-02-06T11:16:00
7720,159,17,4,2315.75,2025-07-19T04:19:00
7721,74,282,3,2475.64,2025-01-17T09:01:00
7722,190,82,4,3184.91,2025-08-27T00:12:00
7723,189,129,4,2157.87,2025-04-29T01:28:00
7724,227,293,4,1605.76,2025-01-01T18:01:00
7725,203,182,1,3109.19,2025-05-25T00:31:00
7726,87,117,3,4753.3,2025-07-28T03:23:00
7727,22,140,1,3562.15,2025-02-02T15:03:00
7728,263,79,2,700.1,2025-10-28T04:52:00
7729,163,46,2,3092.83,2025-01-03T05:37:00
7730,183,23,1,3916.32,2025-02-17T09:28:00
7731,132,229,2,3086.42,2025-01-29T22:22:00
7732,190,165,2,1206.99,2025-09-16T06:44:00
7733,15,130,4,1727.94,2025-05-30T10:24:00
7734,279,145,3,686.33,2025-07-15T07:12:00
7735,108,126,3,4422.15,2025-08-01T10:04:00
7736,293,22,2,3566.16,2025-10-15T06:50:00
7737,28,287,2,1476.47,2025-04-17T01:07:00
7738,217,26,4,3310.82,2025-05-11T21:54:00
7739,135,298,1,1010.73,2025-10-17T07:55:00
7740,149,61,4,3415.84,2025-04-10T06:18:00
7741,120,22,4,559.6,2025-03-19T03:40:00
7742,273,82,1,4005.2,2025-01-09T13:42:00
7743,97,292,2,4808.11,2025-02-04T16:59:00
7744,193,237,1,3377.43,2025-01-14T17:51:00
7745,32,79,2,4592.43,2025-10-13T07:56:00
7746,205,296,4,4549.62,2025-03-13T21:50:00
7747,183,231,3,1202.66,2025-07-03T13:19:00
7748,139,33,1,3030.59,2025-04-07T11:18:00
7749,232,95,4,1248.82,2025-10-17T22:25:00
7750,84,157,1,3319.49,2025-04-29T16:44:00
7751,135,74,1,1131.26,2025-09-01T20:22:00
7752,39,134,3,55.05,2025-01-23T19:41:00
7753,13,98,3,3836.69,2025-03-12T16:57:00
7754,193,124,3,1181.6,2025-02-15T00:24:00
7755,247,116,2,1069.29,2025-09-24T05:28:00
7756,197,164,2,4740.44,2025-06-01T17:42:00
7757,27,92,3,2884.53,2025-07-20T16:39:00
7758,295,88,2,4814.41,2025-07-05T17:22:00
7759,170,94,1,371.76,2025-02-27T20:44:00
7760,187,159,3,3870.09,2025-10-09T09:31:00
7761,73,3,4,1358.77,2025-07-07T03:51:00
7762,282,239,1,4867.68,2025-03-10T05:06:00
7763,232,234,3,3078.64,2025-01-28T04:22:00
7764,129,272,2,2872.98,2025-01-14T06:11:00
7765,4,141,1,3616.91,2025-04-28T20:31:00
7766,68,261,1,278.68,2025-03-18T19:29:00
7767,89,175,4,1637.03,2025-07-02T03:09:00
7768,221,110,4,283.91,2025-01-29T15:48:00
7769,219,109,2,3511.23,2025-04-03T05:22:00
7770,53,240,4,2149.94,2025-09-30T19:39:00
7771,90,61,2,2448.06,2025-08-02T05:06:00
7772,107,110,3,1825.29,2025-06-27T17:11:00
7773,189,204,3,1991.82,2025-02-02T18:10:00
7774,167,17,3,4374.67,2025-02-08T09:31:00
7775,187,107,4,2140.83,2025-04-11T14:48:00
7776,285,90,3,4806.79,2025-05-30T16:22:00
7777,279,220,3,4975.74,2025-08-12T13:37:00
7778,184,166,4,2433.07,2025-01-03T10:07:00
7779,288,209,3,4705.61,2025-01-27T12:29:00
7780,298,212,3,4322.21,2025-02-04T03:23:00
7781,300,3,3,3083.14,2025-06-19T13:32:00
7782,234,2,3,4363.55,2025-08-06T08:24:00
7783,256,183,1,4241.15,2025-10-07T01:50:00
7784,154,204,4,4197.11,2025-07-19T07:32:00
7785,94,259,3,163.15,2025-06-01T03:26:00
7786,73,238,3,5.29,2025-03-25T00:40:00
7787,81,93,3,878.03,2025-04-05T07:35:00
7788,7,90,3,1330.95,2025-07-15T04:57:00
7789,253,194,2,1624.29,2025-02-19T09:32:00
7790,238,135,4,3152.08,2025-06-11T21:06:00
7791,68,169,3,1851.67,2025-10-14T19:15:00
7792,280,161,2,4488.34,2025-04-27T10:32:00
7793,151,293,1,2169.12,2025-06-27T07:22:00
7794,174,74,2,2752.87,2025-08-31T20:43:00
7795,165,41,2,4957.19,2025-10-20T22:02:00
7796,34,281,1,2485.22,2025-06-04T18:29:00
7797,128,33,1,402.4,2025-08-05T07:13:00
7798,217,14,1,4646.95,2025-01-28T10:42:00
7799,2,145,3,3027.8,2025-07-19T20:54:00
7800,53,232,3,312.67,2025-07-05T19:31:00
7801,188,267,2,1312.32,2025-05-29T11:38:00
7802,140,87,1,87.31,2025-06-03T05:01:00
7803,261,151,1,4382.69,2025-04-06T17:40:00
7804,209,165,3,2853.52,2025-08-27T17:28:00
7805,90,167,3,178.97,2025-07-11T09:07:00
7806,172,62,1,2870.96,2025-08-23T11:53:00
7807,230,239,1,4911.61,2025-08-15T18:24:00
7808,16,206,1,4541.4,2025-08-05T18:17:00
7809,58,109,3,4082.29,2025-03-29T17:16:00
7810,285,105,4,4239.92,2025-06-10T11:37:00
7811,187,276,2,2424.47,2025-02-01T22:26:00
7812,299,68,2,2082.21,2025-02-26T11:24:00
7813,289,129,1,2177.63,2025-01-11T16:41:00
7814,92,255,4,626.47,2025-01-06T05:45:00
7815,116,182,1,3291.82,2025-01-14T19:48:00
7816,133,188,4,2919.77,2025-06-21T15:13:00
7817,134,100,3,4636.82,2025-08-05T06:13:00
7818,245,184,3,2963.32,2025-02-13T07:46:00
7819,277,243,4,4354.18,2025-02-27T17:33:00
7820,46,45,1,3605.69,2025-04-30T15:39:00
7821,167,82,2,1014.17,2025-05-17T07:10:00
7822,142,42,4,67.2,2025-08-27T03:09:00
7823,251,258,4,3860.54,2025-08-02T07:15:00
7824,262,249,1,4209.19,2025-02-05T06:43:00
7825,89,26,2,909.34,2025-01-28T09:18:00
7826,266,151,2,4308.32,2025-02-27T19:31:00
7827,264,288,1,2079.84,2025-05-11T18:22:00
7828,244,58,1,4007.07,2025-03-14T21:55:00
7829,175,9,1,3518.0,2025-04-06T16:18:00
7830,85,69,3,3825.49,2025-09-13T01:45:00
7831,64,277,2,4259.99,2025-02-18T07:31:00
7832,253,142,2,1290.94,2025-04-25T01:53:00
7833,175,243,2,1663.81,2025-02-16T15:14:00
7834,115,126,3,2605.18,2025-04-30T13:32:00
7835,84,25,1,3142.71,2025-06-21T04:39:00
7836,250,215,3,4996.45,2025-07-26T05:05:00
7837,48,198,4,48.41,2025-01-28T13:10:00
7838,23,264,2,4725.32,2025-03-09T08:00:00
7839,235,194,4,1425.97,2025-06-22T21:52:00
7840,110,200,2,4141.51,2025-03-07T03:48:00
7841,126,171,1,3166.77,2025-02-21T03:15:00
7842,139,132,4,2711.13,2025-10-24T10:01:00
7843,68,289,1,4210.04,2025-09-27T09:32:00
7844,300,132,3,1361.52,2025-10-26T08:47:00
7845,225,73,3,1477.24,2025-03-17T21:57:00
7846,29,148,4,1257.28,2025-06-06T04:43:00
7847,56,230,3,2062.57,2025-10-19T08:37:00
7848,1,135,4,1631.18,2025-05-26T09:16:00
7849,157,216,3,2427.53,2025-09-22T02:51:00
7850,150,163,2,1588.78,2025-09-19T16:34:00
7851,202,153,4,1593.42,2025-01-09T17:39:00
7852,118,13,3,1194.96,2025-02-12T15:59:00
7853,286,151,2,386.82,2025-02-20T07:49:00
7854,224,256,3,1306.86,2025-04-23T19:13:00
7855,250,249,4,4477.81,2025-03-09T23:49:00
7856,226,63,3,1260.54,2025-03-19T05:16:00
7857,60,85,3,4853.6,2025-01-01T22:13:00
7858,270,108,3,3787.56,2025-04-06T09:30:00
7859,71,93,2,4873.41,2025-08-22T04:02:00
7860,228,153,1,2998.0,2025-06-26T06:52:00
7861,245,26,1,4280.21,2025-05-01T05:15:00
7862,286,285,4,4690.34,2025-04-18T07:23:00
7863,82,50,1,2657.23,2025-09-29T06:40:00
7864,236,188,3,3413.52,2025-10-07T05:26:00
7865,116,82,1,2639.6,2025-05-24T11:56:00
7866,52,32,3,3827.28,2025-10-16T22:44:00
7867,297,265,1,2641.21,2025-02-21T19:39:00
7868,139,93,1,2487.1,2025-10-14T07:18:00
7869,70,2,4,1279.76,2025-04-13T21:58:00
7870,164,174,2,4054.73,2025-04-11T06:18:00
7871,289,233,1,3844.42,2025-08-16T04:40:00
7872,7,139,1,4144.11,2025-10-17T21:13:00
7873,95,150,2,1388.77,2025-04-11T20:49:00
7874,17,13,1,3405.04,2025-08-24T07:07:00
7875,193,99,2,673.22,2025-04-27T00:42:00
7876,265,255,2,1532.38,2025-09-03T16:15:00
7877,294,15,4,598.56,2025-03-11T02:58:00
7878,86,188,4,3099.02,2025-10-04T18:27:00
7879,40,26,2,1519.92,2025-02-27T18:32:00
7880,92,242,2,4981.98,2025-05-29T20:39:00
7881,185,91,1,2206.06,2025-10-20T18:40:00
7882,40,183,2,4081.51,2025-10-04T06:05:00
7883,47,290,4,2467.55,2025-10-23T11:06:00
7884,219,208,3,4273.08,2025-01-29T03:56:00
7885,274,25,1,1865.31,2025-06-01T00:48:00
7886,74,239,4,1952.31,2025-03-01T21:55:00
7887,65,114,1,1947.87,2025-06-23T15:23:00
7888,48,13,1,101.64,2025-07-17T13:48:00
7889,276,179,4,4305.4,2025-05-03T18:49:00
7890,244,122,3,4288.78,2025-08-19T20:52:00
7891,47,280,3,4010.64,2025-07-07T16:04:00
7892,199,117,1,4629.79,2025-02-24T05:37:00
7893,40,275,2,964.04,2025-04-10T15:08:00
7894,170,58,1,701.03,2025-09-24T01:47:00
7895,106,45,1,775.38,2025-03-20T07:28:00
7896,13,186,1,1921.05,2025-08-21T21:18:00
7897,286,90,3,804.55,2025-03-20T18:10:00
7898,167,145,4,1686.65,2025-05-23T15:24:00
7899,114,40,4,3011.54,2025-06-02T11:22:00
7900,28,106,4,1694.94,2025-07-01T23:59:00
7901,145,82,2,2207.64,2025-05-11T13:27:00
7902,232,197,2,840.98,2025-09-04T12:04:00
7903,253,156,4,2942.26,2025-05-23T11:48:00
7904,172,86,2,1474.76,2025-03-29T22:02:00
7905,185,219,3,4850.6,2025-03-17T11:18:00
7906,231,273,1,1880.33,2025-04-28T15:05:00
7907,204,21,2,1453.8,2025-09-19T19:31:00
7908,114,36,1,2143.85,2025-03-04T11:24:00
7909,176,121,3,929.72,2025-02-17T03:49:00
7910,163,144,2,1279.06,2025-02-17T11:01:00
7911,134,110,4,3057.27,2025-02-01T22:33:00
7912,213,281,1,2658.46,2025-09-20T07:21:00
7913,270,190,3,4930.25,2025-04-25T13:16:00
7914,165,135,4,1868.42,2025-08-18T18:36:00
7915,248,134,2,1750.46,2025-05-30T05:40:00
7916,298,30,3,1068.92,2025-09-29T05:51:00
7917,245,168,4,2578.08,2025-10-27T15:56:00
7918,271,168,1,4034.96,2025-08-20T16:55:00
7919,221,247,2,3815.99,2025-04-30T01:48:00
7920,262,55,3,2652.05,2025-10-06T12:28:00
7921,268,134,3,546.0,2025-04-24T21:57:00
7922,82,146,4,2414.27,2025-10-16T19:37:00
7923,80,238,3,859.54,2025-08-13T03:01:00
7924,5,76,3,4342.96,2025-07-17T06:20:00
7925,38,287,4,1757.57,2025-01-29T11:13:00
7926,93,22,2,1884.47,2025-04-24T21:40:00
7927,11,34,3,1562.26,2025-07-28T08:50:00
7928,56,247,2,3551.67,2025-05-28T02:42:00
7929,30,109,4,2467.87,2025-09-29T00:24:00
7930,291,114,2,3547.25,2025-09-26T18:17:00
7931,21,37,1,2283.03,2025-04-08T01:48:00
7932,128,249,1,3097.45,2025-02-21T16:16:00
7933,211,235,1,2761.69,2025-09-01T22:14:00
7934,244,111,1,4873.64,2025-10-20T04:28:00
7935,177,87,4,1551.09,2025-01-25T02:02:00
7936,9,205,4,2355.89,2025-01-27T00:38:00
7937,237,29,1,2570.6,2025-03-09T11:40:00
7938,204,196,1,2723.17,2025-07-13T03:00:00
7939,270,174,2,4054.81,2025-01-21T00:31:00
7940,32,11,1,35.82,2025-03-18T04:08:00
7941,60,87,4,2800.22,2025-04-22T19:02:00
7942,164,50,1,613.86,2025-02-09T17:58:00
7943,35,194,2,3949.58,2025-02-27T00:50:00
7944,196,238,4,3081.9,2025-09-02T02:02:00
7945,57,145,3,401.39,2025-08-06T07:53:00
7946,92,287,2,3719.7,2025-07-05T03:36:00
7947,196,132,2,4560.96,2025-06-18T16:40:00
7948,198,63,4,2233.1,2025-02-25T02:57:00
7949,249,11,2,4064.65,2025-05-10T09:50:00
7950,200,162,3,184.99,2025-03-22T22:17:00
7951,81,43,2,4580.09,2025-05-15T20:33:00
7952,26,170,4,4737.91,2025-06-18T00:56:00
7953,88,151,2,4842.11,2025-03-12T13:13:00
7954,126,192,2,1139.59,2025-08-26T20:20:00
7955,148,258,4,2491.2,2025-03-05T21:12:00
7956,79,2,2,88.08,2025-02-16T22:13:00
7957,67,8,2,533.8,2025-09-26T13:28:00
7958,218,237,3,1539.58,2025-03-27T05:32:00
7959,251,284,1,2497.49,2025-04-10T19:03:00
7960,23,154,4,1155.8,2025-10-24T12:26:00
7961,201,230,4,877.3,2025-07-13T01:40:00
7962,81,223,3,4222.49,2025-02-05T20:02:00
7963,132,253,1,4920.0,2025-06-02T19:20:00
7964,132,165,3,3665.88,2025-07-28T11:29:00
7965,237,61,2,3440.89,2025-08-19T03:22:00
7966,102,131,2,2330.62,2025-10-25T06:40:00
7967,90,267,4,3849.92,2025-03-16T05:51:00
7968,240,194,4,4804.52,2025-05-12T23:34:00
7969,149,66,4,4306.91,2025-05-29T13:44:00
7970,157,176,3,3239.96,2025-04-07T23:01:00
7971,15,80,1,4249.7,2025-04-30T12:26:00
7972,168,289,3,1798.72,2025-04-14T17:35:00
7973,89,111,2,4901.2,2025-06-06T10:46:00
7974,126,112,3,1941.05,2025-09-21T05:08:00
7975,269,213,3,3852.97,2025-07-08T09:38:00
7976,77,3,2,4207.17,2025-10-08T00:07:00
7977,104,120,4,3195.95,2025-02-07T19:04:00
7978,188,234,4,4854.22,2025-02-20T09:56:00
7979,46,59,1,1783.9,2025-09-28T03:40:00
7980,195,79,2,350.32,2025-05-05T19:17:00
7981,83,281,1,570.21,2025-10-07T14:56:00
7982,208,173,1,2886.39,2025-02-02T12:12:00
7983,230,187,1,1848.77,2025-08-13T23:38:00
7984,71,62,3,326.45,2025-10-13T02:03:00
7985,16,297,3,1478.03,2025-01-08T01:08:00
7986,236,250,2,695.94,2025-01-08T21:24:00
7987,172,204,3,734.45,2025-07-31T20:12:00
7988,284,5,2,1916.33,2025-04-12T05:55:00
7989,202,228,4,3684.26,2025-02-21T02:19:00
7990,127,41,1,2296.67,2025-04-28T19:32:00
7991,244,41,3,548.35,2025-04-06T13:46:00
7992,150,69,2,158.53,2025-07-12T21:51:00
7993,132,196,1,1410.03,2025-04-12T16:46:00
7994,104,260,1,2068.08,2025-06-03T22:46:00
7995,69,277,3,4541.86,2025-01-27T11:34:00
7996,146,243,3,1234.39,2025-10-26T09:31:00
7997,173,69,4,4006.63,2025-03-24T20:19:00
7998,171,235,2,939.74,2025-05-28T10:22:00
7999,152,14,3,761.13,2025-01-11T00:07:00
8000,154,205,1,552.03,2025-08-31T14:33:00
